Domain Code,Domain,Area Code (M49),Area,Element Code,Element,Item Code (CPC),Item,Year Code,Year,Unit,Value,Flag,Flag Description,Note
"QCL","Crops and livestock products","203","Czechia","5312","Area harvested","01341","Apples","1993","1993","ha","20000","E","Estimated value",""
"QCL","Crops and livestock products","203","Czechia","5412","Yield","01341","Apples","1993","1993","kg/ha","15405.8","E","Estimated value",""
"QCL","Crops and livestock products","203","Czechia","5510","Production","01341","Apples","1993","1993","t","308116","A","Official value",""
"QCL","Crops and livestock products","203","Czechia","5312","Area harvested","01341","Apples","1994","1994","ha","18000","E","Estimated value",""
"QCL","Crops and livestock products","203","Czechia","5412","Yield","01341","Apples","1994","1994","kg/ha","13561","E","Estimated value",""
"QCL","Crops and livestock products","203","Czechia","5510","Production","01341","Apples","1994","1994","t","244098","A","Official value",""
"QCL","Crops and livestock products","203","Czechia","5312","Area harvested","01341","Apples","1995","1995","ha","17000","E","Estimated value",""
"QCL","Crops and livestock products","203","Czechia","5412","Yield","01341","Apples","1995","1995","kg/ha","13266.7","E","Estimated value",""
"QCL","Crops and livestock products","203","Czechia","5510","Production","01341","Apples","1995","1995","t","225534","A","Official value",""
"QCL","Crops and livestock products","203","Czechia","5312","Area harvested","01341","Apples","1996","1996","ha","18000","E","Estimated value",""
"QCL","Crops and livestock products","203","Czechia","5412","Yield","01341","Apples","1996","1996","kg/ha","13968.7","E","Estimated value",""
"QCL","Crops and livestock products","203","Czechia","5510","Production","01341","Apples","1996","1996","t","251436","A","Official value",""
"QCL","Crops and livestock products","203","Czechia","5312","Area harvested","01341","Apples","1997","1997","ha","20000","E","Estimated value",""
"QCL","Crops and livestock products","203","Czechia","5412","Yield","01341","Apples","1997","1997","kg/ha","14550.4","E","Estimated value",""
"QCL","Crops and livestock products","203","Czechia","5510","Production","01341","Apples","1997","1997","t","291007","A","Official value",""
"QCL","Crops and livestock products","203","Czechia","5312","Area harvested","01341","Apples","1998","1998","ha","18000","E","Estimated value",""
"QCL","Crops and livestock products","203","Czechia","5412","Yield","01341","Apples","1998","1998","kg/ha","15730.4","E","Estimated value",""
"QCL","Crops and livestock products","203","Czechia","5510","Production","01341","Apples","1998","1998","t","283148","A","Official value",""
"QCL","Crops and livestock products","203","Czechia","5312","Area harvested","01341","Apples","1999","1999","ha","16000","E","Estimated value",""
"QCL","Crops and livestock products","203","Czechia","5412","Yield","01341","Apples","1999","1999","kg/ha","16505.8","E","Estimated value",""
"QCL","Crops and livestock products","203","Czechia","5510","Production","01341","Apples","1999","1999","t","264092","A","Official value",""
"QCL","Crops and livestock products","203","Czechia","5312","Area harvested","01341","Apples","2000","2000","ha","21000","E","Estimated value",""
"QCL","Crops and livestock products","203","Czechia","5412","Yield","01341","Apples","2000","2000","kg/ha","16163.4","E","Estimated value",""
"QCL","Crops and livestock products","203","Czechia","5510","Production","01341","Apples","2000","2000","t","339431","A","Official value",""
"QCL","Crops and livestock products","203","Czechia","5312","Area harvested","01341","Apples","2001","2001","ha","18000","E","Estimated value",""
"QCL","Crops and livestock products","203","Czechia","5412","Yield","01341","Apples","2001","2001","kg/ha","12286.9","E","Estimated value",""
"QCL","Crops and livestock products","203","Czechia","5510","Production","01341","Apples","2001","2001","t","221164","A","Official value",""
"QCL","Crops and livestock products","203","Czechia","5312","Area harvested","01341","Apples","2002","2002","ha","9260","A","Official value",""
"QCL","Crops and livestock products","203","Czechia","5412","Yield","01341","Apples","2002","2002","kg/ha","17923.8","A","Official value",""
"QCL","Crops and livestock products","203","Czechia","5510","Production","01341","Apples","2002","2002","t","165974","A","Official value",""
"QCL","Crops and livestock products","203","Czechia","5312","Area harvested","01341","Apples","2003","2003","ha","9320","A","Official value",""
"QCL","Crops and livestock products","203","Czechia","5412","Yield","01341","Apples","2003","2003","kg/ha","15091.3","A","Official value",""
"QCL","Crops and livestock products","203","Czechia","5510","Production","01341","Apples","2003","2003","t","140651","A","Official value",""
"QCL","Crops and livestock products","203","Czechia","5312","Area harvested","01341","Apples","2004","2004","ha","9500","A","Official value",""
"QCL","Crops and livestock products","203","Czechia","5412","Yield","01341","Apples","2004","2004","kg/ha","15462.5","A","Official value",""
"QCL","Crops and livestock products","203","Czechia","5510","Production","01341","Apples","2004","2004","t","146894","A","Official value",""
"QCL","Crops and livestock products","203","Czechia","5312","Area harvested","01341","Apples","2005","2005","ha","9540","A","Official value",""
"QCL","Crops and livestock products","203","Czechia","5412","Yield","01341","Apples","2005","2005","kg/ha","14056","A","Official value",""
"QCL","Crops and livestock products","203","Czechia","5510","Production","01341","Apples","2005","2005","t","134094","A","Official value",""
"QCL","Crops and livestock products","203","Czechia","5312","Area harvested","01341","Apples","2006","2006","ha","9290","A","Official value",""
"QCL","Crops and livestock products","203","Czechia","5412","Yield","01341","Apples","2006","2006","kg/ha","14680.8","A","Official value",""
"QCL","Crops and livestock products","203","Czechia","5510","Production","01341","Apples","2006","2006","t","136385","A","Official value",""
"QCL","Crops and livestock products","203","Czechia","5312","Area harvested","01341","Apples","2007","2007","ha","9100","A","Official value",""
"QCL","Crops and livestock products","203","Czechia","5412","Yield","01341","Apples","2007","2007","kg/ha","12726.8","A","Official value",""
"QCL","Crops and livestock products","203","Czechia","5510","Production","01341","Apples","2007","2007","t","115814","A","Official value",""
"QCL","Crops and livestock products","203","Czechia","5312","Area harvested","01341","Apples","2008","2008","ha","9040","A","Official value",""
"QCL","Crops and livestock products","203","Czechia","5412","Yield","01341","Apples","2008","2008","kg/ha","17042.4","A","Official value",""
"QCL","Crops and livestock products","203","Czechia","5510","Production","01341","Apples","2008","2008","t","154063","A","Official value",""
"QCL","Crops and livestock products","203","Czechia","5312","Area harvested","01341","Apples","2009","2009","ha","8990","A","Official value",""
"QCL","Crops and livestock products","203","Czechia","5412","Yield","01341","Apples","2009","2009","kg/ha","15794.9","A","Official value",""
"QCL","Crops and livestock products","203","Czechia","5510","Production","01341","Apples","2009","2009","t","141996","A","Official value",""
"QCL","Crops and livestock products","203","Czechia","5312","Area harvested","01341","Apples","2010","2010","ha","9030","A","Official value",""
"QCL","Crops and livestock products","203","Czechia","5412","Yield","01341","Apples","2010","2010","kg/ha","11052.2","A","Official value",""
"QCL","Crops and livestock products","203","Czechia","5510","Production","01341","Apples","2010","2010","t","99801","A","Official value",""
"QCL","Crops and livestock products","203","Czechia","5312","Area harvested","01341","Apples","2011","2011","ha","9299","A","Official value",""
"QCL","Crops and livestock products","203","Czechia","5412","Yield","01341","Apples","2011","2011","kg/ha","9097.1","A","Official value",""
"QCL","Crops and livestock products","203","Czechia","5510","Production","01341","Apples","2011","2011","t","84594","A","Official value",""
"QCL","Crops and livestock products","203","Czechia","5312","Area harvested","01341","Apples","2012","2012","ha","9367","A","Official value",""
"QCL","Crops and livestock products","203","Czechia","5412","Yield","01341","Apples","2012","2012","kg/ha","12673.1","A","Official value",""
"QCL","Crops and livestock products","203","Czechia","5510","Production","01341","Apples","2012","2012","t","118709","A","Official value",""
"QCL","Crops and livestock products","203","Czechia","5312","Area harvested","01341","Apples","2013","2013","ha","8982","A","Official value",""
"QCL","Crops and livestock products","203","Czechia","5412","Yield","01341","Apples","2013","2013","kg/ha","13560.8","A","Official value",""
"QCL","Crops and livestock products","203","Czechia","5510","Production","01341","Apples","2013","2013","t","121803","A","Official value",""
"QCL","Crops and livestock products","203","Czechia","5312","Area harvested","01341","Apples","2014","2014","ha","8962","A","Official value",""
"QCL","Crops and livestock products","203","Czechia","5412","Yield","01341","Apples","2014","2014","kg/ha","14315.1","A","Official value",""
"QCL","Crops and livestock products","203","Czechia","5510","Production","01341","Apples","2014","2014","t","128292","A","Official value",""
"QCL","Crops and livestock products","203","Czechia","5312","Area harvested","01341","Apples","2015","2015","ha","8309","A","Official value",""
"QCL","Crops and livestock products","203","Czechia","5412","Yield","01341","Apples","2015","2015","kg/ha","18697.9","A","Official value",""
"QCL","Crops and livestock products","203","Czechia","5510","Production","01341","Apples","2015","2015","t","155361","A","Official value",""
"QCL","Crops and livestock products","203","Czechia","5312","Area harvested","01341","Apples","2016","2016","ha","7491","A","Official value",""
"QCL","Crops and livestock products","203","Czechia","5412","Yield","01341","Apples","2016","2016","kg/ha","16686.3","A","Official value",""
"QCL","Crops and livestock products","203","Czechia","5510","Production","01341","Apples","2016","2016","t","124997","A","Official value",""
"QCL","Crops and livestock products","203","Czechia","5312","Area harvested","01341","Apples","2017","2017","ha","7349","A","Official value",""
"QCL","Crops and livestock products","203","Czechia","5412","Yield","01341","Apples","2017","2017","kg/ha","14325.7","A","Official value",""
"QCL","Crops and livestock products","203","Czechia","5510","Production","01341","Apples","2017","2017","t","105279.59","A","Official value",""
"QCL","Crops and livestock products","203","Czechia","5312","Area harvested","01341","Apples","2018","2018","ha","7250","A","Official value",""
"QCL","Crops and livestock products","203","Czechia","5412","Yield","01341","Apples","2018","2018","kg/ha","20900.7","A","Official value",""
"QCL","Crops and livestock products","203","Czechia","5510","Production","01341","Apples","2018","2018","t","151530","A","Official value",""
"QCL","Crops and livestock products","203","Czechia","5312","Area harvested","01341","Apples","2019","2019","ha","7320","A","Official value",""
"QCL","Crops and livestock products","203","Czechia","5412","Yield","01341","Apples","2019","2019","kg/ha","13592.9","A","Official value",""
"QCL","Crops and livestock products","203","Czechia","5510","Production","01341","Apples","2019","2019","t","99500","A","Official value",""
"QCL","Crops and livestock products","203","Czechia","5312","Area harvested","01341","Apples","2020","2020","ha","7190","A","Official value",""
"QCL","Crops and livestock products","203","Czechia","5412","Yield","01341","Apples","2020","2020","kg/ha","16076.5","A","Official value",""
"QCL","Crops and livestock products","203","Czechia","5510","Production","01341","Apples","2020","2020","t","115590","A","Official value",""
"QCL","Crops and livestock products","203","Czechia","5312","Area harvested","01341","Apples","2021","2021","ha","7110","A","Official value",""
"QCL","Crops and livestock products","203","Czechia","5412","Yield","01341","Apples","2021","2021","kg/ha","16168.8","A","Official value",""
"QCL","Crops and livestock products","203","Czechia","5510","Production","01341","Apples","2021","2021","t","114960","A","Official value",""
"QCL","Crops and livestock products","203","Czechia","5312","Area harvested","01341","Apples","2022","2022","ha","7010","A","Official value",""
"QCL","Crops and livestock products","203","Czechia","5412","Yield","01341","Apples","2022","2022","kg/ha","18737.5","A","Official value",""
"QCL","Crops and livestock products","203","Czechia","5510","Production","01341","Apples","2022","2022","t","131350","A","Official value",""
"QCL","Crops and livestock products","203","Czechia","5312","Area harvested","01341","Apples","2023","2023","ha","6450","A","Official value",""
"QCL","Crops and livestock products","203","Czechia","5412","Yield","01341","Apples","2023","2023","kg/ha","15662","A","Official value",""
"QCL","Crops and livestock products","203","Czechia","5510","Production","01341","Apples","2023","2023","t","101020","A","Official value",""
"QCL","Crops and livestock products","203","Czechia","5312","Area harvested","01341","Apples","2024","2024","ha","5440","A","Official value",""
"QCL","Crops and livestock products","203","Czechia","5412","Yield","01341","Apples","2024","2024","kg/ha","6891.5","A","Official value",""
"QCL","Crops and livestock products","203","Czechia","5510","Production","01341","Apples","2024","2024","t","37490","A","Official value",""
"QCL","Crops and livestock products","203","Czechia","5312","Area harvested","01343","Apricots","1993","1993","ha","1767","I","Value imputed by a receiving agency",""
"QCL","Crops and livestock products","203","Czechia","5412","Yield","01343","Apricots","1993","1993","kg/ha","3881.7","E","Estimated value",""
"QCL","Crops and livestock products","203","Czechia","5510","Production","01343","Apricots","1993","1993","t","6859","A","Official value",""
"QCL","Crops and livestock products","203","Czechia","5312","Area harvested","01343","Apricots","1994","1994","ha","1569","I","Value imputed by a receiving agency",""
"QCL","Crops and livestock products","203","Czechia","5412","Yield","01343","Apricots","1994","1994","kg/ha","3697.6","E","Estimated value",""
"QCL","Crops and livestock products","203","Czechia","5510","Production","01343","Apricots","1994","1994","t","5800","A","Official value",""
"QCL","Crops and livestock products","203","Czechia","5312","Area harvested","01343","Apricots","1995","1995","ha","3150","E","Estimated value",""
"QCL","Crops and livestock products","203","Czechia","5412","Yield","01343","Apricots","1995","1995","kg/ha","4433","E","Estimated value",""
"QCL","Crops and livestock products","203","Czechia","5510","Production","01343","Apricots","1995","1995","t","13964","A","Official value",""
"QCL","Crops and livestock products","203","Czechia","5312","Area harvested","01343","Apricots","1996","1996","ha","3100","E","Estimated value",""
"QCL","Crops and livestock products","203","Czechia","5412","Yield","01343","Apricots","1996","1996","kg/ha","5143.2","E","Estimated value",""
"QCL","Crops and livestock products","203","Czechia","5510","Production","01343","Apricots","1996","1996","t","15944","A","Official value",""
"QCL","Crops and livestock products","203","Czechia","5312","Area harvested","01343","Apricots","1997","1997","ha","3000","E","Estimated value",""
"QCL","Crops and livestock products","203","Czechia","5412","Yield","01343","Apricots","1997","1997","kg/ha","2620","E","Estimated value",""
"QCL","Crops and livestock products","203","Czechia","5510","Production","01343","Apricots","1997","1997","t","7860","A","Official value",""
"QCL","Crops and livestock products","203","Czechia","5312","Area harvested","01343","Apricots","1998","1998","ha","2960","A","Official value",""
"QCL","Crops and livestock products","203","Czechia","5412","Yield","01343","Apricots","1998","1998","kg/ha","1863.2","A","Official value",""
"QCL","Crops and livestock products","203","Czechia","5510","Production","01343","Apricots","1998","1998","t","5515","A","Official value",""
"QCL","Crops and livestock products","203","Czechia","5312","Area harvested","01343","Apricots","1999","1999","ha","2870","A","Official value",""
"QCL","Crops and livestock products","203","Czechia","5412","Yield","01343","Apricots","1999","1999","kg/ha","3537.6","A","Official value",""
"QCL","Crops and livestock products","203","Czechia","5510","Production","01343","Apricots","1999","1999","t","10153","A","Official value",""
"QCL","Crops and livestock products","203","Czechia","5312","Area harvested","01343","Apricots","2000","2000","ha","2770","A","Official value",""
"QCL","Crops and livestock products","203","Czechia","5412","Yield","01343","Apricots","2000","2000","kg/ha","2687.7","A","Official value",""
"QCL","Crops and livestock products","203","Czechia","5510","Production","01343","Apricots","2000","2000","t","7445","A","Official value",""
"QCL","Crops and livestock products","203","Czechia","5312","Area harvested","01343","Apricots","2001","2001","ha","2560","A","Official value",""
"QCL","Crops and livestock products","203","Czechia","5412","Yield","01343","Apricots","2001","2001","kg/ha","1460.2","A","Official value",""
"QCL","Crops and livestock products","203","Czechia","5510","Production","01343","Apricots","2001","2001","t","3738","A","Official value",""
"QCL","Crops and livestock products","203","Czechia","5312","Area harvested","01343","Apricots","2002","2002","ha","1780","A","Official value",""
"QCL","Crops and livestock products","203","Czechia","5412","Yield","01343","Apricots","2002","2002","kg/ha","817.4","A","Official value",""
"QCL","Crops and livestock products","203","Czechia","5510","Production","01343","Apricots","2002","2002","t","1455","A","Official value",""
"QCL","Crops and livestock products","203","Czechia","5312","Area harvested","01343","Apricots","2003","2003","ha","1730","A","Official value",""
"QCL","Crops and livestock products","203","Czechia","5412","Yield","01343","Apricots","2003","2003","kg/ha","2481.5","A","Official value",""
"QCL","Crops and livestock products","203","Czechia","5510","Production","01343","Apricots","2003","2003","t","4293","A","Official value",""
"QCL","Crops and livestock products","203","Czechia","5312","Area harvested","01343","Apricots","2004","2004","ha","1870","A","Official value",""
"QCL","Crops and livestock products","203","Czechia","5412","Yield","01343","Apricots","2004","2004","kg/ha","2932.6","A","Official value",""
"QCL","Crops and livestock products","203","Czechia","5510","Production","01343","Apricots","2004","2004","t","5484","A","Official value",""
"QCL","Crops and livestock products","203","Czechia","5312","Area harvested","01343","Apricots","2005","2005","ha","1820","A","Official value",""
"QCL","Crops and livestock products","203","Czechia","5412","Yield","01343","Apricots","2005","2005","kg/ha","1304.4","A","Official value",""
"QCL","Crops and livestock products","203","Czechia","5510","Production","01343","Apricots","2005","2005","t","2374","A","Official value",""
"QCL","Crops and livestock products","203","Czechia","5312","Area harvested","01343","Apricots","2006","2006","ha","1730","A","Official value",""
"QCL","Crops and livestock products","203","Czechia","5412","Yield","01343","Apricots","2006","2006","kg/ha","1745.7","A","Official value",""
"QCL","Crops and livestock products","203","Czechia","5510","Production","01343","Apricots","2006","2006","t","3020","A","Official value",""
"QCL","Crops and livestock products","203","Czechia","5312","Area harvested","01343","Apricots","2007","2007","ha","1530","A","Official value",""
"QCL","Crops and livestock products","203","Czechia","5412","Yield","01343","Apricots","2007","2007","kg/ha","3556.2","A","Official value",""
"QCL","Crops and livestock products","203","Czechia","5510","Production","01343","Apricots","2007","2007","t","5441","A","Official value",""
"QCL","Crops and livestock products","203","Czechia","5312","Area harvested","01343","Apricots","2008","2008","ha","1430","A","Official value",""
"QCL","Crops and livestock products","203","Czechia","5412","Yield","01343","Apricots","2008","2008","kg/ha","2002.8","A","Official value",""
"QCL","Crops and livestock products","203","Czechia","5510","Production","01343","Apricots","2008","2008","t","2864","A","Official value",""
"QCL","Crops and livestock products","203","Czechia","5312","Area harvested","01343","Apricots","2009","2009","ha","1410","A","Official value",""
"QCL","Crops and livestock products","203","Czechia","5412","Yield","01343","Apricots","2009","2009","kg/ha","3510.6","A","Official value",""
"QCL","Crops and livestock products","203","Czechia","5510","Production","01343","Apricots","2009","2009","t","4950","A","Official value",""
"QCL","Crops and livestock products","203","Czechia","5312","Area harvested","01343","Apricots","2010","2010","ha","1240","A","Official value",""
"QCL","Crops and livestock products","203","Czechia","5412","Yield","01343","Apricots","2010","2010","kg/ha","1075","A","Official value",""
"QCL","Crops and livestock products","203","Czechia","5510","Production","01343","Apricots","2010","2010","t","1333","A","Official value",""
"QCL","Crops and livestock products","203","Czechia","5312","Area harvested","01343","Apricots","2011","2011","ha","1276","A","Official value",""
"QCL","Crops and livestock products","203","Czechia","5412","Yield","01343","Apricots","2011","2011","kg/ha","1898.1","A","Official value",""
"QCL","Crops and livestock products","203","Czechia","5510","Production","01343","Apricots","2011","2011","t","2422","A","Official value",""
"QCL","Crops and livestock products","203","Czechia","5312","Area harvested","01343","Apricots","2012","2012","ha","1295","A","Official value",""
"QCL","Crops and livestock products","203","Czechia","5412","Yield","01343","Apricots","2012","2012","kg/ha","796.9","A","Official value",""
"QCL","Crops and livestock products","203","Czechia","5510","Production","01343","Apricots","2012","2012","t","1032","A","Official value",""
"QCL","Crops and livestock products","203","Czechia","5312","Area harvested","01343","Apricots","2013","2013","ha","1201","A","Official value",""
"QCL","Crops and livestock products","203","Czechia","5412","Yield","01343","Apricots","2013","2013","kg/ha","3323.9","A","Official value",""
"QCL","Crops and livestock products","203","Czechia","5510","Production","01343","Apricots","2013","2013","t","3992","A","Official value",""
"QCL","Crops and livestock products","203","Czechia","5312","Area harvested","01343","Apricots","2014","2014","ha","1211","A","Official value",""
"QCL","Crops and livestock products","203","Czechia","5412","Yield","01343","Apricots","2014","2014","kg/ha","1913.3","A","Official value",""
"QCL","Crops and livestock products","203","Czechia","5510","Production","01343","Apricots","2014","2014","t","2317","A","Official value",""
"QCL","Crops and livestock products","203","Czechia","5312","Area harvested","01343","Apricots","2015","2015","ha","1155","A","Official value",""
"QCL","Crops and livestock products","203","Czechia","5412","Yield","01343","Apricots","2015","2015","kg/ha","1937.7","A","Official value",""
"QCL","Crops and livestock products","203","Czechia","5510","Production","01343","Apricots","2015","2015","t","2238","A","Official value",""
"QCL","Crops and livestock products","203","Czechia","5312","Area harvested","01343","Apricots","2016","2016","ha","1151","A","Official value",""
"QCL","Crops and livestock products","203","Czechia","5412","Yield","01343","Apricots","2016","2016","kg/ha","679.4","A","Official value",""
"QCL","Crops and livestock products","203","Czechia","5510","Production","01343","Apricots","2016","2016","t","782","A","Official value",""
"QCL","Crops and livestock products","203","Czechia","5312","Area harvested","01343","Apricots","2017","2017","ha","1104","A","Official value",""
"QCL","Crops and livestock products","203","Czechia","5412","Yield","01343","Apricots","2017","2017","kg/ha","923","A","Official value",""
"QCL","Crops and livestock products","203","Czechia","5510","Production","01343","Apricots","2017","2017","t","1019.01","A","Official value",""
"QCL","Crops and livestock products","203","Czechia","5312","Area harvested","01343","Apricots","2018","2018","ha","1150","A","Official value",""
"QCL","Crops and livestock products","203","Czechia","5412","Yield","01343","Apricots","2018","2018","kg/ha","1965.2","A","Official value",""
"QCL","Crops and livestock products","203","Czechia","5510","Production","01343","Apricots","2018","2018","t","2260","A","Official value",""
"QCL","Crops and livestock products","203","Czechia","5312","Area harvested","01343","Apricots","2019","2019","ha","1150","A","Official value",""
"QCL","Crops and livestock products","203","Czechia","5412","Yield","01343","Apricots","2019","2019","kg/ha","2495.7","A","Official value",""
"QCL","Crops and livestock products","203","Czechia","5510","Production","01343","Apricots","2019","2019","t","2870","A","Official value",""
"QCL","Crops and livestock products","203","Czechia","5312","Area harvested","01343","Apricots","2020","2020","ha","1170","A","Official value",""
"QCL","Crops and livestock products","203","Czechia","5412","Yield","01343","Apricots","2020","2020","kg/ha","504.3","A","Official value",""
"QCL","Crops and livestock products","203","Czechia","5510","Production","01343","Apricots","2020","2020","t","590","A","Official value",""
"QCL","Crops and livestock products","203","Czechia","5312","Area harvested","01343","Apricots","2021","2021","ha","1120","A","Official value",""
"QCL","Crops and livestock products","203","Czechia","5412","Yield","01343","Apricots","2021","2021","kg/ha","1660.7","A","Official value",""
"QCL","Crops and livestock products","203","Czechia","5510","Production","01343","Apricots","2021","2021","t","1860","A","Official value",""
"QCL","Crops and livestock products","203","Czechia","5312","Area harvested","01343","Apricots","2022","2022","ha","1110","A","Official value",""
"QCL","Crops and livestock products","203","Czechia","5412","Yield","01343","Apricots","2022","2022","kg/ha","1378.4","A","Official value",""
"QCL","Crops and livestock products","203","Czechia","5510","Production","01343","Apricots","2022","2022","t","1530","A","Official value",""
"QCL","Crops and livestock products","203","Czechia","5312","Area harvested","01343","Apricots","2023","2023","ha","1000","A","Official value",""
"QCL","Crops and livestock products","203","Czechia","5412","Yield","01343","Apricots","2023","2023","kg/ha","710","A","Official value",""
"QCL","Crops and livestock products","203","Czechia","5510","Production","01343","Apricots","2023","2023","t","710","A","Official value",""
"QCL","Crops and livestock products","203","Czechia","5312","Area harvested","01343","Apricots","2024","2024","ha","830","A","Official value",""
"QCL","Crops and livestock products","203","Czechia","5412","Yield","01343","Apricots","2024","2024","kg/ha","1168.7","A","Official value",""
"QCL","Crops and livestock products","203","Czechia","5510","Production","01343","Apricots","2024","2024","t","970","A","Official value",""
"QCL","Crops and livestock products","203","Czechia","5312","Area harvested","01216","Artichokes","2018","2018","ha","0","A","Official value",""
"QCL","Crops and livestock products","203","Czechia","5510","Production","01216","Artichokes","2018","2018","t","0","A","Official value",""
"QCL","Crops and livestock products","203","Czechia","5312","Area harvested","01216","Artichokes","2019","2019","ha","0","A","Official value",""
"QCL","Crops and livestock products","203","Czechia","5510","Production","01216","Artichokes","2019","2019","t","0","A","Official value",""
"QCL","Crops and livestock products","203","Czechia","5312","Area harvested","01216","Artichokes","2020","2020","ha","0","A","Official value",""
"QCL","Crops and livestock products","203","Czechia","5510","Production","01216","Artichokes","2020","2020","t","0","A","Official value",""
"QCL","Crops and livestock products","203","Czechia","5312","Area harvested","01216","Artichokes","2021","2021","ha","0","A","Official value",""
"QCL","Crops and livestock products","203","Czechia","5510","Production","01216","Artichokes","2021","2021","t","0","A","Official value",""
"QCL","Crops and livestock products","203","Czechia","5312","Area harvested","01216","Artichokes","2022","2022","ha","0","A","Official value",""
"QCL","Crops and livestock products","203","Czechia","5510","Production","01216","Artichokes","2022","2022","t","0","A","Official value",""
"QCL","Crops and livestock products","203","Czechia","5312","Area harvested","01216","Artichokes","2023","2023","ha","0","A","Official value",""
"QCL","Crops and livestock products","203","Czechia","5510","Production","01216","Artichokes","2023","2023","t","0","A","Official value",""
"QCL","Crops and livestock products","203","Czechia","5312","Area harvested","01216","Artichokes","2024","2024","ha","0","A","Official value",""
"QCL","Crops and livestock products","203","Czechia","5510","Production","01216","Artichokes","2024","2024","t","0","A","Official value",""
"QCL","Crops and livestock products","203","Czechia","5312","Area harvested","01211","Asparagus","1993","1993","ha","","M","Missing value; data cannot exist",""
"QCL","Crops and livestock products","203","Czechia","5510","Production","01211","Asparagus","1993","1993","t","","M","Missing value; data cannot exist",""
"QCL","Crops and livestock products","203","Czechia","5312","Area harvested","01211","Asparagus","1994","1994","ha","","M","Missing value; data cannot exist",""
"QCL","Crops and livestock products","203","Czechia","5510","Production","01211","Asparagus","1994","1994","t","","M","Missing value; data cannot exist",""
"QCL","Crops and livestock products","203","Czechia","5312","Area harvested","01211","Asparagus","1995","1995","ha","","M","Missing value; data cannot exist",""
"QCL","Crops and livestock products","203","Czechia","5510","Production","01211","Asparagus","1995","1995","t","","M","Missing value; data cannot exist",""
"QCL","Crops and livestock products","203","Czechia","5312","Area harvested","01211","Asparagus","1996","1996","ha","3","E","Estimated value",""
"QCL","Crops and livestock products","203","Czechia","5412","Yield","01211","Asparagus","1996","1996","kg/ha","16666.7","E","Estimated value",""
"QCL","Crops and livestock products","203","Czechia","5510","Production","01211","Asparagus","1996","1996","t","50","E","Estimated value",""
"QCL","Crops and livestock products","203","Czechia","5312","Area harvested","01211","Asparagus","1997","1997","ha","10","E","Estimated value",""
"QCL","Crops and livestock products","203","Czechia","5412","Yield","01211","Asparagus","1997","1997","kg/ha","16000","E","Estimated value",""
"QCL","Crops and livestock products","203","Czechia","5510","Production","01211","Asparagus","1997","1997","t","160","E","Estimated value",""
"QCL","Crops and livestock products","203","Czechia","5312","Area harvested","01211","Asparagus","1998","1998","ha","15","E","Estimated value",""
"QCL","Crops and livestock products","203","Czechia","5412","Yield","01211","Asparagus","1998","1998","kg/ha","21333.3","E","Estimated value",""
"QCL","Crops and livestock products","203","Czechia","5510","Production","01211","Asparagus","1998","1998","t","320","E","Estimated value",""
"QCL","Crops and livestock products","203","Czechia","5312","Area harvested","01211","Asparagus","1999","1999","ha","160","E","Estimated value",""
"QCL","Crops and livestock products","203","Czechia","5412","Yield","01211","Asparagus","1999","1999","kg/ha","7812.5","E","Estimated value",""
"QCL","Crops and livestock products","203","Czechia","5510","Production","01211","Asparagus","1999","1999","t","1250","E","Estimated value",""
"QCL","Crops and livestock products","203","Czechia","5312","Area harvested","01211","Asparagus","2000","2000","ha","150","E","Estimated value",""
"QCL","Crops and livestock products","203","Czechia","5412","Yield","01211","Asparagus","2000","2000","kg/ha","7333.3","E","Estimated value",""
"QCL","Crops and livestock products","203","Czechia","5510","Production","01211","Asparagus","2000","2000","t","1100","E","Estimated value",""
"QCL","Crops and livestock products","203","Czechia","5312","Area harvested","01211","Asparagus","2001","2001","ha","165","E","Estimated value",""
"QCL","Crops and livestock products","203","Czechia","5412","Yield","01211","Asparagus","2001","2001","kg/ha","7878.8","E","Estimated value",""
"QCL","Crops and livestock products","203","Czechia","5510","Production","01211","Asparagus","2001","2001","t","1300","E","Estimated value",""
"QCL","Crops and livestock products","203","Czechia","5312","Area harvested","01211","Asparagus","2002","2002","ha","150","E","Estimated value",""
"QCL","Crops and livestock products","203","Czechia","5412","Yield","01211","Asparagus","2002","2002","kg/ha","7333.3","E","Estimated value",""
"QCL","Crops and livestock products","203","Czechia","5510","Production","01211","Asparagus","2002","2002","t","1100","E","Estimated value",""
"QCL","Crops and livestock products","203","Czechia","5312","Area harvested","01211","Asparagus","2003","2003","ha","160","E","Estimated value",""
"QCL","Crops and livestock products","203","Czechia","5412","Yield","01211","Asparagus","2003","2003","kg/ha","7500","E","Estimated value",""
"QCL","Crops and livestock products","203","Czechia","5510","Production","01211","Asparagus","2003","2003","t","1200","E","Estimated value",""
"QCL","Crops and livestock products","203","Czechia","5312","Area harvested","01211","Asparagus","2004","2004","ha","155","A","Official value",""
"QCL","Crops and livestock products","203","Czechia","5412","Yield","01211","Asparagus","2004","2004","kg/ha","7741.9","A","Official value",""
"QCL","Crops and livestock products","203","Czechia","5510","Production","01211","Asparagus","2004","2004","t","1200","A","Official value",""
"QCL","Crops and livestock products","203","Czechia","5312","Area harvested","01211","Asparagus","2005","2005","ha","155","A","Official value",""
"QCL","Crops and livestock products","203","Czechia","5412","Yield","01211","Asparagus","2005","2005","kg/ha","7741.9","A","Official value",""
"QCL","Crops and livestock products","203","Czechia","5510","Production","01211","Asparagus","2005","2005","t","1200","A","Official value",""
"QCL","Crops and livestock products","203","Czechia","5312","Area harvested","01211","Asparagus","2006","2006","ha","100","A","Official value",""
"QCL","Crops and livestock products","203","Czechia","5412","Yield","01211","Asparagus","2006","2006","kg/ha","8000","A","Official value",""
"QCL","Crops and livestock products","203","Czechia","5510","Production","01211","Asparagus","2006","2006","t","800","A","Official value",""
"QCL","Crops and livestock products","203","Czechia","5312","Area harvested","01211","Asparagus","2007","2007","ha","120","E","Estimated value",""
"QCL","Crops and livestock products","203","Czechia","5412","Yield","01211","Asparagus","2007","2007","kg/ha","7500","E","Estimated value",""
"QCL","Crops and livestock products","203","Czechia","5510","Production","01211","Asparagus","2007","2007","t","900","E","Estimated value",""
"QCL","Crops and livestock products","203","Czechia","5312","Area harvested","01211","Asparagus","2008","2008","ha","100","E","Estimated value",""
"QCL","Crops and livestock products","203","Czechia","5412","Yield","01211","Asparagus","2008","2008","kg/ha","8000","E","Estimated value",""
"QCL","Crops and livestock products","203","Czechia","5510","Production","01211","Asparagus","2008","2008","t","800","E","Estimated value",""
"QCL","Crops and livestock products","203","Czechia","5312","Area harvested","01211","Asparagus","2009","2009","ha","90","E","Estimated value",""
"QCL","Crops and livestock products","203","Czechia","5412","Yield","01211","Asparagus","2009","2009","kg/ha","7777.8","E","Estimated value",""
"QCL","Crops and livestock products","203","Czechia","5510","Production","01211","Asparagus","2009","2009","t","700","E","Estimated value",""
"QCL","Crops and livestock products","203","Czechia","5312","Area harvested","01211","Asparagus","2010","2010","ha","110","E","Estimated value",""
"QCL","Crops and livestock products","203","Czechia","5412","Yield","01211","Asparagus","2010","2010","kg/ha","6818.2","E","Estimated value",""
"QCL","Crops and livestock products","203","Czechia","5510","Production","01211","Asparagus","2010","2010","t","750","E","Estimated value",""
"QCL","Crops and livestock products","203","Czechia","5312","Area harvested","01211","Asparagus","2011","2011","ha","120","E","Estimated value",""
"QCL","Crops and livestock products","203","Czechia","5412","Yield","01211","Asparagus","2011","2011","kg/ha","6666.7","E","Estimated value",""
"QCL","Crops and livestock products","203","Czechia","5510","Production","01211","Asparagus","2011","2011","t","800","E","Estimated value",""
"QCL","Crops and livestock products","203","Czechia","5312","Area harvested","01211","Asparagus","2012","2012","ha","125","E","Estimated value",""
"QCL","Crops and livestock products","203","Czechia","5412","Yield","01211","Asparagus","2012","2012","kg/ha","6000","E","Estimated value",""
"QCL","Crops and livestock products","203","Czechia","5510","Production","01211","Asparagus","2012","2012","t","750","E","Estimated value",""
"QCL","Crops and livestock products","203","Czechia","5312","Area harvested","01211","Asparagus","2013","2013","ha","122","I","Value imputed by a receiving agency",""
"QCL","Crops and livestock products","203","Czechia","5412","Yield","01211","Asparagus","2013","2013","kg/ha","6017.1","E","Estimated value",""
"QCL","Crops and livestock products","203","Czechia","5510","Production","01211","Asparagus","2013","2013","t","736.5","I","Value imputed by a receiving agency",""
"QCL","Crops and livestock products","203","Czechia","5312","Area harvested","01211","Asparagus","2014","2014","ha","122","I","Value imputed by a receiving agency",""
"QCL","Crops and livestock products","203","Czechia","5412","Yield","01211","Asparagus","2014","2014","kg/ha","5959","E","Estimated value",""
"QCL","Crops and livestock products","203","Czechia","5510","Production","01211","Asparagus","2014","2014","t","729.31","I","Value imputed by a receiving agency",""
"QCL","Crops and livestock products","203","Czechia","5312","Area harvested","01211","Asparagus","2015","2015","ha","115","I","Value imputed by a receiving agency",""
"QCL","Crops and livestock products","203","Czechia","5412","Yield","01211","Asparagus","2015","2015","kg/ha","6142.9","E","Estimated value",""
"QCL","Crops and livestock products","203","Czechia","5510","Production","01211","Asparagus","2015","2015","t","707.91","I","Value imputed by a receiving agency",""
"QCL","Crops and livestock products","203","Czechia","5312","Area harvested","01211","Asparagus","2016","2016","ha","106","I","Value imputed by a receiving agency",""
"QCL","Crops and livestock products","203","Czechia","5412","Yield","01211","Asparagus","2016","2016","kg/ha","6276.2","E","Estimated value",""
"QCL","Crops and livestock products","203","Czechia","5510","Production","01211","Asparagus","2016","2016","t","664.7","I","Value imputed by a receiving agency",""
"QCL","Crops and livestock products","203","Czechia","5312","Area harvested","01211","Asparagus","2017","2017","ha","103","I","Value imputed by a receiving agency",""
"QCL","Crops and livestock products","203","Czechia","5412","Yield","01211","Asparagus","2017","2017","kg/ha","6189.2","E","Estimated value",""
"QCL","Crops and livestock products","203","Czechia","5510","Production","01211","Asparagus","2017","2017","t","635.72","I","Value imputed by a receiving agency",""
"QCL","Crops and livestock products","203","Czechia","5312","Area harvested","01211","Asparagus","2023","2023","ha","210","A","Official value",""
"QCL","Crops and livestock products","203","Czechia","5412","Yield","01211","Asparagus","2023","2023","kg/ha","2428.6","A","Official value",""
"QCL","Crops and livestock products","203","Czechia","5510","Production","01211","Asparagus","2023","2023","t","510","A","Official value",""
"QCL","Crops and livestock products","203","Czechia","5312","Area harvested","01211","Asparagus","2024","2024","ha","200","A","Official value",""
"QCL","Crops and livestock products","203","Czechia","5412","Yield","01211","Asparagus","2024","2024","kg/ha","1700","A","Official value",""
"QCL","Crops and livestock products","203","Czechia","5510","Production","01211","Asparagus","2024","2024","t","340","A","Official value",""
"QCL","Crops and livestock products","203","Czechia","5312","Area harvested","01311","Avocados","2018","2018","ha","0","A","Official value",""
"QCL","Crops and livestock products","203","Czechia","5510","Production","01311","Avocados","2018","2018","t","0","A","Official value",""
"QCL","Crops and livestock products","203","Czechia","5312","Area harvested","01311","Avocados","2019","2019","ha","0","A","Official value",""
"QCL","Crops and livestock products","203","Czechia","5510","Production","01311","Avocados","2019","2019","t","0","A","Official value",""
"QCL","Crops and livestock products","203","Czechia","5312","Area harvested","01311","Avocados","2020","2020","ha","0","A","Official value",""
"QCL","Crops and livestock products","203","Czechia","5510","Production","01311","Avocados","2020","2020","t","0","A","Official value",""
"QCL","Crops and livestock products","203","Czechia","5312","Area harvested","01311","Avocados","2021","2021","ha","0","A","Official value",""
"QCL","Crops and livestock products","203","Czechia","5510","Production","01311","Avocados","2021","2021","t","0","A","Official value",""
"QCL","Crops and livestock products","203","Czechia","5312","Area harvested","01311","Avocados","2022","2022","ha","0","A","Official value",""
"QCL","Crops and livestock products","203","Czechia","5510","Production","01311","Avocados","2022","2022","t","0","A","Official value",""
"QCL","Crops and livestock products","203","Czechia","5312","Area harvested","01311","Avocados","2023","2023","ha","0","A","Official value",""
"QCL","Crops and livestock products","203","Czechia","5510","Production","01311","Avocados","2023","2023","t","0","A","Official value",""
"QCL","Crops and livestock products","203","Czechia","5312","Area harvested","01311","Avocados","2024","2024","ha","0","A","Official value",""
"QCL","Crops and livestock products","203","Czechia","5510","Production","01311","Avocados","2024","2024","t","0","A","Official value",""
"QCL","Crops and livestock products","203","Czechia","5312","Area harvested","01312","Bananas","2018","2018","ha","0","A","Official value",""
"QCL","Crops and livestock products","203","Czechia","5510","Production","01312","Bananas","2018","2018","t","0","A","Official value",""
"QCL","Crops and livestock products","203","Czechia","5312","Area harvested","01312","Bananas","2019","2019","ha","0","A","Official value",""
"QCL","Crops and livestock products","203","Czechia","5510","Production","01312","Bananas","2019","2019","t","0","A","Official value",""
"QCL","Crops and livestock products","203","Czechia","5312","Area harvested","01312","Bananas","2020","2020","ha","0","A","Official value",""
"QCL","Crops and livestock products","203","Czechia","5510","Production","01312","Bananas","2020","2020","t","0","A","Official value",""
"QCL","Crops and livestock products","203","Czechia","5312","Area harvested","01312","Bananas","2021","2021","ha","0","A","Official value",""
"QCL","Crops and livestock products","203","Czechia","5510","Production","01312","Bananas","2021","2021","t","0","A","Official value",""
"QCL","Crops and livestock products","203","Czechia","5312","Area harvested","01312","Bananas","2022","2022","ha","0","A","Official value",""
"QCL","Crops and livestock products","203","Czechia","5510","Production","01312","Bananas","2022","2022","t","0","A","Official value",""
"QCL","Crops and livestock products","203","Czechia","5312","Area harvested","01312","Bananas","2023","2023","ha","0","A","Official value",""
"QCL","Crops and livestock products","203","Czechia","5510","Production","01312","Bananas","2023","2023","t","0","A","Official value",""
"QCL","Crops and livestock products","203","Czechia","5312","Area harvested","01312","Bananas","2024","2024","ha","0","A","Official value",""
"QCL","Crops and livestock products","203","Czechia","5510","Production","01312","Bananas","2024","2024","t","0","A","Official value",""
"QCL","Crops and livestock products","203","Czechia","5312","Area harvested","0115","Barley","1993","1993","ha","636461","A","Official value",""
"QCL","Crops and livestock products","203","Czechia","5412","Yield","0115","Barley","1993","1993","kg/ha","3799.9","A","Official value",""
"QCL","Crops and livestock products","203","Czechia","5510","Production","0115","Barley","1993","1993","t","2418517","A","Official value",""
"QCL","Crops and livestock products","203","Czechia","5312","Area harvested","0115","Barley","1994","1994","ha","640367","A","Official value",""
"QCL","Crops and livestock products","203","Czechia","5412","Yield","0115","Barley","1994","1994","kg/ha","3778","A","Official value",""
"QCL","Crops and livestock products","203","Czechia","5510","Production","0115","Barley","1994","1994","t","2419297","A","Official value",""
"QCL","Crops and livestock products","203","Czechia","5312","Area harvested","0115","Barley","1995","1995","ha","557616","A","Official value",""
"QCL","Crops and livestock products","203","Czechia","5412","Yield","0115","Barley","1995","1995","kg/ha","3838.6","A","Official value",""
"QCL","Crops and livestock products","203","Czechia","5510","Production","0115","Barley","1995","1995","t","2140487","A","Official value",""
"QCL","Crops and livestock products","203","Czechia","5312","Area harvested","0115","Barley","1996","1996","ha","599847","A","Official value",""
"QCL","Crops and livestock products","203","Czechia","5412","Yield","0115","Barley","1996","1996","kg/ha","3771.6","A","Official value",""
"QCL","Crops and livestock products","203","Czechia","5510","Production","0115","Barley","1996","1996","t","2262377","A","Official value",""
"QCL","Crops and livestock products","203","Czechia","5312","Area harvested","0115","Barley","1997","1997","ha","646492","A","Official value",""
"QCL","Crops and livestock products","203","Czechia","5412","Yield","0115","Barley","1997","1997","kg/ha","3843.1","A","Official value",""
"QCL","Crops and livestock products","203","Czechia","5510","Production","0115","Barley","1997","1997","t","2484548","A","Official value",""
"QCL","Crops and livestock products","203","Czechia","5312","Area harvested","0115","Barley","1998","1998","ha","577694","A","Official value",""
"QCL","Crops and livestock products","203","Czechia","5412","Yield","0115","Barley","1998","1998","kg/ha","3623.2","A","Official value",""
"QCL","Crops and livestock products","203","Czechia","5510","Production","0115","Barley","1998","1998","t","2093101","A","Official value",""
"QCL","Crops and livestock products","203","Czechia","5312","Area harvested","0115","Barley","1999","1999","ha","542910","A","Official value",""
"QCL","Crops and livestock products","203","Czechia","5412","Yield","0115","Barley","1999","1999","kg/ha","3936.9","A","Official value",""
"QCL","Crops and livestock products","203","Czechia","5510","Production","0115","Barley","1999","1999","t","2137376","A","Official value",""
"QCL","Crops and livestock products","203","Czechia","5312","Area harvested","0115","Barley","2000","2000","ha","494737","A","Official value",""
"QCL","Crops and livestock products","203","Czechia","5412","Yield","0115","Barley","2000","2000","kg/ha","3293.4","A","Official value",""
"QCL","Crops and livestock products","203","Czechia","5510","Production","0115","Barley","2000","2000","t","1629372","A","Official value",""
"QCL","Crops and livestock products","203","Czechia","5312","Area harvested","0115","Barley","2001","2001","ha","495128","A","Official value",""
"QCL","Crops and livestock products","203","Czechia","5412","Yield","0115","Barley","2001","2001","kg/ha","3969.9","A","Official value",""
"QCL","Crops and livestock products","203","Czechia","5510","Production","0115","Barley","2001","2001","t","1965611","A","Official value",""
"QCL","Crops and livestock products","203","Czechia","5312","Area harvested","0115","Barley","2002","2002","ha","488070","A","Official value",""
"QCL","Crops and livestock products","203","Czechia","5412","Yield","0115","Barley","2002","2002","kg/ha","3672.7","A","Official value",""
"QCL","Crops and livestock products","203","Czechia","5510","Production","0115","Barley","2002","2002","t","1792557","A","Official value",""
"QCL","Crops and livestock products","203","Czechia","5312","Area harvested","0115","Barley","2003","2003","ha","549954","A","Official value",""
"QCL","Crops and livestock products","203","Czechia","5412","Yield","0115","Barley","2003","2003","kg/ha","3761.6","A","Official value",""
"QCL","Crops and livestock products","203","Czechia","5510","Production","0115","Barley","2003","2003","t","2068693","A","Official value",""
"QCL","Crops and livestock products","203","Czechia","5312","Area harvested","0115","Barley","2004","2004","ha","468995","A","Official value",""
"QCL","Crops and livestock products","203","Czechia","5412","Yield","0115","Barley","2004","2004","kg/ha","4969.3","A","Official value",""
"QCL","Crops and livestock products","203","Czechia","5510","Production","0115","Barley","2004","2004","t","2330582","A","Official value",""
"QCL","Crops and livestock products","203","Czechia","5312","Area harvested","0115","Barley","2005","2005","ha","521527","A","Official value",""
"QCL","Crops and livestock products","203","Czechia","5412","Yield","0115","Barley","2005","2005","kg/ha","4209.5","A","Official value",""
"QCL","Crops and livestock products","203","Czechia","5510","Production","0115","Barley","2005","2005","t","2195376","A","Official value",""
"QCL","Crops and livestock products","203","Czechia","5312","Area harvested","0115","Barley","2006","2006","ha","528142","A","Official value",""
"QCL","Crops and livestock products","203","Czechia","5412","Yield","0115","Barley","2006","2006","kg/ha","3593.2","A","Official value",""
"QCL","Crops and livestock products","203","Czechia","5510","Production","0115","Barley","2006","2006","t","1897703","A","Official value",""
"QCL","Crops and livestock products","203","Czechia","5312","Area harvested","0115","Barley","2007","2007","ha","498691","A","Official value",""
"QCL","Crops and livestock products","203","Czechia","5412","Yield","0115","Barley","2007","2007","kg/ha","3796.8","A","Official value",""
"QCL","Crops and livestock products","203","Czechia","5510","Production","0115","Barley","2007","2007","t","1893408","A","Official value",""
"QCL","Crops and livestock products","203","Czechia","5312","Area harvested","0115","Barley","2008","2008","ha","482395","A","Official value",""
"QCL","Crops and livestock products","203","Czechia","5412","Yield","0115","Barley","2008","2008","kg/ha","4651.5","A","Official value",""
"QCL","Crops and livestock products","203","Czechia","5510","Production","0115","Barley","2008","2008","t","2243865","A","Official value",""
"QCL","Crops and livestock products","203","Czechia","5312","Area harvested","0115","Barley","2009","2009","ha","454820","A","Official value",""
"QCL","Crops and livestock products","203","Czechia","5412","Yield","0115","Barley","2009","2009","kg/ha","4404","A","Official value",""
"QCL","Crops and livestock products","203","Czechia","5510","Production","0115","Barley","2009","2009","t","2003032","A","Official value",""
"QCL","Crops and livestock products","203","Czechia","5312","Area harvested","0115","Barley","2010","2010","ha","388925","A","Official value",""
"QCL","Crops and livestock products","203","Czechia","5412","Yield","0115","Barley","2010","2010","kg/ha","4073.9","A","Official value",""
"QCL","Crops and livestock products","203","Czechia","5510","Production","0115","Barley","2010","2010","t","1584456","A","Official value",""
"QCL","Crops and livestock products","203","Czechia","5312","Area harvested","0115","Barley","2011","2011","ha","372780","A","Official value",""
"QCL","Crops and livestock products","203","Czechia","5412","Yield","0115","Barley","2011","2011","kg/ha","4865.3","A","Official value",""
"QCL","Crops and livestock products","203","Czechia","5510","Production","0115","Barley","2011","2011","t","1813679","A","Official value",""
"QCL","Crops and livestock products","203","Czechia","5312","Area harvested","0115","Barley","2012","2012","ha","382330","A","Official value",""
"QCL","Crops and livestock products","203","Czechia","5412","Yield","0115","Barley","2012","2012","kg/ha","4227.9","A","Official value",""
"QCL","Crops and livestock products","203","Czechia","5510","Production","0115","Barley","2012","2012","t","1616467","A","Official value",""
"QCL","Crops and livestock products","203","Czechia","5312","Area harvested","0115","Barley","2013","2013","ha","348992","A","Official value",""
"QCL","Crops and livestock products","203","Czechia","5412","Yield","0115","Barley","2013","2013","kg/ha","4566.8","A","Official value",""
"QCL","Crops and livestock products","203","Czechia","5510","Production","0115","Barley","2013","2013","t","1593760","A","Official value",""
"QCL","Crops and livestock products","203","Czechia","5312","Area harvested","0115","Barley","2014","2014","ha","350518","A","Official value",""
"QCL","Crops and livestock products","203","Czechia","5412","Yield","0115","Barley","2014","2014","kg/ha","5611.8","A","Official value",""
"QCL","Crops and livestock products","203","Czechia","5510","Production","0115","Barley","2014","2014","t","1967049","A","Official value",""
"QCL","Crops and livestock products","203","Czechia","5312","Area harvested","0115","Barley","2015","2015","ha","365946","A","Official value",""
"QCL","Crops and livestock products","203","Czechia","5412","Yield","0115","Barley","2015","2015","kg/ha","5441.8","A","Official value",""
"QCL","Crops and livestock products","203","Czechia","5510","Production","0115","Barley","2015","2015","t","1991415","A","Official value",""
"QCL","Crops and livestock products","203","Czechia","5312","Area harvested","0115","Barley","2016","2016","ha","325725","A","Official value",""
"QCL","Crops and livestock products","203","Czechia","5412","Yield","0115","Barley","2016","2016","kg/ha","5665.1","A","Official value",""
"QCL","Crops and livestock products","203","Czechia","5510","Production","0115","Barley","2016","2016","t","1845254","A","Official value",""
"QCL","Crops and livestock products","203","Czechia","5312","Area harvested","0115","Barley","2017","2017","ha","327707","A","Official value",""
"QCL","Crops and livestock products","203","Czechia","5412","Yield","0115","Barley","2017","2017","kg/ha","5225","A","Official value",""
"QCL","Crops and livestock products","203","Czechia","5510","Production","0115","Barley","2017","2017","t","1712278.59","A","Official value",""
"QCL","Crops and livestock products","203","Czechia","5312","Area harvested","0115","Barley","2018","2018","ha","324720","A","Official value",""
"QCL","Crops and livestock products","203","Czechia","5412","Yield","0115","Barley","2018","2018","kg/ha","4945.9","A","Official value",""
"QCL","Crops and livestock products","203","Czechia","5510","Production","0115","Barley","2018","2018","t","1606030","A","Official value",""
"QCL","Crops and livestock products","203","Czechia","5312","Area harvested","0115","Barley","2019","2019","ha","319580","A","Official value",""
"QCL","Crops and livestock products","203","Czechia","5412","Yield","0115","Barley","2019","2019","kg/ha","5376","A","Official value",""
"QCL","Crops and livestock products","203","Czechia","5510","Production","0115","Barley","2019","2019","t","1718060","A","Official value",""
"QCL","Crops and livestock products","203","Czechia","5312","Area harvested","0115","Barley","2020","2020","ha","331910","A","Official value",""
"QCL","Crops and livestock products","203","Czechia","5412","Yield","0115","Barley","2020","2020","kg/ha","5471.9","A","Official value",""
"QCL","Crops and livestock products","203","Czechia","5510","Production","0115","Barley","2020","2020","t","1816180","A","Official value",""
"QCL","Crops and livestock products","203","Czechia","5312","Area harvested","0115","Barley","2021","2021","ha","326740","A","Official value",""
"QCL","Crops and livestock products","203","Czechia","5412","Yield","0115","Barley","2021","2021","kg/ha","5353.3","A","Official value",""
"QCL","Crops and livestock products","203","Czechia","5510","Production","0115","Barley","2021","2021","t","1749130","A","Official value",""
"QCL","Crops and livestock products","203","Czechia","5312","Area harvested","0115","Barley","2022","2022","ha","334500","A","Official value",""
"QCL","Crops and livestock products","203","Czechia","5412","Yield","0115","Barley","2022","2022","kg/ha","5612.4","A","Official value",""
"QCL","Crops and livestock products","203","Czechia","5510","Production","0115","Barley","2022","2022","t","1877360","A","Official value",""
"QCL","Crops and livestock products","203","Czechia","5312","Area harvested","0115","Barley","2023","2023","ha","321130","A","Official value",""
"QCL","Crops and livestock products","203","Czechia","5412","Yield","0115","Barley","2023","2023","kg/ha","5493.8","A","Official value",""
"QCL","Crops and livestock products","203","Czechia","5510","Production","0115","Barley","2023","2023","t","1764210","A","Official value",""
"QCL","Crops and livestock products","203","Czechia","5312","Area harvested","0115","Barley","2024","2024","ha","317120","A","Official value",""
"QCL","Crops and livestock products","203","Czechia","5412","Yield","0115","Barley","2024","2024","kg/ha","5271","A","Official value",""
"QCL","Crops and livestock products","203","Czechia","5510","Production","0115","Barley","2024","2024","t","1671530","A","Official value",""
"QCL","Crops and livestock products","203","Czechia","5312","Area harvested","01701","Beans, dry","1993","1993","ha","224","A","Official value",""
"QCL","Crops and livestock products","203","Czechia","5412","Yield","01701","Beans, dry","1993","1993","kg/ha","1209.8","A","Official value",""
"QCL","Crops and livestock products","203","Czechia","5510","Production","01701","Beans, dry","1993","1993","t","271","A","Official value",""
"QCL","Crops and livestock products","203","Czechia","5312","Area harvested","01701","Beans, dry","1994","1994","ha","294","A","Official value",""
"QCL","Crops and livestock products","203","Czechia","5412","Yield","01701","Beans, dry","1994","1994","kg/ha","758.5","A","Official value",""
"QCL","Crops and livestock products","203","Czechia","5510","Production","01701","Beans, dry","1994","1994","t","223","A","Official value",""
"QCL","Crops and livestock products","203","Czechia","5312","Area harvested","01701","Beans, dry","1995","1995","ha","285","A","Official value",""
"QCL","Crops and livestock products","203","Czechia","5412","Yield","01701","Beans, dry","1995","1995","kg/ha","1326.3","A","Official value",""
"QCL","Crops and livestock products","203","Czechia","5510","Production","01701","Beans, dry","1995","1995","t","378","A","Official value",""
"QCL","Crops and livestock products","203","Czechia","5312","Area harvested","01701","Beans, dry","1996","1996","ha","342","A","Official value",""
"QCL","Crops and livestock products","203","Czechia","5412","Yield","01701","Beans, dry","1996","1996","kg/ha","1403.5","A","Official value",""
"QCL","Crops and livestock products","203","Czechia","5510","Production","01701","Beans, dry","1996","1996","t","480","A","Official value",""
"QCL","Crops and livestock products","203","Czechia","5312","Area harvested","01701","Beans, dry","1997","1997","ha","283","A","Official value",""
"QCL","Crops and livestock products","203","Czechia","5412","Yield","01701","Beans, dry","1997","1997","kg/ha","1653.7","A","Official value",""
"QCL","Crops and livestock products","203","Czechia","5510","Production","01701","Beans, dry","1997","1997","t","468","A","Official value",""
"QCL","Crops and livestock products","203","Czechia","5312","Area harvested","01701","Beans, dry","1998","1998","ha","333","A","Official value",""
"QCL","Crops and livestock products","203","Czechia","5412","Yield","01701","Beans, dry","1998","1998","kg/ha","1261.3","A","Official value",""
"QCL","Crops and livestock products","203","Czechia","5510","Production","01701","Beans, dry","1998","1998","t","420","A","Official value",""
"QCL","Crops and livestock products","203","Czechia","5312","Area harvested","01701","Beans, dry","1999","1999","ha","290","A","Official value",""
"QCL","Crops and livestock products","203","Czechia","5412","Yield","01701","Beans, dry","1999","1999","kg/ha","1334.5","A","Official value",""
"QCL","Crops and livestock products","203","Czechia","5510","Production","01701","Beans, dry","1999","1999","t","387","A","Official value",""
"QCL","Crops and livestock products","203","Czechia","5312","Area harvested","01701","Beans, dry","2000","2000","ha","198","A","Official value",""
"QCL","Crops and livestock products","203","Czechia","5412","Yield","01701","Beans, dry","2000","2000","kg/ha","1414.1","A","Official value",""
"QCL","Crops and livestock products","203","Czechia","5510","Production","01701","Beans, dry","2000","2000","t","280","A","Official value",""
"QCL","Crops and livestock products","203","Czechia","5312","Area harvested","01701","Beans, dry","2001","2001","ha","139","A","Official value",""
"QCL","Crops and livestock products","203","Czechia","5412","Yield","01701","Beans, dry","2001","2001","kg/ha","1640.3","A","Official value",""
"QCL","Crops and livestock products","203","Czechia","5510","Production","01701","Beans, dry","2001","2001","t","228","A","Official value",""
"QCL","Crops and livestock products","203","Czechia","5312","Area harvested","01701","Beans, dry","2002","2002","ha","20","A","Official value",""
"QCL","Crops and livestock products","203","Czechia","5412","Yield","01701","Beans, dry","2002","2002","kg/ha","1850","A","Official value",""
"QCL","Crops and livestock products","203","Czechia","5510","Production","01701","Beans, dry","2002","2002","t","37","A","Official value",""
"QCL","Crops and livestock products","203","Czechia","5312","Area harvested","01701","Beans, dry","2003","2003","ha","","M","Missing value; data cannot exist",""
"QCL","Crops and livestock products","203","Czechia","5510","Production","01701","Beans, dry","2003","2003","t","","M","Missing value; data cannot exist",""
"QCL","Crops and livestock products","203","Czechia","5312","Area harvested","01701","Beans, dry","2004","2004","ha","1","A","Official value",""
"QCL","Crops and livestock products","203","Czechia","5412","Yield","01701","Beans, dry","2004","2004","kg/ha","1459.7","E","Estimated value",""
"QCL","Crops and livestock products","203","Czechia","5510","Production","01701","Beans, dry","2004","2004","t","1.46","I","Value imputed by a receiving agency",""
"QCL","Crops and livestock products","203","Czechia","5312","Area harvested","01701","Beans, dry","2005","2005","ha","1","A","Official value",""
"QCL","Crops and livestock products","203","Czechia","5412","Yield","01701","Beans, dry","2005","2005","kg/ha","1000","A","Official value",""
"QCL","Crops and livestock products","203","Czechia","5510","Production","01701","Beans, dry","2005","2005","t","1","A","Official value",""
"QCL","Crops and livestock products","203","Czechia","5312","Area harvested","01701","Beans, dry","2006","2006","ha","","M","Missing value; data cannot exist",""
"QCL","Crops and livestock products","203","Czechia","5510","Production","01701","Beans, dry","2006","2006","t","","M","Missing value; data cannot exist",""
"QCL","Crops and livestock products","203","Czechia","5312","Area harvested","01701","Beans, dry","2007","2007","ha","","M","Missing value; data cannot exist",""
"QCL","Crops and livestock products","203","Czechia","5510","Production","01701","Beans, dry","2007","2007","t","","M","Missing value; data cannot exist",""
"QCL","Crops and livestock products","203","Czechia","5312","Area harvested","01701","Beans, dry","2008","2008","ha","","M","Missing value; data cannot exist",""
"QCL","Crops and livestock products","203","Czechia","5510","Production","01701","Beans, dry","2008","2008","t","","M","Missing value; data cannot exist",""
"QCL","Crops and livestock products","203","Czechia","5312","Area harvested","01701","Beans, dry","2009","2009","ha","","M","Missing value; data cannot exist",""
"QCL","Crops and livestock products","203","Czechia","5510","Production","01701","Beans, dry","2009","2009","t","","M","Missing value; data cannot exist",""
"QCL","Crops and livestock products","203","Czechia","5312","Area harvested","01701","Beans, dry","2010","2010","ha","","M","Missing value; data cannot exist",""
"QCL","Crops and livestock products","203","Czechia","5510","Production","01701","Beans, dry","2010","2010","t","","M","Missing value; data cannot exist",""
"QCL","Crops and livestock products","203","Czechia","5312","Area harvested","01701","Beans, dry","2011","2011","ha","","M","Missing value; data cannot exist",""
"QCL","Crops and livestock products","203","Czechia","5510","Production","01701","Beans, dry","2011","2011","t","","M","Missing value; data cannot exist",""
"QCL","Crops and livestock products","203","Czechia","5312","Area harvested","01701","Beans, dry","2012","2012","ha","","M","Missing value; data cannot exist",""
"QCL","Crops and livestock products","203","Czechia","5510","Production","01701","Beans, dry","2012","2012","t","","M","Missing value; data cannot exist",""
"QCL","Crops and livestock products","203","Czechia","5312","Area harvested","01701","Beans, dry","2013","2013","ha","","M","Missing value; data cannot exist",""
"QCL","Crops and livestock products","203","Czechia","5510","Production","01701","Beans, dry","2013","2013","t","","M","Missing value; data cannot exist",""
"QCL","Crops and livestock products","203","Czechia","5312","Area harvested","01701","Beans, dry","2014","2014","ha","","M","Missing value; data cannot exist",""
"QCL","Crops and livestock products","203","Czechia","5510","Production","01701","Beans, dry","2014","2014","t","","M","Missing value; data cannot exist",""
"QCL","Crops and livestock products","203","Czechia","5312","Area harvested","01701","Beans, dry","2015","2015","ha","","M","Missing value; data cannot exist",""
"QCL","Crops and livestock products","203","Czechia","5510","Production","01701","Beans, dry","2015","2015","t","","M","Missing value; data cannot exist",""
"QCL","Crops and livestock products","203","Czechia","5312","Area harvested","01701","Beans, dry","2016","2016","ha","","M","Missing value; data cannot exist",""
"QCL","Crops and livestock products","203","Czechia","5510","Production","01701","Beans, dry","2016","2016","t","","M","Missing value; data cannot exist",""
"QCL","Crops and livestock products","203","Czechia","5312","Area harvested","01701","Beans, dry","2017","2017","ha","","M","Missing value; data cannot exist",""
"QCL","Crops and livestock products","203","Czechia","5510","Production","01701","Beans, dry","2017","2017","t","","M","Missing value; data cannot exist",""
"QCL","Crops and livestock products","203","Czechia","5312","Area harvested","01355.01","Blueberries","2023","2023","ha","70","A","Official value",""
"QCL","Crops and livestock products","203","Czechia","5412","Yield","01355.01","Blueberries","2023","2023","kg/ha","10714.3","A","Official value",""
"QCL","Crops and livestock products","203","Czechia","5510","Production","01355.01","Blueberries","2023","2023","t","750","A","Official value",""
"QCL","Crops and livestock products","203","Czechia","5312","Area harvested","01355.01","Blueberries","2024","2024","ha","70","A","Official value",""
"QCL","Crops and livestock products","203","Czechia","5412","Yield","01355.01","Blueberries","2024","2024","kg/ha","10571.4","A","Official value",""
"QCL","Crops and livestock products","203","Czechia","5510","Production","01355.01","Blueberries","2024","2024","t","740","A","Official value",""
"QCL","Crops and livestock products","203","Czechia","5312","Area harvested","01702","Broad beans and horse beans, dry","1993","1993","ha","4758","A","Official value",""
"QCL","Crops and livestock products","203","Czechia","5412","Yield","01702","Broad beans and horse beans, dry","1993","1993","kg/ha","2531.1","A","Official value",""
"QCL","Crops and livestock products","203","Czechia","5510","Production","01702","Broad beans and horse beans, dry","1993","1993","t","12043","A","Official value",""
"QCL","Crops and livestock products","203","Czechia","5312","Area harvested","01702","Broad beans and horse beans, dry","1994","1994","ha","3400","A","Official value",""
"QCL","Crops and livestock products","203","Czechia","5412","Yield","01702","Broad beans and horse beans, dry","1994","1994","kg/ha","1600","A","Official value",""
"QCL","Crops and livestock products","203","Czechia","5510","Production","01702","Broad beans and horse beans, dry","1994","1994","t","5440","A","Official value",""
"QCL","Crops and livestock products","203","Czechia","5312","Area harvested","01702","Broad beans and horse beans, dry","1995","1995","ha","3150","E","Estimated value",""
"QCL","Crops and livestock products","203","Czechia","5412","Yield","01702","Broad beans and horse beans, dry","1995","1995","kg/ha","1587.3","E","Estimated value",""
"QCL","Crops and livestock products","203","Czechia","5510","Production","01702","Broad beans and horse beans, dry","1995","1995","t","5000","X","Value from external organization","Unofficial figure"
"QCL","Crops and livestock products","203","Czechia","5312","Area harvested","01702","Broad beans and horse beans, dry","1996","1996","ha","3201","I","Value imputed by a receiving agency",""
"QCL","Crops and livestock products","203","Czechia","5412","Yield","01702","Broad beans and horse beans, dry","1996","1996","kg/ha","1718.2","E","Estimated value",""
"QCL","Crops and livestock products","203","Czechia","5510","Production","01702","Broad beans and horse beans, dry","1996","1996","t","5500","E","Estimated value",""
"QCL","Crops and livestock products","203","Czechia","5312","Area harvested","01702","Broad beans and horse beans, dry","1997","1997","ha","3900","E","Estimated value",""
"QCL","Crops and livestock products","203","Czechia","5412","Yield","01702","Broad beans and horse beans, dry","1997","1997","kg/ha","1538.5","E","Estimated value",""
"QCL","Crops and livestock products","203","Czechia","5510","Production","01702","Broad beans and horse beans, dry","1997","1997","t","6000","X","Value from external organization","Unofficial figure"
"QCL","Crops and livestock products","203","Czechia","5312","Area harvested","01702","Broad beans and horse beans, dry","1998","1998","ha","3400","E","Estimated value",""
"QCL","Crops and livestock products","203","Czechia","5412","Yield","01702","Broad beans and horse beans, dry","1998","1998","kg/ha","1470.6","E","Estimated value",""
"QCL","Crops and livestock products","203","Czechia","5510","Production","01702","Broad beans and horse beans, dry","1998","1998","t","5000","X","Value from external organization","Unofficial figure"
"QCL","Crops and livestock products","203","Czechia","5312","Area harvested","01702","Broad beans and horse beans, dry","1999","1999","ha","3600","I","Value imputed by a receiving agency",""
"QCL","Crops and livestock products","203","Czechia","5412","Yield","01702","Broad beans and horse beans, dry","1999","1999","kg/ha","1583.3","E","Estimated value",""
"QCL","Crops and livestock products","203","Czechia","5510","Production","01702","Broad beans and horse beans, dry","1999","1999","t","5700","X","Value from external organization","Unofficial figure"
"QCL","Crops and livestock products","203","Czechia","5312","Area harvested","01702","Broad beans and horse beans, dry","2000","2000","ha","2824","I","Value imputed by a receiving agency",""
"QCL","Crops and livestock products","203","Czechia","5412","Yield","01702","Broad beans and horse beans, dry","2000","2000","kg/ha","1557.8","E","Estimated value",""
"QCL","Crops and livestock products","203","Czechia","5510","Production","01702","Broad beans and horse beans, dry","2000","2000","t","4400","X","Value from external organization","Unofficial figure"
"QCL","Crops and livestock products","203","Czechia","5312","Area harvested","01702","Broad beans and horse beans, dry","2001","2001","ha","3200","E","Estimated value",""
"QCL","Crops and livestock products","203","Czechia","5412","Yield","01702","Broad beans and horse beans, dry","2001","2001","kg/ha","1312.5","E","Estimated value",""
"QCL","Crops and livestock products","203","Czechia","5510","Production","01702","Broad beans and horse beans, dry","2001","2001","t","4200","X","Value from external organization","Unofficial figure"
"QCL","Crops and livestock products","203","Czechia","5312","Area harvested","01702","Broad beans and horse beans, dry","2002","2002","ha","3100","E","Estimated value",""
"QCL","Crops and livestock products","203","Czechia","5412","Yield","01702","Broad beans and horse beans, dry","2002","2002","kg/ha","1387.1","E","Estimated value",""
"QCL","Crops and livestock products","203","Czechia","5510","Production","01702","Broad beans and horse beans, dry","2002","2002","t","4300","X","Value from external organization","Unofficial figure"
"QCL","Crops and livestock products","203","Czechia","5312","Area harvested","01702","Broad beans and horse beans, dry","2003","2003","ha","2727","I","Value imputed by a receiving agency",""
"QCL","Crops and livestock products","203","Czechia","5412","Yield","01702","Broad beans and horse beans, dry","2003","2003","kg/ha","1551.1","E","Estimated value",""
"QCL","Crops and livestock products","203","Czechia","5510","Production","01702","Broad beans and horse beans, dry","2003","2003","t","4230","X","Value from external organization","Unofficial figure"
"QCL","Crops and livestock products","203","Czechia","5312","Area harvested","01702","Broad beans and horse beans, dry","2004","2004","ha","3730","X","Value from external organization","Unofficial figure"
"QCL","Crops and livestock products","203","Czechia","5412","Yield","01702","Broad beans and horse beans, dry","2004","2004","kg/ha","2198.4","X","Value from external organization",""
"QCL","Crops and livestock products","203","Czechia","5510","Production","01702","Broad beans and horse beans, dry","2004","2004","t","8200","X","Value from external organization","Unofficial figure"
"QCL","Crops and livestock products","203","Czechia","5312","Area harvested","01702","Broad beans and horse beans, dry","2005","2005","ha","5400","X","Value from external organization","Unofficial figure"
"QCL","Crops and livestock products","203","Czechia","5412","Yield","01702","Broad beans and horse beans, dry","2005","2005","kg/ha","1574.1","X","Value from external organization",""
"QCL","Crops and livestock products","203","Czechia","5510","Production","01702","Broad beans and horse beans, dry","2005","2005","t","8500","X","Value from external organization","Unofficial figure"
"QCL","Crops and livestock products","203","Czechia","5312","Area harvested","01702","Broad beans and horse beans, dry","2006","2006","ha","2382","A","Official value",""
"QCL","Crops and livestock products","203","Czechia","5412","Yield","01702","Broad beans and horse beans, dry","2006","2006","kg/ha","1360.2","A","Official value",""
"QCL","Crops and livestock products","203","Czechia","5510","Production","01702","Broad beans and horse beans, dry","2006","2006","t","3240","A","Official value",""
"QCL","Crops and livestock products","203","Czechia","5312","Area harvested","01702","Broad beans and horse beans, dry","2007","2007","ha","1378","A","Official value",""
"QCL","Crops and livestock products","203","Czechia","5412","Yield","01702","Broad beans and horse beans, dry","2007","2007","kg/ha","1258.3","A","Official value",""
"QCL","Crops and livestock products","203","Czechia","5510","Production","01702","Broad beans and horse beans, dry","2007","2007","t","1734","A","Official value",""
"QCL","Crops and livestock products","203","Czechia","5312","Area harvested","01702","Broad beans and horse beans, dry","2008","2008","ha","883","A","Official value",""
"QCL","Crops and livestock products","203","Czechia","5412","Yield","01702","Broad beans and horse beans, dry","2008","2008","kg/ha","1447.3","A","Official value",""
"QCL","Crops and livestock products","203","Czechia","5510","Production","01702","Broad beans and horse beans, dry","2008","2008","t","1278","A","Official value",""
"QCL","Crops and livestock products","203","Czechia","5312","Area harvested","01702","Broad beans and horse beans, dry","2009","2009","ha","2017","A","Official value",""
"QCL","Crops and livestock products","203","Czechia","5412","Yield","01702","Broad beans and horse beans, dry","2009","2009","kg/ha","1289","A","Official value",""
"QCL","Crops and livestock products","203","Czechia","5510","Production","01702","Broad beans and horse beans, dry","2009","2009","t","2600","A","Official value",""
"QCL","Crops and livestock products","203","Czechia","5312","Area harvested","01702","Broad beans and horse beans, dry","2010","2010","ha","2100","A","Official value",""
"QCL","Crops and livestock products","203","Czechia","5412","Yield","01702","Broad beans and horse beans, dry","2010","2010","kg/ha","1238.1","A","Official value",""
"QCL","Crops and livestock products","203","Czechia","5510","Production","01702","Broad beans and horse beans, dry","2010","2010","t","2600","A","Official value",""
"QCL","Crops and livestock products","203","Czechia","5312","Area harvested","01702","Broad beans and horse beans, dry","2011","2011","ha","1700","A","Official value",""
"QCL","Crops and livestock products","203","Czechia","5412","Yield","01702","Broad beans and horse beans, dry","2011","2011","kg/ha","1294.1","A","Official value",""
"QCL","Crops and livestock products","203","Czechia","5510","Production","01702","Broad beans and horse beans, dry","2011","2011","t","2200","A","Official value",""
"QCL","Crops and livestock products","203","Czechia","5312","Area harvested","01702","Broad beans and horse beans, dry","2012","2012","ha","1588","I","Value imputed by a receiving agency",""
"QCL","Crops and livestock products","203","Czechia","5412","Yield","01702","Broad beans and horse beans, dry","2012","2012","kg/ha","1285.8","E","Estimated value",""
"QCL","Crops and livestock products","203","Czechia","5510","Production","01702","Broad beans and horse beans, dry","2012","2012","t","2041.36","I","Value imputed by a receiving agency",""
"QCL","Crops and livestock products","203","Czechia","5312","Area harvested","01702","Broad beans and horse beans, dry","2013","2013","ha","1741","I","Value imputed by a receiving agency",""
"QCL","Crops and livestock products","203","Czechia","5412","Yield","01702","Broad beans and horse beans, dry","2013","2013","kg/ha","1277.9","E","Estimated value",""
"QCL","Crops and livestock products","203","Czechia","5510","Production","01702","Broad beans and horse beans, dry","2013","2013","t","2224.51","I","Value imputed by a receiving agency",""
"QCL","Crops and livestock products","203","Czechia","5312","Area harvested","01702","Broad beans and horse beans, dry","2014","2014","ha","1478","I","Value imputed by a receiving agency",""
"QCL","Crops and livestock products","203","Czechia","5412","Yield","01702","Broad beans and horse beans, dry","2014","2014","kg/ha","1339.5","E","Estimated value",""
"QCL","Crops and livestock products","203","Czechia","5510","Production","01702","Broad beans and horse beans, dry","2014","2014","t","1980.09","I","Value imputed by a receiving agency",""
"QCL","Crops and livestock products","203","Czechia","5312","Area harvested","01702","Broad beans and horse beans, dry","2015","2015","ha","1380","I","Value imputed by a receiving agency",""
"QCL","Crops and livestock products","203","Czechia","5412","Yield","01702","Broad beans and horse beans, dry","2015","2015","kg/ha","1344.5","E","Estimated value",""
"QCL","Crops and livestock products","203","Czechia","5510","Production","01702","Broad beans and horse beans, dry","2015","2015","t","1855.93","I","Value imputed by a receiving agency",""
"QCL","Crops and livestock products","203","Czechia","5312","Area harvested","01702","Broad beans and horse beans, dry","2016","2016","ha","1320","I","Value imputed by a receiving agency",""
"QCL","Crops and livestock products","203","Czechia","5412","Yield","01702","Broad beans and horse beans, dry","2016","2016","kg/ha","1341.1","E","Estimated value",""
"QCL","Crops and livestock products","203","Czechia","5510","Production","01702","Broad beans and horse beans, dry","2016","2016","t","1770.77","I","Value imputed by a receiving agency",""
"QCL","Crops and livestock products","203","Czechia","5312","Area harvested","01702","Broad beans and horse beans, dry","2017","2017","ha","1252","I","Value imputed by a receiving agency",""
"QCL","Crops and livestock products","203","Czechia","5412","Yield","01702","Broad beans and horse beans, dry","2017","2017","kg/ha","1341.5","E","Estimated value",""
"QCL","Crops and livestock products","203","Czechia","5510","Production","01702","Broad beans and horse beans, dry","2017","2017","t","1679.34","I","Value imputed by a receiving agency",""
"QCL","Crops and livestock products","203","Czechia","5312","Area harvested","01702","Broad beans and horse beans, dry","2018","2018","ha","930","A","Official value",""
"QCL","Crops and livestock products","203","Czechia","5412","Yield","01702","Broad beans and horse beans, dry","2018","2018","kg/ha","1602.2","A","Official value",""
"QCL","Crops and livestock products","203","Czechia","5510","Production","01702","Broad beans and horse beans, dry","2018","2018","t","1490","A","Official value",""
"QCL","Crops and livestock products","203","Czechia","5312","Area harvested","01702","Broad beans and horse beans, dry","2019","2019","ha","760","A","Official value",""
"QCL","Crops and livestock products","203","Czechia","5412","Yield","01702","Broad beans and horse beans, dry","2019","2019","kg/ha","1065.8","A","Official value",""
"QCL","Crops and livestock products","203","Czechia","5510","Production","01702","Broad beans and horse beans, dry","2019","2019","t","810","A","Official value",""
"QCL","Crops and livestock products","203","Czechia","5312","Area harvested","01702","Broad beans and horse beans, dry","2020","2020","ha","830","A","Official value",""
"QCL","Crops and livestock products","203","Czechia","5412","Yield","01702","Broad beans and horse beans, dry","2020","2020","kg/ha","2662.7","A","Official value",""
"QCL","Crops and livestock products","203","Czechia","5510","Production","01702","Broad beans and horse beans, dry","2020","2020","t","2210","A","Official value",""
"QCL","Crops and livestock products","203","Czechia","5312","Area harvested","01702","Broad beans and horse beans, dry","2021","2021","ha","990","A","Official value",""
"QCL","Crops and livestock products","203","Czechia","5412","Yield","01702","Broad beans and horse beans, dry","2021","2021","kg/ha","2373.7","A","Official value",""
"QCL","Crops and livestock products","203","Czechia","5510","Production","01702","Broad beans and horse beans, dry","2021","2021","t","2350","A","Official value",""
"QCL","Crops and livestock products","203","Czechia","5312","Area harvested","01702","Broad beans and horse beans, dry","2022","2022","ha","1430","A","Official value",""
"QCL","Crops and livestock products","203","Czechia","5412","Yield","01702","Broad beans and horse beans, dry","2022","2022","kg/ha","2181.8","A","Official value",""
"QCL","Crops and livestock products","203","Czechia","5510","Production","01702","Broad beans and horse beans, dry","2022","2022","t","3120","A","Official value",""
"QCL","Crops and livestock products","203","Czechia","5312","Area harvested","01702","Broad beans and horse beans, dry","2023","2023","ha","1890","A","Official value",""
"QCL","Crops and livestock products","203","Czechia","5412","Yield","01702","Broad beans and horse beans, dry","2023","2023","kg/ha","1513.2","A","Official value",""
"QCL","Crops and livestock products","203","Czechia","5510","Production","01702","Broad beans and horse beans, dry","2023","2023","t","2860","A","Official value",""
"QCL","Crops and livestock products","203","Czechia","5312","Area harvested","01702","Broad beans and horse beans, dry","2024","2024","ha","2140","A","Official value",""
"QCL","Crops and livestock products","203","Czechia","5412","Yield","01702","Broad beans and horse beans, dry","2024","2024","kg/ha","2112.1","A","Official value",""
"QCL","Crops and livestock products","203","Czechia","5510","Production","01702","Broad beans and horse beans, dry","2024","2024","t","4520","A","Official value",""
"QCL","Crops and livestock products","203","Czechia","5312","Area harvested","01243","Broad beans and horse beans, green","1993","1993","ha","","M","Missing value; data cannot exist",""
"QCL","Crops and livestock products","203","Czechia","5510","Production","01243","Broad beans and horse beans, green","1993","1993","t","","M","Missing value; data cannot exist",""
"QCL","Crops and livestock products","203","Czechia","5312","Area harvested","01243","Broad beans and horse beans, green","1994","1994","ha","","M","Missing value; data cannot exist",""
"QCL","Crops and livestock products","203","Czechia","5510","Production","01243","Broad beans and horse beans, green","1994","1994","t","","M","Missing value; data cannot exist",""
"QCL","Crops and livestock products","203","Czechia","5312","Area harvested","01243","Broad beans and horse beans, green","1995","1995","ha","10","E","Estimated value",""
"QCL","Crops and livestock products","203","Czechia","5412","Yield","01243","Broad beans and horse beans, green","1995","1995","kg/ha","3000","E","Estimated value",""
"QCL","Crops and livestock products","203","Czechia","5510","Production","01243","Broad beans and horse beans, green","1995","1995","t","30","E","Estimated value",""
"QCL","Crops and livestock products","203","Czechia","5312","Area harvested","01243","Broad beans and horse beans, green","1996","1996","ha","20","E","Estimated value",""
"QCL","Crops and livestock products","203","Czechia","5412","Yield","01243","Broad beans and horse beans, green","1996","1996","kg/ha","2500","E","Estimated value",""
"QCL","Crops and livestock products","203","Czechia","5510","Production","01243","Broad beans and horse beans, green","1996","1996","t","50","E","Estimated value",""
"QCL","Crops and livestock products","203","Czechia","5312","Area harvested","01243","Broad beans and horse beans, green","1997","1997","ha","32","I","Value imputed by a receiving agency",""
"QCL","Crops and livestock products","203","Czechia","5412","Yield","01243","Broad beans and horse beans, green","1997","1997","kg/ha","3408.8","E","Estimated value",""
"QCL","Crops and livestock products","203","Czechia","5510","Production","01243","Broad beans and horse beans, green","1997","1997","t","110.07","I","Value imputed by a receiving agency",""
"QCL","Crops and livestock products","203","Czechia","5312","Area harvested","01243","Broad beans and horse beans, green","1998","1998","ha","50","E","Estimated value",""
"QCL","Crops and livestock products","203","Czechia","5412","Yield","01243","Broad beans and horse beans, green","1998","1998","kg/ha","4000","E","Estimated value",""
"QCL","Crops and livestock products","203","Czechia","5510","Production","01243","Broad beans and horse beans, green","1998","1998","t","200","E","Estimated value",""
"QCL","Crops and livestock products","203","Czechia","5312","Area harvested","01243","Broad beans and horse beans, green","1999","1999","ha","25","I","Value imputed by a receiving agency",""
"QCL","Crops and livestock products","203","Czechia","5412","Yield","01243","Broad beans and horse beans, green","1999","1999","kg/ha","4027.7","E","Estimated value",""
"QCL","Crops and livestock products","203","Czechia","5510","Production","01243","Broad beans and horse beans, green","1999","1999","t","100","E","Estimated value",""
"QCL","Crops and livestock products","203","Czechia","5312","Area harvested","01243","Broad beans and horse beans, green","2000","2000","ha","48","I","Value imputed by a receiving agency",""
"QCL","Crops and livestock products","203","Czechia","5412","Yield","01243","Broad beans and horse beans, green","2000","2000","kg/ha","4207","E","Estimated value",""
"QCL","Crops and livestock products","203","Czechia","5510","Production","01243","Broad beans and horse beans, green","2000","2000","t","200","E","Estimated value",""
"QCL","Crops and livestock products","203","Czechia","5312","Area harvested","01243","Broad beans and horse beans, green","2001","2001","ha","23","I","Value imputed by a receiving agency",""
"QCL","Crops and livestock products","203","Czechia","5412","Yield","01243","Broad beans and horse beans, green","2001","2001","kg/ha","4358.6","E","Estimated value",""
"QCL","Crops and livestock products","203","Czechia","5510","Production","01243","Broad beans and horse beans, green","2001","2001","t","100","E","Estimated value",""
"QCL","Crops and livestock products","203","Czechia","5312","Area harvested","01243","Broad beans and horse beans, green","2002","2002","ha","40","I","Value imputed by a receiving agency",""
"QCL","Crops and livestock products","203","Czechia","5412","Yield","01243","Broad beans and horse beans, green","2002","2002","kg/ha","4487.2","E","Estimated value",""
"QCL","Crops and livestock products","203","Czechia","5510","Production","01243","Broad beans and horse beans, green","2002","2002","t","178.63","I","Value imputed by a receiving agency",""
"QCL","Crops and livestock products","203","Czechia","5312","Area harvested","01243","Broad beans and horse beans, green","2003","2003","ha","70","E","Estimated value",""
"QCL","Crops and livestock products","203","Czechia","5412","Yield","01243","Broad beans and horse beans, green","2003","2003","kg/ha","4598","E","Estimated value",""
"QCL","Crops and livestock products","203","Czechia","5510","Production","01243","Broad beans and horse beans, green","2003","2003","t","321.86","I","Value imputed by a receiving agency",""
"QCL","Crops and livestock products","203","Czechia","5312","Area harvested","01243","Broad beans and horse beans, green","2004","2004","ha","64","I","Value imputed by a receiving agency",""
"QCL","Crops and livestock products","203","Czechia","5412","Yield","01243","Broad beans and horse beans, green","2004","2004","kg/ha","4688.2","E","Estimated value",""
"QCL","Crops and livestock products","203","Czechia","5510","Production","01243","Broad beans and horse beans, green","2004","2004","t","299.26","I","Value imputed by a receiving agency",""
"QCL","Crops and livestock products","203","Czechia","5312","Area harvested","01243","Broad beans and horse beans, green","2005","2005","ha","80","E","Estimated value",""
"QCL","Crops and livestock products","203","Czechia","5412","Yield","01243","Broad beans and horse beans, green","2005","2005","kg/ha","5000","E","Estimated value",""
"QCL","Crops and livestock products","203","Czechia","5510","Production","01243","Broad beans and horse beans, green","2005","2005","t","400","E","Estimated value",""
"QCL","Crops and livestock products","203","Czechia","5312","Area harvested","01243","Broad beans and horse beans, green","2006","2006","ha","71","I","Value imputed by a receiving agency",""
"QCL","Crops and livestock products","203","Czechia","5412","Yield","01243","Broad beans and horse beans, green","2006","2006","kg/ha","4800.1","E","Estimated value",""
"QCL","Crops and livestock products","203","Czechia","5510","Production","01243","Broad beans and horse beans, green","2006","2006","t","342.19","I","Value imputed by a receiving agency",""
"QCL","Crops and livestock products","203","Czechia","5312","Area harvested","01243","Broad beans and horse beans, green","2007","2007","ha","70","I","Value imputed by a receiving agency",""
"QCL","Crops and livestock products","203","Czechia","5412","Yield","01243","Broad beans and horse beans, green","2007","2007","kg/ha","4820.4","E","Estimated value",""
"QCL","Crops and livestock products","203","Czechia","5510","Production","01243","Broad beans and horse beans, green","2007","2007","t","339.03","I","Value imputed by a receiving agency",""
"QCL","Crops and livestock products","203","Czechia","5312","Area harvested","01243","Broad beans and horse beans, green","2008","2008","ha","70","I","Value imputed by a receiving agency",""
"QCL","Crops and livestock products","203","Czechia","5412","Yield","01243","Broad beans and horse beans, green","2008","2008","kg/ha","4837.6","E","Estimated value",""
"QCL","Crops and livestock products","203","Czechia","5510","Production","01243","Broad beans and horse beans, green","2008","2008","t","337.48","I","Value imputed by a receiving agency",""
"QCL","Crops and livestock products","203","Czechia","5312","Area harvested","01243","Broad beans and horse beans, green","2009","2009","ha","69","I","Value imputed by a receiving agency",""
"QCL","Crops and livestock products","203","Czechia","5412","Yield","01243","Broad beans and horse beans, green","2009","2009","kg/ha","4852.6","E","Estimated value",""
"QCL","Crops and livestock products","203","Czechia","5510","Production","01243","Broad beans and horse beans, green","2009","2009","t","336.35","I","Value imputed by a receiving agency",""
"QCL","Crops and livestock products","203","Czechia","5312","Area harvested","01243","Broad beans and horse beans, green","2010","2010","ha","69","I","Value imputed by a receiving agency",""
"QCL","Crops and livestock products","203","Czechia","5412","Yield","01243","Broad beans and horse beans, green","2010","2010","kg/ha","4866.2","E","Estimated value",""
"QCL","Crops and livestock products","203","Czechia","5510","Production","01243","Broad beans and horse beans, green","2010","2010","t","335.21","I","Value imputed by a receiving agency",""
"QCL","Crops and livestock products","203","Czechia","5312","Area harvested","01243","Broad beans and horse beans, green","2011","2011","ha","68","I","Value imputed by a receiving agency",""
"QCL","Crops and livestock products","203","Czechia","5412","Yield","01243","Broad beans and horse beans, green","2011","2011","kg/ha","4878.7","E","Estimated value",""
"QCL","Crops and livestock products","203","Czechia","5510","Production","01243","Broad beans and horse beans, green","2011","2011","t","334.04","I","Value imputed by a receiving agency",""
"QCL","Crops and livestock products","203","Czechia","5312","Area harvested","01243","Broad beans and horse beans, green","2012","2012","ha","66","E","Estimated value",""
"QCL","Crops and livestock products","203","Czechia","5412","Yield","01243","Broad beans and horse beans, green","2012","2012","kg/ha","4924.2","E","Estimated value",""
"QCL","Crops and livestock products","203","Czechia","5510","Production","01243","Broad beans and horse beans, green","2012","2012","t","325","E","Estimated value",""
"QCL","Crops and livestock products","203","Czechia","5312","Area harvested","01243","Broad beans and horse beans, green","2013","2013","ha","70","I","Value imputed by a receiving agency",""
"QCL","Crops and livestock products","203","Czechia","5412","Yield","01243","Broad beans and horse beans, green","2013","2013","kg/ha","4920.2","E","Estimated value",""
"QCL","Crops and livestock products","203","Czechia","5510","Production","01243","Broad beans and horse beans, green","2013","2013","t","345.99","I","Value imputed by a receiving agency",""
"QCL","Crops and livestock products","203","Czechia","5312","Area harvested","01243","Broad beans and horse beans, green","2014","2014","ha","73","I","Value imputed by a receiving agency",""
"QCL","Crops and livestock products","203","Czechia","5412","Yield","01243","Broad beans and horse beans, green","2014","2014","kg/ha","4912.5","E","Estimated value",""
"QCL","Crops and livestock products","203","Czechia","5510","Production","01243","Broad beans and horse beans, green","2014","2014","t","359.38","I","Value imputed by a receiving agency",""
"QCL","Crops and livestock products","203","Czechia","5312","Area harvested","01243","Broad beans and horse beans, green","2015","2015","ha","74","I","Value imputed by a receiving agency",""
"QCL","Crops and livestock products","203","Czechia","5412","Yield","01243","Broad beans and horse beans, green","2015","2015","kg/ha","4961.8","E","Estimated value",""
"QCL","Crops and livestock products","203","Czechia","5510","Production","01243","Broad beans and horse beans, green","2015","2015","t","368.17","I","Value imputed by a receiving agency",""
"QCL","Crops and livestock products","203","Czechia","5312","Area harvested","01243","Broad beans and horse beans, green","2016","2016","ha","75","I","Value imputed by a receiving agency",""
"QCL","Crops and livestock products","203","Czechia","5412","Yield","01243","Broad beans and horse beans, green","2016","2016","kg/ha","4925.8","E","Estimated value",""
"QCL","Crops and livestock products","203","Czechia","5510","Production","01243","Broad beans and horse beans, green","2016","2016","t","368.77","I","Value imputed by a receiving agency",""
"QCL","Crops and livestock products","203","Czechia","5312","Area harvested","01243","Broad beans and horse beans, green","2017","2017","ha","76","I","Value imputed by a receiving agency",""
"QCL","Crops and livestock products","203","Czechia","5412","Yield","01243","Broad beans and horse beans, green","2017","2017","kg/ha","4941.9","E","Estimated value",""
"QCL","Crops and livestock products","203","Czechia","5510","Production","01243","Broad beans and horse beans, green","2017","2017","t","373.31","I","Value imputed by a receiving agency",""
"QCL","Crops and livestock products","203","Czechia","5312","Area harvested","01243","Broad beans and horse beans, green","2023","2023","ha","10","A","Official value",""
"QCL","Crops and livestock products","203","Czechia","5412","Yield","01243","Broad beans and horse beans, green","2023","2023","kg/ha","2000","A","Official value",""
"QCL","Crops and livestock products","203","Czechia","5510","Production","01243","Broad beans and horse beans, green","2023","2023","t","20","A","Official value",""
"QCL","Crops and livestock products","203","Czechia","5312","Area harvested","01243","Broad beans and horse beans, green","2024","2024","ha","10","A","Official value",""
"QCL","Crops and livestock products","203","Czechia","5412","Yield","01243","Broad beans and horse beans, green","2024","2024","kg/ha","4000","A","Official value",""
"QCL","Crops and livestock products","203","Czechia","5510","Production","01243","Broad beans and horse beans, green","2024","2024","t","40","A","Official value",""
"QCL","Crops and livestock products","203","Czechia","5312","Area harvested","01192","Buckwheat","1993","1993","ha","1600","E","Estimated value",""
"QCL","Crops and livestock products","203","Czechia","5412","Yield","01192","Buckwheat","1993","1993","kg/ha","1875","E","Estimated value",""
"QCL","Crops and livestock products","203","Czechia","5510","Production","01192","Buckwheat","1993","1993","t","3000","E","Estimated value",""
"QCL","Crops and livestock products","203","Czechia","5312","Area harvested","01192","Buckwheat","1994","1994","ha","1400","E","Estimated value",""
"QCL","Crops and livestock products","203","Czechia","5412","Yield","01192","Buckwheat","1994","1994","kg/ha","1694","E","Estimated value",""
"QCL","Crops and livestock products","203","Czechia","5510","Production","01192","Buckwheat","1994","1994","t","2371.54","I","Value imputed by a receiving agency",""
"QCL","Crops and livestock products","203","Czechia","5312","Area harvested","01192","Buckwheat","1995","1995","ha","1300","E","Estimated value",""
"QCL","Crops and livestock products","203","Czechia","5412","Yield","01192","Buckwheat","1995","1995","kg/ha","1538.5","E","Estimated value",""
"QCL","Crops and livestock products","203","Czechia","5510","Production","01192","Buckwheat","1995","1995","t","2000","E","Estimated value",""
"QCL","Crops and livestock products","203","Czechia","5312","Area harvested","01192","Buckwheat","1996","1996","ha","1200","E","Estimated value",""
"QCL","Crops and livestock products","203","Czechia","5412","Yield","01192","Buckwheat","1996","1996","kg/ha","1250","E","Estimated value",""
"QCL","Crops and livestock products","203","Czechia","5510","Production","01192","Buckwheat","1996","1996","t","1500","E","Estimated value",""
"QCL","Crops and livestock products","203","Czechia","5312","Area harvested","01192","Buckwheat","1997","1997","ha","1300","E","Estimated value",""
"QCL","Crops and livestock products","203","Czechia","5412","Yield","01192","Buckwheat","1997","1997","kg/ha","1538.5","E","Estimated value",""
"QCL","Crops and livestock products","203","Czechia","5510","Production","01192","Buckwheat","1997","1997","t","2000","E","Estimated value",""
"QCL","Crops and livestock products","203","Czechia","5312","Area harvested","01192","Buckwheat","1998","1998","ha","1500","E","Estimated value",""
"QCL","Crops and livestock products","203","Czechia","5412","Yield","01192","Buckwheat","1998","1998","kg/ha","1666.7","E","Estimated value",""
"QCL","Crops and livestock products","203","Czechia","5510","Production","01192","Buckwheat","1998","1998","t","2500","E","Estimated value",""
"QCL","Crops and livestock products","203","Czechia","5312","Area harvested","01192","Buckwheat","1999","1999","ha","1800","E","Estimated value",""
"QCL","Crops and livestock products","203","Czechia","5412","Yield","01192","Buckwheat","1999","1999","kg/ha","1780.1","E","Estimated value",""
"QCL","Crops and livestock products","203","Czechia","5510","Production","01192","Buckwheat","1999","1999","t","3204.22","I","Value imputed by a receiving agency",""
"QCL","Crops and livestock products","203","Czechia","5312","Area harvested","01192","Buckwheat","2000","2000","ha","1500","E","Estimated value",""
"QCL","Crops and livestock products","203","Czechia","5412","Yield","01192","Buckwheat","2000","2000","kg/ha","2000","E","Estimated value",""
"QCL","Crops and livestock products","203","Czechia","5510","Production","01192","Buckwheat","2000","2000","t","3000","E","Estimated value",""
"QCL","Crops and livestock products","203","Czechia","5312","Area harvested","01192","Buckwheat","2001","2001","ha","1279","I","Value imputed by a receiving agency",""
"QCL","Crops and livestock products","203","Czechia","5412","Yield","01192","Buckwheat","2001","2001","kg/ha","1954.7","E","Estimated value",""
"QCL","Crops and livestock products","203","Czechia","5510","Production","01192","Buckwheat","2001","2001","t","2500","E","Estimated value",""
"QCL","Crops and livestock products","203","Czechia","5312","Area harvested","01192","Buckwheat","2002","2002","ha","1000","E","Estimated value",""
"QCL","Crops and livestock products","203","Czechia","5412","Yield","01192","Buckwheat","2002","2002","kg/ha","2000","E","Estimated value",""
"QCL","Crops and livestock products","203","Czechia","5510","Production","01192","Buckwheat","2002","2002","t","2000","E","Estimated value",""
"QCL","Crops and livestock products","203","Czechia","5312","Area harvested","01192","Buckwheat","2003","2003","ha","1200","E","Estimated value",""
"QCL","Crops and livestock products","203","Czechia","5412","Yield","01192","Buckwheat","2003","2003","kg/ha","2083.3","E","Estimated value",""
"QCL","Crops and livestock products","203","Czechia","5510","Production","01192","Buckwheat","2003","2003","t","2500","E","Estimated value",""
"QCL","Crops and livestock products","203","Czechia","5312","Area harvested","01192","Buckwheat","2004","2004","ha","1129","I","Value imputed by a receiving agency",""
"QCL","Crops and livestock products","203","Czechia","5412","Yield","01192","Buckwheat","2004","2004","kg/ha","2033.4","E","Estimated value",""
"QCL","Crops and livestock products","203","Czechia","5510","Production","01192","Buckwheat","2004","2004","t","2295.42","I","Value imputed by a receiving agency",""
"QCL","Crops and livestock products","203","Czechia","5312","Area harvested","01192","Buckwheat","2005","2005","ha","1000","E","Estimated value",""
"QCL","Crops and livestock products","203","Czechia","5412","Yield","01192","Buckwheat","2005","2005","kg/ha","2000","E","Estimated value",""
"QCL","Crops and livestock products","203","Czechia","5510","Production","01192","Buckwheat","2005","2005","t","2000","E","Estimated value",""
"QCL","Crops and livestock products","203","Czechia","5312","Area harvested","01192","Buckwheat","2006","2006","ha","1035","I","Value imputed by a receiving agency",""
"QCL","Crops and livestock products","203","Czechia","5412","Yield","01192","Buckwheat","2006","2006","kg/ha","2041","E","Estimated value",""
"QCL","Crops and livestock products","203","Czechia","5510","Production","01192","Buckwheat","2006","2006","t","2111.46","I","Value imputed by a receiving agency",""
"QCL","Crops and livestock products","203","Czechia","5312","Area harvested","01192","Buckwheat","2007","2007","ha","989","I","Value imputed by a receiving agency",""
"QCL","Crops and livestock products","203","Czechia","5412","Yield","01192","Buckwheat","2007","2007","kg/ha","2055","E","Estimated value",""
"QCL","Crops and livestock products","203","Czechia","5510","Production","01192","Buckwheat","2007","2007","t","2031.51","I","Value imputed by a receiving agency",""
"QCL","Crops and livestock products","203","Czechia","5312","Area harvested","01192","Buckwheat","2008","2008","ha","1024","I","Value imputed by a receiving agency",""
"QCL","Crops and livestock products","203","Czechia","5412","Yield","01192","Buckwheat","2008","2008","kg/ha","2194","E","Estimated value",""
"QCL","Crops and livestock products","203","Czechia","5510","Production","01192","Buckwheat","2008","2008","t","2246.66","I","Value imputed by a receiving agency",""
"QCL","Crops and livestock products","203","Czechia","5312","Area harvested","01192","Buckwheat","2009","2009","ha","1019","I","Value imputed by a receiving agency",""
"QCL","Crops and livestock products","203","Czechia","5412","Yield","01192","Buckwheat","2009","2009","kg/ha","2254.5","E","Estimated value",""
"QCL","Crops and livestock products","203","Czechia","5510","Production","01192","Buckwheat","2009","2009","t","2297.75","I","Value imputed by a receiving agency",""
"QCL","Crops and livestock products","203","Czechia","5312","Area harvested","01192","Buckwheat","2010","2010","ha","1008","I","Value imputed by a receiving agency",""
"QCL","Crops and livestock products","203","Czechia","5412","Yield","01192","Buckwheat","2010","2010","kg/ha","2391.3","E","Estimated value",""
"QCL","Crops and livestock products","203","Czechia","5510","Production","01192","Buckwheat","2010","2010","t","2410.6","I","Value imputed by a receiving agency",""
"QCL","Crops and livestock products","203","Czechia","5312","Area harvested","01192","Buckwheat","2011","2011","ha","1008","I","Value imputed by a receiving agency",""
"QCL","Crops and livestock products","203","Czechia","5412","Yield","01192","Buckwheat","2011","2011","kg/ha","2398.9","E","Estimated value",""
"QCL","Crops and livestock products","203","Czechia","5510","Production","01192","Buckwheat","2011","2011","t","2418.78","I","Value imputed by a receiving agency",""
"QCL","Crops and livestock products","203","Czechia","5312","Area harvested","01192","Buckwheat","2012","2012","ha","1000","E","Estimated value",""
"QCL","Crops and livestock products","203","Czechia","5412","Yield","01192","Buckwheat","2012","2012","kg/ha","2500","E","Estimated value",""
"QCL","Crops and livestock products","203","Czechia","5510","Production","01192","Buckwheat","2012","2012","t","2500","E","Estimated value",""
"QCL","Crops and livestock products","203","Czechia","5312","Area harvested","01192","Buckwheat","2013","2013","ha","1000","E","Estimated value",""
"QCL","Crops and livestock products","203","Czechia","5412","Yield","01192","Buckwheat","2013","2013","kg/ha","2400","E","Estimated value",""
"QCL","Crops and livestock products","203","Czechia","5510","Production","01192","Buckwheat","2013","2013","t","2400","E","Estimated value",""
"QCL","Crops and livestock products","203","Czechia","5312","Area harvested","01192","Buckwheat","2014","2014","ha","1000","E","Estimated value",""
"QCL","Crops and livestock products","203","Czechia","5412","Yield","01192","Buckwheat","2014","2014","kg/ha","2500","E","Estimated value",""
"QCL","Crops and livestock products","203","Czechia","5510","Production","01192","Buckwheat","2014","2014","t","2500","E","Estimated value",""
"QCL","Crops and livestock products","203","Czechia","5312","Area harvested","01192","Buckwheat","2015","2015","ha","990","I","Value imputed by a receiving agency",""
"QCL","Crops and livestock products","203","Czechia","5412","Yield","01192","Buckwheat","2015","2015","kg/ha","2544.5","E","Estimated value",""
"QCL","Crops and livestock products","203","Czechia","5510","Production","01192","Buckwheat","2015","2015","t","2520.25","I","Value imputed by a receiving agency",""
"QCL","Crops and livestock products","203","Czechia","5312","Area harvested","01192","Buckwheat","2016","2016","ha","901","I","Value imputed by a receiving agency",""
"QCL","Crops and livestock products","203","Czechia","5412","Yield","01192","Buckwheat","2016","2016","kg/ha","2545.1","E","Estimated value",""
"QCL","Crops and livestock products","203","Czechia","5510","Production","01192","Buckwheat","2016","2016","t","2292.39","I","Value imputed by a receiving agency",""
"QCL","Crops and livestock products","203","Czechia","5312","Area harvested","01192","Buckwheat","2017","2017","ha","887","I","Value imputed by a receiving agency",""
"QCL","Crops and livestock products","203","Czechia","5412","Yield","01192","Buckwheat","2017","2017","kg/ha","2549.9","E","Estimated value",""
"QCL","Crops and livestock products","203","Czechia","5510","Production","01192","Buckwheat","2017","2017","t","2262.28","I","Value imputed by a receiving agency",""
"QCL","Crops and livestock products","203","Czechia","5312","Area harvested","01212","Cabbages","1993","1993","ha","3832","A","Official value",""
"QCL","Crops and livestock products","203","Czechia","5412","Yield","01212","Cabbages","1993","1993","kg/ha","37114.6","A","Official value",""
"QCL","Crops and livestock products","203","Czechia","5510","Production","01212","Cabbages","1993","1993","t","142223","A","Official value",""
"QCL","Crops and livestock products","203","Czechia","5312","Area harvested","01212","Cabbages","1994","1994","ha","3554","A","Official value",""
"QCL","Crops and livestock products","203","Czechia","5412","Yield","01212","Cabbages","1994","1994","kg/ha","33388.6","A","Official value",""
"QCL","Crops and livestock products","203","Czechia","5510","Production","01212","Cabbages","1994","1994","t","118663","A","Official value",""
"QCL","Crops and livestock products","203","Czechia","5312","Area harvested","01212","Cabbages","1995","1995","ha","3618","A","Official value",""
"QCL","Crops and livestock products","203","Czechia","5412","Yield","01212","Cabbages","1995","1995","kg/ha","32165","A","Official value",""
"QCL","Crops and livestock products","203","Czechia","5510","Production","01212","Cabbages","1995","1995","t","116373","A","Official value",""
"QCL","Crops and livestock products","203","Czechia","5312","Area harvested","01212","Cabbages","1996","1996","ha","4097","A","Official value",""
"QCL","Crops and livestock products","203","Czechia","5412","Yield","01212","Cabbages","1996","1996","kg/ha","37395.4","A","Official value",""
"QCL","Crops and livestock products","203","Czechia","5510","Production","01212","Cabbages","1996","1996","t","153209","A","Official value",""
"QCL","Crops and livestock products","203","Czechia","5312","Area harvested","01212","Cabbages","1997","1997","ha","3799","A","Official value",""
"QCL","Crops and livestock products","203","Czechia","5412","Yield","01212","Cabbages","1997","1997","kg/ha","35045.8","A","Official value",""
"QCL","Crops and livestock products","203","Czechia","5510","Production","01212","Cabbages","1997","1997","t","133139","A","Official value",""
"QCL","Crops and livestock products","203","Czechia","5312","Area harvested","01212","Cabbages","1998","1998","ha","3894","A","Official value",""
"QCL","Crops and livestock products","203","Czechia","5412","Yield","01212","Cabbages","1998","1998","kg/ha","35085","A","Official value",""
"QCL","Crops and livestock products","203","Czechia","5510","Production","01212","Cabbages","1998","1998","t","136621","A","Official value",""
"QCL","Crops and livestock products","203","Czechia","5312","Area harvested","01212","Cabbages","1999","1999","ha","3779","A","Official value",""
"QCL","Crops and livestock products","203","Czechia","5412","Yield","01212","Cabbages","1999","1999","kg/ha","35103.7","A","Official value",""
"QCL","Crops and livestock products","203","Czechia","5510","Production","01212","Cabbages","1999","1999","t","132657","A","Official value",""
"QCL","Crops and livestock products","203","Czechia","5312","Area harvested","01212","Cabbages","2000","2000","ha","3746","A","Official value",""
"QCL","Crops and livestock products","203","Czechia","5412","Yield","01212","Cabbages","2000","2000","kg/ha","35654.3","A","Official value",""
"QCL","Crops and livestock products","203","Czechia","5510","Production","01212","Cabbages","2000","2000","t","133561","A","Official value",""
"QCL","Crops and livestock products","203","Czechia","5312","Area harvested","01212","Cabbages","2001","2001","ha","2874","A","Official value",""
"QCL","Crops and livestock products","203","Czechia","5412","Yield","01212","Cabbages","2001","2001","kg/ha","36176.1","A","Official value",""
"QCL","Crops and livestock products","203","Czechia","5510","Production","01212","Cabbages","2001","2001","t","103970","A","Official value",""
"QCL","Crops and livestock products","203","Czechia","5312","Area harvested","01212","Cabbages","2002","2002","ha","2324","A","Official value",""
"QCL","Crops and livestock products","203","Czechia","5412","Yield","01212","Cabbages","2002","2002","kg/ha","31430.7","A","Official value",""
"QCL","Crops and livestock products","203","Czechia","5510","Production","01212","Cabbages","2002","2002","t","73045","A","Official value",""
"QCL","Crops and livestock products","203","Czechia","5312","Area harvested","01212","Cabbages","2003","2003","ha","2333","A","Official value",""
"QCL","Crops and livestock products","203","Czechia","5412","Yield","01212","Cabbages","2003","2003","kg/ha","32180.9","A","Official value",""
"QCL","Crops and livestock products","203","Czechia","5510","Production","01212","Cabbages","2003","2003","t","75078","A","Official value",""
"QCL","Crops and livestock products","203","Czechia","5312","Area harvested","01212","Cabbages","2004","2004","ha","2187","A","Official value",""
"QCL","Crops and livestock products","203","Czechia","5412","Yield","01212","Cabbages","2004","2004","kg/ha","32310","A","Official value",""
"QCL","Crops and livestock products","203","Czechia","5510","Production","01212","Cabbages","2004","2004","t","70662","A","Official value",""
"QCL","Crops and livestock products","203","Czechia","5312","Area harvested","01212","Cabbages","2005","2005","ha","1001","A","Official value",""
"QCL","Crops and livestock products","203","Czechia","5412","Yield","01212","Cabbages","2005","2005","kg/ha","49443.6","A","Official value",""
"QCL","Crops and livestock products","203","Czechia","5510","Production","01212","Cabbages","2005","2005","t","49493","A","Official value",""
"QCL","Crops and livestock products","203","Czechia","5312","Area harvested","01212","Cabbages","2006","2006","ha","1310","A","Official value",""
"QCL","Crops and livestock products","203","Czechia","5412","Yield","01212","Cabbages","2006","2006","kg/ha","38803.1","A","Official value",""
"QCL","Crops and livestock products","203","Czechia","5510","Production","01212","Cabbages","2006","2006","t","50832","A","Official value",""
"QCL","Crops and livestock products","203","Czechia","5312","Area harvested","01212","Cabbages","2007","2007","ha","1287","A","Official value",""
"QCL","Crops and livestock products","203","Czechia","5412","Yield","01212","Cabbages","2007","2007","kg/ha","40175.6","A","Official value",""
"QCL","Crops and livestock products","203","Czechia","5510","Production","01212","Cabbages","2007","2007","t","51706","A","Official value",""
"QCL","Crops and livestock products","203","Czechia","5312","Area harvested","01212","Cabbages","2008","2008","ha","1235","A","Official value",""
"QCL","Crops and livestock products","203","Czechia","5412","Yield","01212","Cabbages","2008","2008","kg/ha","41054.3","A","Official value",""
"QCL","Crops and livestock products","203","Czechia","5510","Production","01212","Cabbages","2008","2008","t","50702","A","Official value",""
"QCL","Crops and livestock products","203","Czechia","5312","Area harvested","01212","Cabbages","2009","2009","ha","1088","A","Official value",""
"QCL","Crops and livestock products","203","Czechia","5412","Yield","01212","Cabbages","2009","2009","kg/ha","41682","A","Official value",""
"QCL","Crops and livestock products","203","Czechia","5510","Production","01212","Cabbages","2009","2009","t","45350","A","Official value",""
"QCL","Crops and livestock products","203","Czechia","5312","Area harvested","01212","Cabbages","2010","2010","ha","1077","A","Official value",""
"QCL","Crops and livestock products","203","Czechia","5412","Yield","01212","Cabbages","2010","2010","kg/ha","33292.5","A","Official value",""
"QCL","Crops and livestock products","203","Czechia","5510","Production","01212","Cabbages","2010","2010","t","35856","A","Official value",""
"QCL","Crops and livestock products","203","Czechia","5312","Area harvested","01212","Cabbages","2011","2011","ha","1462","A","Official value",""
"QCL","Crops and livestock products","203","Czechia","5412","Yield","01212","Cabbages","2011","2011","kg/ha","39935.7","A","Official value",""
"QCL","Crops and livestock products","203","Czechia","5510","Production","01212","Cabbages","2011","2011","t","58386","A","Official value",""
"QCL","Crops and livestock products","203","Czechia","5312","Area harvested","01212","Cabbages","2012","2012","ha","1200","A","Official value",""
"QCL","Crops and livestock products","203","Czechia","5412","Yield","01212","Cabbages","2012","2012","kg/ha","41263.3","A","Official value",""
"QCL","Crops and livestock products","203","Czechia","5510","Production","01212","Cabbages","2012","2012","t","49516","A","Official value",""
"QCL","Crops and livestock products","203","Czechia","5312","Area harvested","01212","Cabbages","2013","2013","ha","1096","A","Official value",""
"QCL","Crops and livestock products","203","Czechia","5412","Yield","01212","Cabbages","2013","2013","kg/ha","38675.2","A","Official value",""
"QCL","Crops and livestock products","203","Czechia","5510","Production","01212","Cabbages","2013","2013","t","42388","A","Official value",""
"QCL","Crops and livestock products","203","Czechia","5312","Area harvested","01212","Cabbages","2014","2014","ha","1139","A","Official value",""
"QCL","Crops and livestock products","203","Czechia","5412","Yield","01212","Cabbages","2014","2014","kg/ha","48598.8","A","Official value",""
"QCL","Crops and livestock products","203","Czechia","5510","Production","01212","Cabbages","2014","2014","t","55354","A","Official value",""
"QCL","Crops and livestock products","203","Czechia","5312","Area harvested","01212","Cabbages","2015","2015","ha","1130","A","Official value",""
"QCL","Crops and livestock products","203","Czechia","5412","Yield","01212","Cabbages","2015","2015","kg/ha","36813.3","A","Official value",""
"QCL","Crops and livestock products","203","Czechia","5510","Production","01212","Cabbages","2015","2015","t","41599","A","Official value",""
"QCL","Crops and livestock products","203","Czechia","5312","Area harvested","01212","Cabbages","2016","2016","ha","1214","A","Official value",""
"QCL","Crops and livestock products","203","Czechia","5412","Yield","01212","Cabbages","2016","2016","kg/ha","41353.4","A","Official value",""
"QCL","Crops and livestock products","203","Czechia","5510","Production","01212","Cabbages","2016","2016","t","50203","A","Official value",""
"QCL","Crops and livestock products","203","Czechia","5312","Area harvested","01212","Cabbages","2017","2017","ha","1093","A","Official value",""
"QCL","Crops and livestock products","203","Czechia","5412","Yield","01212","Cabbages","2017","2017","kg/ha","44991.5","A","Official value",""
"QCL","Crops and livestock products","203","Czechia","5510","Production","01212","Cabbages","2017","2017","t","49183.32","A","Official value",""
"QCL","Crops and livestock products","203","Czechia","5312","Area harvested","01212","Cabbages","2018","2018","ha","1160","A","Official value",""
"QCL","Crops and livestock products","203","Czechia","5412","Yield","01212","Cabbages","2018","2018","kg/ha","32620.7","A","Official value",""
"QCL","Crops and livestock products","203","Czechia","5510","Production","01212","Cabbages","2018","2018","t","37840","A","Official value",""
"QCL","Crops and livestock products","203","Czechia","5312","Area harvested","01212","Cabbages","2019","2019","ha","1260","A","Official value",""
"QCL","Crops and livestock products","203","Czechia","5412","Yield","01212","Cabbages","2019","2019","kg/ha","32801.6","A","Official value",""
"QCL","Crops and livestock products","203","Czechia","5510","Production","01212","Cabbages","2019","2019","t","41330","A","Official value",""
"QCL","Crops and livestock products","203","Czechia","5312","Area harvested","01212","Cabbages","2020","2020","ha","1340","A","Official value",""
"QCL","Crops and livestock products","203","Czechia","5412","Yield","01212","Cabbages","2020","2020","kg/ha","36350.7","A","Official value",""
"QCL","Crops and livestock products","203","Czechia","5510","Production","01212","Cabbages","2020","2020","t","48710","A","Official value",""
"QCL","Crops and livestock products","203","Czechia","5312","Area harvested","01212","Cabbages","2021","2021","ha","1340","A","Official value",""
"QCL","Crops and livestock products","203","Czechia","5412","Yield","01212","Cabbages","2021","2021","kg/ha","36604.5","A","Official value",""
"QCL","Crops and livestock products","203","Czechia","5510","Production","01212","Cabbages","2021","2021","t","49050","A","Official value",""
"QCL","Crops and livestock products","203","Czechia","5312","Area harvested","01212","Cabbages","2022","2022","ha","1190","A","Official value",""
"QCL","Crops and livestock products","203","Czechia","5412","Yield","01212","Cabbages","2022","2022","kg/ha","38117.6","A","Official value",""
"QCL","Crops and livestock products","203","Czechia","5510","Production","01212","Cabbages","2022","2022","t","45360","A","Official value",""
"QCL","Crops and livestock products","203","Czechia","5312","Area harvested","01212","Cabbages","2023","2023","ha","1220","A","Official value",""
"QCL","Crops and livestock products","203","Czechia","5412","Yield","01212","Cabbages","2023","2023","kg/ha","39114.8","A","Official value",""
"QCL","Crops and livestock products","203","Czechia","5510","Production","01212","Cabbages","2023","2023","t","47720","A","Official value",""
"QCL","Crops and livestock products","203","Czechia","5312","Area harvested","01212","Cabbages","2024","2024","ha","1260","A","Official value",""
"QCL","Crops and livestock products","203","Czechia","5412","Yield","01212","Cabbages","2024","2024","kg/ha","33920.6","A","Official value",""
"QCL","Crops and livestock products","203","Czechia","5510","Production","01212","Cabbages","2024","2024","t","42740","A","Official value",""
"QCL","Crops and livestock products","203","Czechia","5312","Area harvested","01195","Canary seed","1993","1993","ha","","M","Missing value; data cannot exist",""
"QCL","Crops and livestock products","203","Czechia","5510","Production","01195","Canary seed","1993","1993","t","","M","Missing value; data cannot exist",""
"QCL","Crops and livestock products","203","Czechia","5312","Area harvested","01195","Canary seed","1994","1994","ha","","M","Missing value; data cannot exist",""
"QCL","Crops and livestock products","203","Czechia","5510","Production","01195","Canary seed","1994","1994","t","","M","Missing value; data cannot exist",""
"QCL","Crops and livestock products","203","Czechia","5312","Area harvested","01195","Canary seed","1995","1995","ha","","M","Missing value; data cannot exist",""
"QCL","Crops and livestock products","203","Czechia","5510","Production","01195","Canary seed","1995","1995","t","","M","Missing value; data cannot exist",""
"QCL","Crops and livestock products","203","Czechia","5312","Area harvested","01195","Canary seed","1996","1996","ha","","M","Missing value; data cannot exist",""
"QCL","Crops and livestock products","203","Czechia","5510","Production","01195","Canary seed","1996","1996","t","","M","Missing value; data cannot exist",""
"QCL","Crops and livestock products","203","Czechia","5312","Area harvested","01195","Canary seed","1997","1997","ha","","M","Missing value; data cannot exist",""
"QCL","Crops and livestock products","203","Czechia","5510","Production","01195","Canary seed","1997","1997","t","","M","Missing value; data cannot exist",""
"QCL","Crops and livestock products","203","Czechia","5312","Area harvested","01195","Canary seed","1998","1998","ha","","M","Missing value; data cannot exist",""
"QCL","Crops and livestock products","203","Czechia","5510","Production","01195","Canary seed","1998","1998","t","","M","Missing value; data cannot exist",""
"QCL","Crops and livestock products","203","Czechia","5312","Area harvested","01195","Canary seed","1999","1999","ha","","M","Missing value; data cannot exist",""
"QCL","Crops and livestock products","203","Czechia","5510","Production","01195","Canary seed","1999","1999","t","","M","Missing value; data cannot exist",""
"QCL","Crops and livestock products","203","Czechia","5312","Area harvested","01195","Canary seed","2000","2000","ha","","M","Missing value; data cannot exist",""
"QCL","Crops and livestock products","203","Czechia","5510","Production","01195","Canary seed","2000","2000","t","","M","Missing value; data cannot exist",""
"QCL","Crops and livestock products","203","Czechia","5312","Area harvested","01195","Canary seed","2001","2001","ha","","M","Missing value; data cannot exist",""
"QCL","Crops and livestock products","203","Czechia","5510","Production","01195","Canary seed","2001","2001","t","","M","Missing value; data cannot exist",""
"QCL","Crops and livestock products","203","Czechia","5312","Area harvested","01195","Canary seed","2002","2002","ha","","M","Missing value; data cannot exist",""
"QCL","Crops and livestock products","203","Czechia","5510","Production","01195","Canary seed","2002","2002","t","","M","Missing value; data cannot exist",""
"QCL","Crops and livestock products","203","Czechia","5312","Area harvested","01195","Canary seed","2003","2003","ha","","M","Missing value; data cannot exist",""
"QCL","Crops and livestock products","203","Czechia","5510","Production","01195","Canary seed","2003","2003","t","","M","Missing value; data cannot exist",""
"QCL","Crops and livestock products","203","Czechia","5312","Area harvested","01195","Canary seed","2004","2004","ha","700","E","Estimated value",""
"QCL","Crops and livestock products","203","Czechia","5412","Yield","01195","Canary seed","2004","2004","kg/ha","1000","E","Estimated value",""
"QCL","Crops and livestock products","203","Czechia","5510","Production","01195","Canary seed","2004","2004","t","700","E","Estimated value",""
"QCL","Crops and livestock products","203","Czechia","5312","Area harvested","01195","Canary seed","2005","2005","ha","673","I","Value imputed by a receiving agency",""
"QCL","Crops and livestock products","203","Czechia","5412","Yield","01195","Canary seed","2005","2005","kg/ha","996","E","Estimated value",""
"QCL","Crops and livestock products","203","Czechia","5510","Production","01195","Canary seed","2005","2005","t","670.21","I","Value imputed by a receiving agency",""
"QCL","Crops and livestock products","203","Czechia","5312","Area harvested","01195","Canary seed","2006","2006","ha","600","E","Estimated value",""
"QCL","Crops and livestock products","203","Czechia","5412","Yield","01195","Canary seed","2006","2006","kg/ha","966.7","E","Estimated value",""
"QCL","Crops and livestock products","203","Czechia","5510","Production","01195","Canary seed","2006","2006","t","580","E","Estimated value",""
"QCL","Crops and livestock products","203","Czechia","5312","Area harvested","01195","Canary seed","2007","2007","ha","662","I","Value imputed by a receiving agency",""
"QCL","Crops and livestock products","203","Czechia","5412","Yield","01195","Canary seed","2007","2007","kg/ha","1017.9","E","Estimated value",""
"QCL","Crops and livestock products","203","Czechia","5510","Production","01195","Canary seed","2007","2007","t","673.35","I","Value imputed by a receiving agency",""
"QCL","Crops and livestock products","203","Czechia","5312","Area harvested","01195","Canary seed","2008","2008","ha","663","I","Value imputed by a receiving agency",""
"QCL","Crops and livestock products","203","Czechia","5412","Yield","01195","Canary seed","2008","2008","kg/ha","1034.9","E","Estimated value",""
"QCL","Crops and livestock products","203","Czechia","5510","Production","01195","Canary seed","2008","2008","t","686.54","I","Value imputed by a receiving agency",""
"QCL","Crops and livestock products","203","Czechia","5312","Area harvested","01195","Canary seed","2009","2009","ha","665","I","Value imputed by a receiving agency",""
"QCL","Crops and livestock products","203","Czechia","5412","Yield","01195","Canary seed","2009","2009","kg/ha","1052.3","E","Estimated value",""
"QCL","Crops and livestock products","203","Czechia","5510","Production","01195","Canary seed","2009","2009","t","700.06","I","Value imputed by a receiving agency",""
"QCL","Crops and livestock products","203","Czechia","5312","Area harvested","01195","Canary seed","2010","2010","ha","668","I","Value imputed by a receiving agency",""
"QCL","Crops and livestock products","203","Czechia","5412","Yield","01195","Canary seed","2010","2010","kg/ha","1068.5","E","Estimated value",""
"QCL","Crops and livestock products","203","Czechia","5510","Production","01195","Canary seed","2010","2010","t","713.48","I","Value imputed by a receiving agency",""
"QCL","Crops and livestock products","203","Czechia","5312","Area harvested","01195","Canary seed","2011","2011","ha","671","I","Value imputed by a receiving agency",""
"QCL","Crops and livestock products","203","Czechia","5412","Yield","01195","Canary seed","2011","2011","kg/ha","1082.3","E","Estimated value",""
"QCL","Crops and livestock products","203","Czechia","5510","Production","01195","Canary seed","2011","2011","t","726.37","I","Value imputed by a receiving agency",""
"QCL","Crops and livestock products","203","Czechia","5312","Area harvested","01195","Canary seed","2012","2012","ha","700","E","Estimated value",""
"QCL","Crops and livestock products","203","Czechia","5412","Yield","01195","Canary seed","2012","2012","kg/ha","1142.9","E","Estimated value",""
"QCL","Crops and livestock products","203","Czechia","5510","Production","01195","Canary seed","2012","2012","t","800","E","Estimated value",""
"QCL","Crops and livestock products","203","Czechia","5312","Area harvested","01195","Canary seed","2013","2013","ha","700","E","Estimated value",""
"QCL","Crops and livestock products","203","Czechia","5412","Yield","01195","Canary seed","2013","2013","kg/ha","1071.4","E","Estimated value",""
"QCL","Crops and livestock products","203","Czechia","5510","Production","01195","Canary seed","2013","2013","t","750","E","Estimated value",""
"QCL","Crops and livestock products","203","Czechia","5312","Area harvested","01195","Canary seed","2014","2014","ha","700","I","Value imputed by a receiving agency",""
"QCL","Crops and livestock products","203","Czechia","5412","Yield","01195","Canary seed","2014","2014","kg/ha","1089.8","E","Estimated value",""
"QCL","Crops and livestock products","203","Czechia","5510","Production","01195","Canary seed","2014","2014","t","762.79","I","Value imputed by a receiving agency",""
"QCL","Crops and livestock products","203","Czechia","5312","Area harvested","01195","Canary seed","2015","2015","ha","697","I","Value imputed by a receiving agency",""
"QCL","Crops and livestock products","203","Czechia","5412","Yield","01195","Canary seed","2015","2015","kg/ha","1118","E","Estimated value",""
"QCL","Crops and livestock products","203","Czechia","5510","Production","01195","Canary seed","2015","2015","t","779.77","I","Value imputed by a receiving agency",""
"QCL","Crops and livestock products","203","Czechia","5312","Area harvested","01195","Canary seed","2016","2016","ha","702","I","Value imputed by a receiving agency",""
"QCL","Crops and livestock products","203","Czechia","5412","Yield","01195","Canary seed","2016","2016","kg/ha","1123.6","E","Estimated value",""
"QCL","Crops and livestock products","203","Czechia","5510","Production","01195","Canary seed","2016","2016","t","788.31","I","Value imputed by a receiving agency",""
"QCL","Crops and livestock products","203","Czechia","5312","Area harvested","01195","Canary seed","2017","2017","ha","705","I","Value imputed by a receiving agency",""
"QCL","Crops and livestock products","203","Czechia","5412","Yield","01195","Canary seed","2017","2017","kg/ha","1133","E","Estimated value",""
"QCL","Crops and livestock products","203","Czechia","5510","Production","01195","Canary seed","2017","2017","t","799.04","I","Value imputed by a receiving agency",""
"QCL","Crops and livestock products","203","Czechia","5312","Area harvested","01229","Cantaloupes and other melons","1993","1993","ha","2","A","Official value",""
"QCL","Crops and livestock products","203","Czechia","5412","Yield","01229","Cantaloupes and other melons","1993","1993","kg/ha","17000","A","Official value",""
"QCL","Crops and livestock products","203","Czechia","5510","Production","01229","Cantaloupes and other melons","1993","1993","t","34","A","Official value",""
"QCL","Crops and livestock products","203","Czechia","5312","Area harvested","01229","Cantaloupes and other melons","1994","1994","ha","0","E","Estimated value",""
"QCL","Crops and livestock products","203","Czechia","5510","Production","01229","Cantaloupes and other melons","1994","1994","t","0","E","Estimated value",""
"QCL","Crops and livestock products","203","Czechia","5312","Area harvested","01229","Cantaloupes and other melons","1995","1995","ha","","M","Missing value; data cannot exist",""
"QCL","Crops and livestock products","203","Czechia","5510","Production","01229","Cantaloupes and other melons","1995","1995","t","","M","Missing value; data cannot exist",""
"QCL","Crops and livestock products","203","Czechia","5312","Area harvested","01229","Cantaloupes and other melons","1996","1996","ha","","M","Missing value; data cannot exist",""
"QCL","Crops and livestock products","203","Czechia","5510","Production","01229","Cantaloupes and other melons","1996","1996","t","","M","Missing value; data cannot exist",""
"QCL","Crops and livestock products","203","Czechia","5312","Area harvested","01229","Cantaloupes and other melons","1997","1997","ha","","M","Missing value; data cannot exist",""
"QCL","Crops and livestock products","203","Czechia","5510","Production","01229","Cantaloupes and other melons","1997","1997","t","","M","Missing value; data cannot exist",""
"QCL","Crops and livestock products","203","Czechia","5312","Area harvested","01229","Cantaloupes and other melons","1998","1998","ha","","M","Missing value; data cannot exist",""
"QCL","Crops and livestock products","203","Czechia","5510","Production","01229","Cantaloupes and other melons","1998","1998","t","","M","Missing value; data cannot exist",""
"QCL","Crops and livestock products","203","Czechia","5312","Area harvested","01229","Cantaloupes and other melons","1999","1999","ha","","M","Missing value; data cannot exist",""
"QCL","Crops and livestock products","203","Czechia","5510","Production","01229","Cantaloupes and other melons","1999","1999","t","","M","Missing value; data cannot exist",""
"QCL","Crops and livestock products","203","Czechia","5312","Area harvested","01229","Cantaloupes and other melons","2000","2000","ha","","M","Missing value; data cannot exist",""
"QCL","Crops and livestock products","203","Czechia","5510","Production","01229","Cantaloupes and other melons","2000","2000","t","","M","Missing value; data cannot exist",""
"QCL","Crops and livestock products","203","Czechia","5312","Area harvested","01229","Cantaloupes and other melons","2001","2001","ha","","M","Missing value; data cannot exist",""
"QCL","Crops and livestock products","203","Czechia","5510","Production","01229","Cantaloupes and other melons","2001","2001","t","","M","Missing value; data cannot exist",""
"QCL","Crops and livestock products","203","Czechia","5312","Area harvested","01229","Cantaloupes and other melons","2002","2002","ha","","M","Missing value; data cannot exist",""
"QCL","Crops and livestock products","203","Czechia","5510","Production","01229","Cantaloupes and other melons","2002","2002","t","","M","Missing value; data cannot exist",""
"QCL","Crops and livestock products","203","Czechia","5312","Area harvested","01229","Cantaloupes and other melons","2003","2003","ha","","M","Missing value; data cannot exist",""
"QCL","Crops and livestock products","203","Czechia","5510","Production","01229","Cantaloupes and other melons","2003","2003","t","","M","Missing value; data cannot exist",""
"QCL","Crops and livestock products","203","Czechia","5312","Area harvested","01229","Cantaloupes and other melons","2004","2004","ha","","M","Missing value; data cannot exist",""
"QCL","Crops and livestock products","203","Czechia","5510","Production","01229","Cantaloupes and other melons","2004","2004","t","","M","Missing value; data cannot exist",""
"QCL","Crops and livestock products","203","Czechia","5312","Area harvested","01229","Cantaloupes and other melons","2005","2005","ha","","M","Missing value; data cannot exist",""
"QCL","Crops and livestock products","203","Czechia","5510","Production","01229","Cantaloupes and other melons","2005","2005","t","","M","Missing value; data cannot exist",""
"QCL","Crops and livestock products","203","Czechia","5312","Area harvested","01229","Cantaloupes and other melons","2006","2006","ha","","M","Missing value; data cannot exist",""
"QCL","Crops and livestock products","203","Czechia","5510","Production","01229","Cantaloupes and other melons","2006","2006","t","","M","Missing value; data cannot exist",""
"QCL","Crops and livestock products","203","Czechia","5312","Area harvested","01229","Cantaloupes and other melons","2007","2007","ha","","M","Missing value; data cannot exist",""
"QCL","Crops and livestock products","203","Czechia","5510","Production","01229","Cantaloupes and other melons","2007","2007","t","","M","Missing value; data cannot exist",""
"QCL","Crops and livestock products","203","Czechia","5312","Area harvested","01229","Cantaloupes and other melons","2008","2008","ha","","M","Missing value; data cannot exist",""
"QCL","Crops and livestock products","203","Czechia","5510","Production","01229","Cantaloupes and other melons","2008","2008","t","","M","Missing value; data cannot exist",""
"QCL","Crops and livestock products","203","Czechia","5312","Area harvested","01229","Cantaloupes and other melons","2009","2009","ha","","M","Missing value; data cannot exist",""
"QCL","Crops and livestock products","203","Czechia","5510","Production","01229","Cantaloupes and other melons","2009","2009","t","","M","Missing value; data cannot exist",""
"QCL","Crops and livestock products","203","Czechia","5312","Area harvested","01229","Cantaloupes and other melons","2010","2010","ha","","M","Missing value; data cannot exist",""
"QCL","Crops and livestock products","203","Czechia","5510","Production","01229","Cantaloupes and other melons","2010","2010","t","","M","Missing value; data cannot exist",""
"QCL","Crops and livestock products","203","Czechia","5312","Area harvested","01229","Cantaloupes and other melons","2011","2011","ha","","M","Missing value; data cannot exist",""
"QCL","Crops and livestock products","203","Czechia","5510","Production","01229","Cantaloupes and other melons","2011","2011","t","","M","Missing value; data cannot exist",""
"QCL","Crops and livestock products","203","Czechia","5312","Area harvested","01229","Cantaloupes and other melons","2012","2012","ha","","M","Missing value; data cannot exist",""
"QCL","Crops and livestock products","203","Czechia","5510","Production","01229","Cantaloupes and other melons","2012","2012","t","","M","Missing value; data cannot exist",""
"QCL","Crops and livestock products","203","Czechia","5312","Area harvested","01229","Cantaloupes and other melons","2013","2013","ha","","M","Missing value; data cannot exist",""
"QCL","Crops and livestock products","203","Czechia","5510","Production","01229","Cantaloupes and other melons","2013","2013","t","","M","Missing value; data cannot exist",""
"QCL","Crops and livestock products","203","Czechia","5312","Area harvested","01229","Cantaloupes and other melons","2014","2014","ha","","M","Missing value; data cannot exist",""
"QCL","Crops and livestock products","203","Czechia","5510","Production","01229","Cantaloupes and other melons","2014","2014","t","","M","Missing value; data cannot exist",""
"QCL","Crops and livestock products","203","Czechia","5312","Area harvested","01229","Cantaloupes and other melons","2015","2015","ha","","M","Missing value; data cannot exist",""
"QCL","Crops and livestock products","203","Czechia","5510","Production","01229","Cantaloupes and other melons","2015","2015","t","","M","Missing value; data cannot exist",""
"QCL","Crops and livestock products","203","Czechia","5312","Area harvested","01229","Cantaloupes and other melons","2016","2016","ha","","M","Missing value; data cannot exist",""
"QCL","Crops and livestock products","203","Czechia","5510","Production","01229","Cantaloupes and other melons","2016","2016","t","","M","Missing value; data cannot exist",""
"QCL","Crops and livestock products","203","Czechia","5312","Area harvested","01229","Cantaloupes and other melons","2017","2017","ha","","M","Missing value; data cannot exist",""
"QCL","Crops and livestock products","203","Czechia","5510","Production","01229","Cantaloupes and other melons","2017","2017","t","","M","Missing value; data cannot exist",""
"QCL","Crops and livestock products","203","Czechia","5312","Area harvested","01251","Carrots and turnips","1993","1993","ha","4300","A","Official value",""
"QCL","Crops and livestock products","203","Czechia","5412","Yield","01251","Carrots and turnips","1993","1993","kg/ha","17570.7","A","Official value",""
"QCL","Crops and livestock products","203","Czechia","5510","Production","01251","Carrots and turnips","1993","1993","t","75554","A","Official value",""
"QCL","Crops and livestock products","203","Czechia","5312","Area harvested","01251","Carrots and turnips","1994","1994","ha","3429","A","Official value",""
"QCL","Crops and livestock products","203","Czechia","5412","Yield","01251","Carrots and turnips","1994","1994","kg/ha","19922.7","A","Official value",""
"QCL","Crops and livestock products","203","Czechia","5510","Production","01251","Carrots and turnips","1994","1994","t","68315","A","Official value",""
"QCL","Crops and livestock products","203","Czechia","5312","Area harvested","01251","Carrots and turnips","1995","1995","ha","3522","A","Official value",""
"QCL","Crops and livestock products","203","Czechia","5412","Yield","01251","Carrots and turnips","1995","1995","kg/ha","20702.7","A","Official value",""
"QCL","Crops and livestock products","203","Czechia","5510","Production","01251","Carrots and turnips","1995","1995","t","72915","A","Official value",""
"QCL","Crops and livestock products","203","Czechia","5312","Area harvested","01251","Carrots and turnips","1996","1996","ha","3915","A","Official value",""
"QCL","Crops and livestock products","203","Czechia","5412","Yield","01251","Carrots and turnips","1996","1996","kg/ha","23129.2","A","Official value",""
"QCL","Crops and livestock products","203","Czechia","5510","Production","01251","Carrots and turnips","1996","1996","t","90551","A","Official value",""
"QCL","Crops and livestock products","203","Czechia","5312","Area harvested","01251","Carrots and turnips","1997","1997","ha","3551","A","Official value",""
"QCL","Crops and livestock products","203","Czechia","5412","Yield","01251","Carrots and turnips","1997","1997","kg/ha","20824.8","A","Official value",""
"QCL","Crops and livestock products","203","Czechia","5510","Production","01251","Carrots and turnips","1997","1997","t","73949","A","Official value",""
"QCL","Crops and livestock products","203","Czechia","5312","Area harvested","01251","Carrots and turnips","1998","1998","ha","3693","A","Official value",""
"QCL","Crops and livestock products","203","Czechia","5412","Yield","01251","Carrots and turnips","1998","1998","kg/ha","20690.5","A","Official value",""
"QCL","Crops and livestock products","203","Czechia","5510","Production","01251","Carrots and turnips","1998","1998","t","76410","A","Official value",""
"QCL","Crops and livestock products","203","Czechia","5312","Area harvested","01251","Carrots and turnips","1999","1999","ha","3602","A","Official value",""
"QCL","Crops and livestock products","203","Czechia","5412","Yield","01251","Carrots and turnips","1999","1999","kg/ha","21839.3","A","Official value",""
"QCL","Crops and livestock products","203","Czechia","5510","Production","01251","Carrots and turnips","1999","1999","t","78665","A","Official value",""
"QCL","Crops and livestock products","203","Czechia","5312","Area harvested","01251","Carrots and turnips","2000","2000","ha","3152","A","Official value",""
"QCL","Crops and livestock products","203","Czechia","5412","Yield","01251","Carrots and turnips","2000","2000","kg/ha","18590.1","A","Official value",""
"QCL","Crops and livestock products","203","Czechia","5510","Production","01251","Carrots and turnips","2000","2000","t","58596","A","Official value",""
"QCL","Crops and livestock products","203","Czechia","5312","Area harvested","01251","Carrots and turnips","2001","2001","ha","2532","A","Official value",""
"QCL","Crops and livestock products","203","Czechia","5412","Yield","01251","Carrots and turnips","2001","2001","kg/ha","20714.5","A","Official value",""
"QCL","Crops and livestock products","203","Czechia","5510","Production","01251","Carrots and turnips","2001","2001","t","52449","A","Official value",""
"QCL","Crops and livestock products","203","Czechia","5312","Area harvested","01251","Carrots and turnips","2002","2002","ha","976","A","Official value",""
"QCL","Crops and livestock products","203","Czechia","5412","Yield","01251","Carrots and turnips","2002","2002","kg/ha","28110.7","A","Official value",""
"QCL","Crops and livestock products","203","Czechia","5510","Production","01251","Carrots and turnips","2002","2002","t","27436","A","Official value",""
"QCL","Crops and livestock products","203","Czechia","5312","Area harvested","01251","Carrots and turnips","2003","2003","ha","888","A","Official value",""
"QCL","Crops and livestock products","203","Czechia","5412","Yield","01251","Carrots and turnips","2003","2003","kg/ha","27510.1","A","Official value",""
"QCL","Crops and livestock products","203","Czechia","5510","Production","01251","Carrots and turnips","2003","2003","t","24429","A","Official value",""
"QCL","Crops and livestock products","203","Czechia","5312","Area harvested","01251","Carrots and turnips","2004","2004","ha","950","A","Official value",""
"QCL","Crops and livestock products","203","Czechia","5412","Yield","01251","Carrots and turnips","2004","2004","kg/ha","31843.2","A","Official value",""
"QCL","Crops and livestock products","203","Czechia","5510","Production","01251","Carrots and turnips","2004","2004","t","30251","A","Official value",""
"QCL","Crops and livestock products","203","Czechia","5312","Area harvested","01251","Carrots and turnips","2005","2005","ha","713","A","Official value",""
"QCL","Crops and livestock products","203","Czechia","5412","Yield","01251","Carrots and turnips","2005","2005","kg/ha","35321.2","A","Official value",""
"QCL","Crops and livestock products","203","Czechia","5510","Production","01251","Carrots and turnips","2005","2005","t","25184","A","Official value",""
"QCL","Crops and livestock products","203","Czechia","5312","Area harvested","01251","Carrots and turnips","2006","2006","ha","679","A","Official value",""
"QCL","Crops and livestock products","203","Czechia","5412","Yield","01251","Carrots and turnips","2006","2006","kg/ha","36854.2","A","Official value",""
"QCL","Crops and livestock products","203","Czechia","5510","Production","01251","Carrots and turnips","2006","2006","t","25024","A","Official value",""
"QCL","Crops and livestock products","203","Czechia","5312","Area harvested","01251","Carrots and turnips","2007","2007","ha","688","A","Official value",""
"QCL","Crops and livestock products","203","Czechia","5412","Yield","01251","Carrots and turnips","2007","2007","kg/ha","39965.1","A","Official value",""
"QCL","Crops and livestock products","203","Czechia","5510","Production","01251","Carrots and turnips","2007","2007","t","27496","A","Official value",""
"QCL","Crops and livestock products","203","Czechia","5312","Area harvested","01251","Carrots and turnips","2008","2008","ha","603","A","Official value",""
"QCL","Crops and livestock products","203","Czechia","5412","Yield","01251","Carrots and turnips","2008","2008","kg/ha","38590.4","A","Official value",""
"QCL","Crops and livestock products","203","Czechia","5510","Production","01251","Carrots and turnips","2008","2008","t","23270","A","Official value",""
"QCL","Crops and livestock products","203","Czechia","5312","Area harvested","01251","Carrots and turnips","2009","2009","ha","603","A","Official value",""
"QCL","Crops and livestock products","203","Czechia","5412","Yield","01251","Carrots and turnips","2009","2009","kg/ha","37036.5","A","Official value",""
"QCL","Crops and livestock products","203","Czechia","5510","Production","01251","Carrots and turnips","2009","2009","t","22333","A","Official value",""
"QCL","Crops and livestock products","203","Czechia","5312","Area harvested","01251","Carrots and turnips","2010","2010","ha","638","A","Official value",""
"QCL","Crops and livestock products","203","Czechia","5412","Yield","01251","Carrots and turnips","2010","2010","kg/ha","29520.4","A","Official value",""
"QCL","Crops and livestock products","203","Czechia","5510","Production","01251","Carrots and turnips","2010","2010","t","18834","A","Official value",""
"QCL","Crops and livestock products","203","Czechia","5312","Area harvested","01251","Carrots and turnips","2011","2011","ha","688","A","Official value",""
"QCL","Crops and livestock products","203","Czechia","5412","Yield","01251","Carrots and turnips","2011","2011","kg/ha","35450.6","A","Official value",""
"QCL","Crops and livestock products","203","Czechia","5510","Production","01251","Carrots and turnips","2011","2011","t","24390","A","Official value",""
"QCL","Crops and livestock products","203","Czechia","5312","Area harvested","01251","Carrots and turnips","2012","2012","ha","547","A","Official value",""
"QCL","Crops and livestock products","203","Czechia","5412","Yield","01251","Carrots and turnips","2012","2012","kg/ha","37958","A","Official value",""
"QCL","Crops and livestock products","203","Czechia","5510","Production","01251","Carrots and turnips","2012","2012","t","20763","A","Official value",""
"QCL","Crops and livestock products","203","Czechia","5312","Area harvested","01251","Carrots and turnips","2013","2013","ha","597","A","Official value",""
"QCL","Crops and livestock products","203","Czechia","5412","Yield","01251","Carrots and turnips","2013","2013","kg/ha","38733.7","A","Official value",""
"QCL","Crops and livestock products","203","Czechia","5510","Production","01251","Carrots and turnips","2013","2013","t","23124","A","Official value",""
"QCL","Crops and livestock products","203","Czechia","5312","Area harvested","01251","Carrots and turnips","2014","2014","ha","691","A","Official value",""
"QCL","Crops and livestock products","203","Czechia","5412","Yield","01251","Carrots and turnips","2014","2014","kg/ha","37709.1","A","Official value",""
"QCL","Crops and livestock products","203","Czechia","5510","Production","01251","Carrots and turnips","2014","2014","t","26057","A","Official value",""
"QCL","Crops and livestock products","203","Czechia","5312","Area harvested","01251","Carrots and turnips","2015","2015","ha","721","A","Official value",""
"QCL","Crops and livestock products","203","Czechia","5412","Yield","01251","Carrots and turnips","2015","2015","kg/ha","32522.9","A","Official value",""
"QCL","Crops and livestock products","203","Czechia","5510","Production","01251","Carrots and turnips","2015","2015","t","23449","A","Official value",""
"QCL","Crops and livestock products","203","Czechia","5312","Area harvested","01251","Carrots and turnips","2016","2016","ha","805","A","Official value",""
"QCL","Crops and livestock products","203","Czechia","5412","Yield","01251","Carrots and turnips","2016","2016","kg/ha","33068.3","A","Official value",""
"QCL","Crops and livestock products","203","Czechia","5510","Production","01251","Carrots and turnips","2016","2016","t","26620","A","Official value",""
"QCL","Crops and livestock products","203","Czechia","5312","Area harvested","01251","Carrots and turnips","2017","2017","ha","827","A","Official value",""
"QCL","Crops and livestock products","203","Czechia","5412","Yield","01251","Carrots and turnips","2017","2017","kg/ha","40567.7","A","Official value",""
"QCL","Crops and livestock products","203","Czechia","5510","Production","01251","Carrots and turnips","2017","2017","t","33555.17","A","Official value",""
"QCL","Crops and livestock products","203","Czechia","5312","Area harvested","01251","Carrots and turnips","2018","2018","ha","700","A","Official value",""
"QCL","Crops and livestock products","203","Czechia","5412","Yield","01251","Carrots and turnips","2018","2018","kg/ha","38071.4","A","Official value",""
"QCL","Crops and livestock products","203","Czechia","5510","Production","01251","Carrots and turnips","2018","2018","t","26650","A","Official value",""
"QCL","Crops and livestock products","203","Czechia","5312","Area harvested","01251","Carrots and turnips","2019","2019","ha","780","A","Official value",""
"QCL","Crops and livestock products","203","Czechia","5412","Yield","01251","Carrots and turnips","2019","2019","kg/ha","37025.6","A","Official value",""
"QCL","Crops and livestock products","203","Czechia","5510","Production","01251","Carrots and turnips","2019","2019","t","28880","A","Official value",""
"QCL","Crops and livestock products","203","Czechia","5312","Area harvested","01251","Carrots and turnips","2020","2020","ha","840","A","Official value",""
"QCL","Crops and livestock products","203","Czechia","5412","Yield","01251","Carrots and turnips","2020","2020","kg/ha","42773.8","A","Official value",""
"QCL","Crops and livestock products","203","Czechia","5510","Production","01251","Carrots and turnips","2020","2020","t","35930","A","Official value",""
"QCL","Crops and livestock products","203","Czechia","5312","Area harvested","01251","Carrots and turnips","2021","2021","ha","900","A","Official value",""
"QCL","Crops and livestock products","203","Czechia","5412","Yield","01251","Carrots and turnips","2021","2021","kg/ha","40777.8","A","Official value",""
"QCL","Crops and livestock products","203","Czechia","5510","Production","01251","Carrots and turnips","2021","2021","t","36700","A","Official value",""
"QCL","Crops and livestock products","203","Czechia","5312","Area harvested","01251","Carrots and turnips","2022","2022","ha","880","A","Official value",""
"QCL","Crops and livestock products","203","Czechia","5412","Yield","01251","Carrots and turnips","2022","2022","kg/ha","37261.4","A","Official value",""
"QCL","Crops and livestock products","203","Czechia","5510","Production","01251","Carrots and turnips","2022","2022","t","32790","A","Official value",""
"QCL","Crops and livestock products","203","Czechia","5312","Area harvested","01251","Carrots and turnips","2023","2023","ha","840","A","Official value",""
"QCL","Crops and livestock products","203","Czechia","5412","Yield","01251","Carrots and turnips","2023","2023","kg/ha","38761.9","A","Official value",""
"QCL","Crops and livestock products","203","Czechia","5510","Production","01251","Carrots and turnips","2023","2023","t","32560","A","Official value",""
"QCL","Crops and livestock products","203","Czechia","5312","Area harvested","01251","Carrots and turnips","2024","2024","ha","840","A","Official value",""
"QCL","Crops and livestock products","203","Czechia","5412","Yield","01251","Carrots and turnips","2024","2024","kg/ha","40904.8","A","Official value",""
"QCL","Crops and livestock products","203","Czechia","5510","Production","01251","Carrots and turnips","2024","2024","t","34360","A","Official value",""
"QCL","Crops and livestock products","203","Czechia","5312","Area harvested","01213","Cauliflowers and broccoli","1993","1993","ha","2634","A","Official value",""
"QCL","Crops and livestock products","203","Czechia","5412","Yield","01213","Cauliflowers and broccoli","1993","1993","kg/ha","16261.2","A","Official value",""
"QCL","Crops and livestock products","203","Czechia","5510","Production","01213","Cauliflowers and broccoli","1993","1993","t","42832","A","Official value",""
"QCL","Crops and livestock products","203","Czechia","5312","Area harvested","01213","Cauliflowers and broccoli","1994","1994","ha","2354","A","Official value",""
"QCL","Crops and livestock products","203","Czechia","5412","Yield","01213","Cauliflowers and broccoli","1994","1994","kg/ha","17046.7","A","Official value",""
"QCL","Crops and livestock products","203","Czechia","5510","Production","01213","Cauliflowers and broccoli","1994","1994","t","40128","A","Official value",""
"QCL","Crops and livestock products","203","Czechia","5312","Area harvested","01213","Cauliflowers and broccoli","1995","1995","ha","2296","A","Official value",""
"QCL","Crops and livestock products","203","Czechia","5412","Yield","01213","Cauliflowers and broccoli","1995","1995","kg/ha","16540.9","A","Official value",""
"QCL","Crops and livestock products","203","Czechia","5510","Production","01213","Cauliflowers and broccoli","1995","1995","t","37978","A","Official value",""
"QCL","Crops and livestock products","203","Czechia","5312","Area harvested","01213","Cauliflowers and broccoli","1996","1996","ha","2189","A","Official value",""
"QCL","Crops and livestock products","203","Czechia","5412","Yield","01213","Cauliflowers and broccoli","1996","1996","kg/ha","16440.8","A","Official value",""
"QCL","Crops and livestock products","203","Czechia","5510","Production","01213","Cauliflowers and broccoli","1996","1996","t","35989","A","Official value",""
"QCL","Crops and livestock products","203","Czechia","5312","Area harvested","01213","Cauliflowers and broccoli","1997","1997","ha","2130","A","Official value",""
"QCL","Crops and livestock products","203","Czechia","5412","Yield","01213","Cauliflowers and broccoli","1997","1997","kg/ha","16080.8","A","Official value",""
"QCL","Crops and livestock products","203","Czechia","5510","Production","01213","Cauliflowers and broccoli","1997","1997","t","34252","A","Official value",""
"QCL","Crops and livestock products","203","Czechia","5312","Area harvested","01213","Cauliflowers and broccoli","1998","1998","ha","2140","A","Official value",""
"QCL","Crops and livestock products","203","Czechia","5412","Yield","01213","Cauliflowers and broccoli","1998","1998","kg/ha","16480.4","A","Official value",""
"QCL","Crops and livestock products","203","Czechia","5510","Production","01213","Cauliflowers and broccoli","1998","1998","t","35268","A","Official value",""
"QCL","Crops and livestock products","203","Czechia","5312","Area harvested","01213","Cauliflowers and broccoli","1999","1999","ha","2099","A","Official value",""
"QCL","Crops and livestock products","203","Czechia","5412","Yield","01213","Cauliflowers and broccoli","1999","1999","kg/ha","16010.5","A","Official value",""
"QCL","Crops and livestock products","203","Czechia","5510","Production","01213","Cauliflowers and broccoli","1999","1999","t","33606","A","Official value",""
"QCL","Crops and livestock products","203","Czechia","5312","Area harvested","01213","Cauliflowers and broccoli","2000","2000","ha","2040","A","Official value",""
"QCL","Crops and livestock products","203","Czechia","5412","Yield","01213","Cauliflowers and broccoli","2000","2000","kg/ha","13999","A","Official value",""
"QCL","Crops and livestock products","203","Czechia","5510","Production","01213","Cauliflowers and broccoli","2000","2000","t","28558","A","Official value",""
"QCL","Crops and livestock products","203","Czechia","5312","Area harvested","01213","Cauliflowers and broccoli","2001","2001","ha","1643","A","Official value",""
"QCL","Crops and livestock products","203","Czechia","5412","Yield","01213","Cauliflowers and broccoli","2001","2001","kg/ha","13973.8","A","Official value",""
"QCL","Crops and livestock products","203","Czechia","5510","Production","01213","Cauliflowers and broccoli","2001","2001","t","22959","A","Official value",""
"QCL","Crops and livestock products","203","Czechia","5312","Area harvested","01213","Cauliflowers and broccoli","2002","2002","ha","907","A","Official value",""
"QCL","Crops and livestock products","203","Czechia","5412","Yield","01213","Cauliflowers and broccoli","2002","2002","kg/ha","12973.5","A","Official value",""
"QCL","Crops and livestock products","203","Czechia","5510","Production","01213","Cauliflowers and broccoli","2002","2002","t","11767","A","Official value",""
"QCL","Crops and livestock products","203","Czechia","5312","Area harvested","01213","Cauliflowers and broccoli","2003","2003","ha","903","A","Official value",""
"QCL","Crops and livestock products","203","Czechia","5412","Yield","01213","Cauliflowers and broccoli","2003","2003","kg/ha","14074.2","A","Official value",""
"QCL","Crops and livestock products","203","Czechia","5510","Production","01213","Cauliflowers and broccoli","2003","2003","t","12709","A","Official value",""
"QCL","Crops and livestock products","203","Czechia","5312","Area harvested","01213","Cauliflowers and broccoli","2004","2004","ha","795","A","Official value",""
"QCL","Crops and livestock products","203","Czechia","5412","Yield","01213","Cauliflowers and broccoli","2004","2004","kg/ha","14491.8","A","Official value",""
"QCL","Crops and livestock products","203","Czechia","5510","Production","01213","Cauliflowers and broccoli","2004","2004","t","11521","A","Official value",""
"QCL","Crops and livestock products","203","Czechia","5312","Area harvested","01213","Cauliflowers and broccoli","2005","2005","ha","486","A","Official value",""
"QCL","Crops and livestock products","203","Czechia","5412","Yield","01213","Cauliflowers and broccoli","2005","2005","kg/ha","16006.2","A","Official value",""
"QCL","Crops and livestock products","203","Czechia","5510","Production","01213","Cauliflowers and broccoli","2005","2005","t","7779","A","Official value",""
"QCL","Crops and livestock products","203","Czechia","5312","Area harvested","01213","Cauliflowers and broccoli","2006","2006","ha","510","A","Official value",""
"QCL","Crops and livestock products","203","Czechia","5412","Yield","01213","Cauliflowers and broccoli","2006","2006","kg/ha","15307.8","A","Official value",""
"QCL","Crops and livestock products","203","Czechia","5510","Production","01213","Cauliflowers and broccoli","2006","2006","t","7807","A","Official value",""
"QCL","Crops and livestock products","203","Czechia","5312","Area harvested","01213","Cauliflowers and broccoli","2007","2007","ha","443","A","Official value",""
"QCL","Crops and livestock products","203","Czechia","5412","Yield","01213","Cauliflowers and broccoli","2007","2007","kg/ha","14279.9","A","Official value",""
"QCL","Crops and livestock products","203","Czechia","5510","Production","01213","Cauliflowers and broccoli","2007","2007","t","6326","A","Official value",""
"QCL","Crops and livestock products","203","Czechia","5312","Area harvested","01213","Cauliflowers and broccoli","2008","2008","ha","396","A","Official value",""
"QCL","Crops and livestock products","203","Czechia","5412","Yield","01213","Cauliflowers and broccoli","2008","2008","kg/ha","16242.4","A","Official value",""
"QCL","Crops and livestock products","203","Czechia","5510","Production","01213","Cauliflowers and broccoli","2008","2008","t","6432","A","Official value",""
"QCL","Crops and livestock products","203","Czechia","5312","Area harvested","01213","Cauliflowers and broccoli","2009","2009","ha","317","A","Official value",""
"QCL","Crops and livestock products","203","Czechia","5412","Yield","01213","Cauliflowers and broccoli","2009","2009","kg/ha","15602.5","A","Official value",""
"QCL","Crops and livestock products","203","Czechia","5510","Production","01213","Cauliflowers and broccoli","2009","2009","t","4946","A","Official value",""
"QCL","Crops and livestock products","203","Czechia","5312","Area harvested","01213","Cauliflowers and broccoli","2010","2010","ha","316","A","Official value",""
"QCL","Crops and livestock products","203","Czechia","5412","Yield","01213","Cauliflowers and broccoli","2010","2010","kg/ha","14316.5","A","Official value",""
"QCL","Crops and livestock products","203","Czechia","5510","Production","01213","Cauliflowers and broccoli","2010","2010","t","4524","A","Official value",""
"QCL","Crops and livestock products","203","Czechia","5312","Area harvested","01213","Cauliflowers and broccoli","2011","2011","ha","362","A","Official value",""
"QCL","Crops and livestock products","203","Czechia","5412","Yield","01213","Cauliflowers and broccoli","2011","2011","kg/ha","14508.3","A","Official value",""
"QCL","Crops and livestock products","203","Czechia","5510","Production","01213","Cauliflowers and broccoli","2011","2011","t","5252","A","Official value",""
"QCL","Crops and livestock products","203","Czechia","5312","Area harvested","01213","Cauliflowers and broccoli","2012","2012","ha","358","A","Official value",""
"QCL","Crops and livestock products","203","Czechia","5412","Yield","01213","Cauliflowers and broccoli","2012","2012","kg/ha","10997.2","A","Official value",""
"QCL","Crops and livestock products","203","Czechia","5510","Production","01213","Cauliflowers and broccoli","2012","2012","t","3937","A","Official value",""
"QCL","Crops and livestock products","203","Czechia","5312","Area harvested","01213","Cauliflowers and broccoli","2013","2013","ha","265","A","Official value",""
"QCL","Crops and livestock products","203","Czechia","5412","Yield","01213","Cauliflowers and broccoli","2013","2013","kg/ha","14139.6","A","Official value",""
"QCL","Crops and livestock products","203","Czechia","5510","Production","01213","Cauliflowers and broccoli","2013","2013","t","3747","A","Official value",""
"QCL","Crops and livestock products","203","Czechia","5312","Area harvested","01213","Cauliflowers and broccoli","2014","2014","ha","279","A","Official value",""
"QCL","Crops and livestock products","203","Czechia","5412","Yield","01213","Cauliflowers and broccoli","2014","2014","kg/ha","13992.8","A","Official value",""
"QCL","Crops and livestock products","203","Czechia","5510","Production","01213","Cauliflowers and broccoli","2014","2014","t","3904","A","Official value",""
"QCL","Crops and livestock products","203","Czechia","5312","Area harvested","01213","Cauliflowers and broccoli","2015","2015","ha","303","A","Official value",""
"QCL","Crops and livestock products","203","Czechia","5412","Yield","01213","Cauliflowers and broccoli","2015","2015","kg/ha","12224.4","A","Official value",""
"QCL","Crops and livestock products","203","Czechia","5510","Production","01213","Cauliflowers and broccoli","2015","2015","t","3704","A","Official value",""
"QCL","Crops and livestock products","203","Czechia","5312","Area harvested","01213","Cauliflowers and broccoli","2016","2016","ha","248","A","Official value",""
"QCL","Crops and livestock products","203","Czechia","5412","Yield","01213","Cauliflowers and broccoli","2016","2016","kg/ha","10616.9","A","Official value",""
"QCL","Crops and livestock products","203","Czechia","5510","Production","01213","Cauliflowers and broccoli","2016","2016","t","2633","A","Official value",""
"QCL","Crops and livestock products","203","Czechia","5312","Area harvested","01213","Cauliflowers and broccoli","2017","2017","ha","256","A","Official value",""
"QCL","Crops and livestock products","203","Czechia","5412","Yield","01213","Cauliflowers and broccoli","2017","2017","kg/ha","15055.7","A","Official value",""
"QCL","Crops and livestock products","203","Czechia","5510","Production","01213","Cauliflowers and broccoli","2017","2017","t","3856.96","A","Official value",""
"QCL","Crops and livestock products","203","Czechia","5312","Area harvested","01213","Cauliflowers and broccoli","2018","2018","ha","300","A","Official value",""
"QCL","Crops and livestock products","203","Czechia","5412","Yield","01213","Cauliflowers and broccoli","2018","2018","kg/ha","23100","A","Official value",""
"QCL","Crops and livestock products","203","Czechia","5510","Production","01213","Cauliflowers and broccoli","2018","2018","t","6930","A","Official value",""
"QCL","Crops and livestock products","203","Czechia","5312","Area harvested","01213","Cauliflowers and broccoli","2019","2019","ha","320","A","Official value",""
"QCL","Crops and livestock products","203","Czechia","5412","Yield","01213","Cauliflowers and broccoli","2019","2019","kg/ha","14656.3","A","Official value",""
"QCL","Crops and livestock products","203","Czechia","5510","Production","01213","Cauliflowers and broccoli","2019","2019","t","4690","A","Official value",""
"QCL","Crops and livestock products","203","Czechia","5312","Area harvested","01213","Cauliflowers and broccoli","2020","2020","ha","330","A","Official value",""
"QCL","Crops and livestock products","203","Czechia","5412","Yield","01213","Cauliflowers and broccoli","2020","2020","kg/ha","13969.7","A","Official value",""
"QCL","Crops and livestock products","203","Czechia","5510","Production","01213","Cauliflowers and broccoli","2020","2020","t","4610","A","Official value",""
"QCL","Crops and livestock products","203","Czechia","5312","Area harvested","01213","Cauliflowers and broccoli","2021","2021","ha","360","A","Official value",""
"QCL","Crops and livestock products","203","Czechia","5412","Yield","01213","Cauliflowers and broccoli","2021","2021","kg/ha","16416.7","A","Official value",""
"QCL","Crops and livestock products","203","Czechia","5510","Production","01213","Cauliflowers and broccoli","2021","2021","t","5910","A","Official value",""
"QCL","Crops and livestock products","203","Czechia","5312","Area harvested","01213","Cauliflowers and broccoli","2022","2022","ha","290","A","Official value",""
"QCL","Crops and livestock products","203","Czechia","5412","Yield","01213","Cauliflowers and broccoli","2022","2022","kg/ha","14896.6","A","Official value",""
"QCL","Crops and livestock products","203","Czechia","5510","Production","01213","Cauliflowers and broccoli","2022","2022","t","4320","A","Official value",""
"QCL","Crops and livestock products","203","Czechia","5312","Area harvested","01213","Cauliflowers and broccoli","2023","2023","ha","270","A","Official value",""
"QCL","Crops and livestock products","203","Czechia","5412","Yield","01213","Cauliflowers and broccoli","2023","2023","kg/ha","16333.3","A","Official value",""
"QCL","Crops and livestock products","203","Czechia","5510","Production","01213","Cauliflowers and broccoli","2023","2023","t","4410","A","Official value",""
"QCL","Crops and livestock products","203","Czechia","5312","Area harvested","01213","Cauliflowers and broccoli","2024","2024","ha","230","A","Official value",""
"QCL","Crops and livestock products","203","Czechia","5412","Yield","01213","Cauliflowers and broccoli","2024","2024","kg/ha","18087","A","Official value",""
"QCL","Crops and livestock products","203","Czechia","5510","Production","01213","Cauliflowers and broccoli","2024","2024","t","4160","A","Official value",""
"QCL","Crops and livestock products","203","Czechia","5312","Area harvested","01199.90","Cereals n.e.c.","1993","1993","ha","4167","A","Official value",""
"QCL","Crops and livestock products","203","Czechia","5412","Yield","01199.90","Cereals n.e.c.","1993","1993","kg/ha","2258.7","A","Official value",""
"QCL","Crops and livestock products","203","Czechia","5510","Production","01199.90","Cereals n.e.c.","1993","1993","t","9412","A","Official value",""
"QCL","Crops and livestock products","203","Czechia","5312","Area harvested","01199.90","Cereals n.e.c.","1994","1994","ha","4000","E","Estimated value",""
"QCL","Crops and livestock products","203","Czechia","5412","Yield","01199.90","Cereals n.e.c.","1994","1994","kg/ha","2500","E","Estimated value",""
"QCL","Crops and livestock products","203","Czechia","5510","Production","01199.90","Cereals n.e.c.","1994","1994","t","10000","E","Estimated value",""
"QCL","Crops and livestock products","203","Czechia","5312","Area harvested","01199.90","Cereals n.e.c.","1995","1995","ha","4100","E","Estimated value",""
"QCL","Crops and livestock products","203","Czechia","5412","Yield","01199.90","Cereals n.e.c.","1995","1995","kg/ha","2682.9","E","Estimated value",""
"QCL","Crops and livestock products","203","Czechia","5510","Production","01199.90","Cereals n.e.c.","1995","1995","t","11000","E","Estimated value",""
"QCL","Crops and livestock products","203","Czechia","5312","Area harvested","01199.90","Cereals n.e.c.","1996","1996","ha","4000","E","Estimated value",""
"QCL","Crops and livestock products","203","Czechia","5412","Yield","01199.90","Cereals n.e.c.","1996","1996","kg/ha","2750","E","Estimated value",""
"QCL","Crops and livestock products","203","Czechia","5510","Production","01199.90","Cereals n.e.c.","1996","1996","t","11000","E","Estimated value",""
"QCL","Crops and livestock products","203","Czechia","5312","Area harvested","01199.90","Cereals n.e.c.","1997","1997","ha","4100","E","Estimated value",""
"QCL","Crops and livestock products","203","Czechia","5412","Yield","01199.90","Cereals n.e.c.","1997","1997","kg/ha","2561","E","Estimated value",""
"QCL","Crops and livestock products","203","Czechia","5510","Production","01199.90","Cereals n.e.c.","1997","1997","t","10500","E","Estimated value",""
"QCL","Crops and livestock products","203","Czechia","5312","Area harvested","01199.90","Cereals n.e.c.","1998","1998","ha","4000","E","Estimated value",""
"QCL","Crops and livestock products","203","Czechia","5412","Yield","01199.90","Cereals n.e.c.","1998","1998","kg/ha","2500","E","Estimated value",""
"QCL","Crops and livestock products","203","Czechia","5510","Production","01199.90","Cereals n.e.c.","1998","1998","t","10000","E","Estimated value",""
"QCL","Crops and livestock products","203","Czechia","5312","Area harvested","01199.90","Cereals n.e.c.","1999","1999","ha","3900","E","Estimated value",""
"QCL","Crops and livestock products","203","Czechia","5412","Yield","01199.90","Cereals n.e.c.","1999","1999","kg/ha","2307.7","E","Estimated value",""
"QCL","Crops and livestock products","203","Czechia","5510","Production","01199.90","Cereals n.e.c.","1999","1999","t","9000","E","Estimated value",""
"QCL","Crops and livestock products","203","Czechia","5312","Area harvested","01199.90","Cereals n.e.c.","2000","2000","ha","4200","E","Estimated value",""
"QCL","Crops and livestock products","203","Czechia","5412","Yield","01199.90","Cereals n.e.c.","2000","2000","kg/ha","2857.1","E","Estimated value",""
"QCL","Crops and livestock products","203","Czechia","5510","Production","01199.90","Cereals n.e.c.","2000","2000","t","12000","E","Estimated value",""
"QCL","Crops and livestock products","203","Czechia","5312","Area harvested","01199.90","Cereals n.e.c.","2001","2001","ha","4100","E","Estimated value",""
"QCL","Crops and livestock products","203","Czechia","5412","Yield","01199.90","Cereals n.e.c.","2001","2001","kg/ha","2682.9","E","Estimated value",""
"QCL","Crops and livestock products","203","Czechia","5510","Production","01199.90","Cereals n.e.c.","2001","2001","t","11000","E","Estimated value",""
"QCL","Crops and livestock products","203","Czechia","5312","Area harvested","01199.90","Cereals n.e.c.","2002","2002","ha","4000","E","Estimated value",""
"QCL","Crops and livestock products","203","Czechia","5412","Yield","01199.90","Cereals n.e.c.","2002","2002","kg/ha","2500","E","Estimated value",""
"QCL","Crops and livestock products","203","Czechia","5510","Production","01199.90","Cereals n.e.c.","2002","2002","t","10000","E","Estimated value",""
"QCL","Crops and livestock products","203","Czechia","5312","Area harvested","01199.90","Cereals n.e.c.","2003","2003","ha","4500","E","Estimated value",""
"QCL","Crops and livestock products","203","Czechia","5412","Yield","01199.90","Cereals n.e.c.","2003","2003","kg/ha","2888.9","E","Estimated value",""
"QCL","Crops and livestock products","203","Czechia","5510","Production","01199.90","Cereals n.e.c.","2003","2003","t","13000","E","Estimated value",""
"QCL","Crops and livestock products","203","Czechia","5312","Area harvested","01199.90","Cereals n.e.c.","2004","2004","ha","4700","E","Estimated value",""
"QCL","Crops and livestock products","203","Czechia","5412","Yield","01199.90","Cereals n.e.c.","2004","2004","kg/ha","3191.5","E","Estimated value",""
"QCL","Crops and livestock products","203","Czechia","5510","Production","01199.90","Cereals n.e.c.","2004","2004","t","15000","E","Estimated value",""
"QCL","Crops and livestock products","203","Czechia","5312","Area harvested","01199.90","Cereals n.e.c.","2005","2005","ha","4600","E","Estimated value",""
"QCL","Crops and livestock products","203","Czechia","5412","Yield","01199.90","Cereals n.e.c.","2005","2005","kg/ha","2826.1","E","Estimated value",""
"QCL","Crops and livestock products","203","Czechia","5510","Production","01199.90","Cereals n.e.c.","2005","2005","t","13000","E","Estimated value",""
"QCL","Crops and livestock products","203","Czechia","5312","Area harvested","01199.90","Cereals n.e.c.","2006","2006","ha","4500","E","Estimated value",""
"QCL","Crops and livestock products","203","Czechia","5412","Yield","01199.90","Cereals n.e.c.","2006","2006","kg/ha","2666.7","E","Estimated value",""
"QCL","Crops and livestock products","203","Czechia","5510","Production","01199.90","Cereals n.e.c.","2006","2006","t","12000","E","Estimated value",""
"QCL","Crops and livestock products","203","Czechia","5312","Area harvested","01199.90","Cereals n.e.c.","2007","2007","ha","8484","A","Official value",""
"QCL","Crops and livestock products","203","Czechia","5412","Yield","01199.90","Cereals n.e.c.","2007","2007","kg/ha","1464","A","Official value",""
"QCL","Crops and livestock products","203","Czechia","5510","Production","01199.90","Cereals n.e.c.","2007","2007","t","12421","A","Official value",""
"QCL","Crops and livestock products","203","Czechia","5312","Area harvested","01199.90","Cereals n.e.c.","2008","2008","ha","6342","A","Official value",""
"QCL","Crops and livestock products","203","Czechia","5412","Yield","01199.90","Cereals n.e.c.","2008","2008","kg/ha","1356.8","A","Official value",""
"QCL","Crops and livestock products","203","Czechia","5510","Production","01199.90","Cereals n.e.c.","2008","2008","t","8605","A","Official value",""
"QCL","Crops and livestock products","203","Czechia","5312","Area harvested","01199.90","Cereals n.e.c.","2009","2009","ha","6336","A","Official value",""
"QCL","Crops and livestock products","203","Czechia","5412","Yield","01199.90","Cereals n.e.c.","2009","2009","kg/ha","1779","A","Official value",""
"QCL","Crops and livestock products","203","Czechia","5510","Production","01199.90","Cereals n.e.c.","2009","2009","t","11272","A","Official value",""
"QCL","Crops and livestock products","203","Czechia","5312","Area harvested","01199.90","Cereals n.e.c.","2010","2010","ha","6088","A","Official value",""
"QCL","Crops and livestock products","203","Czechia","5412","Yield","01199.90","Cereals n.e.c.","2010","2010","kg/ha","1263.8","A","Official value",""
"QCL","Crops and livestock products","203","Czechia","5510","Production","01199.90","Cereals n.e.c.","2010","2010","t","7694","A","Official value",""
"QCL","Crops and livestock products","203","Czechia","5312","Area harvested","01199.90","Cereals n.e.c.","2011","2011","ha","5516","A","Official value",""
"QCL","Crops and livestock products","203","Czechia","5412","Yield","01199.90","Cereals n.e.c.","2011","2011","kg/ha","1466.8","A","Official value",""
"QCL","Crops and livestock products","203","Czechia","5510","Production","01199.90","Cereals n.e.c.","2011","2011","t","8091","A","Official value",""
"QCL","Crops and livestock products","203","Czechia","5312","Area harvested","01199.90","Cereals n.e.c.","2012","2012","ha","7403","A","Official value",""
"QCL","Crops and livestock products","203","Czechia","5412","Yield","01199.90","Cereals n.e.c.","2012","2012","kg/ha","1761.7","A","Official value",""
"QCL","Crops and livestock products","203","Czechia","5510","Production","01199.90","Cereals n.e.c.","2012","2012","t","13042","A","Official value",""
"QCL","Crops and livestock products","203","Czechia","5312","Area harvested","01199.90","Cereals n.e.c.","2013","2013","ha","5543","A","Official value",""
"QCL","Crops and livestock products","203","Czechia","5412","Yield","01199.90","Cereals n.e.c.","2013","2013","kg/ha","1428.3","A","Official value",""
"QCL","Crops and livestock products","203","Czechia","5510","Production","01199.90","Cereals n.e.c.","2013","2013","t","7917","A","Official value",""
"QCL","Crops and livestock products","203","Czechia","5312","Area harvested","01199.90","Cereals n.e.c.","2014","2014","ha","4248","A","Official value",""
"QCL","Crops and livestock products","203","Czechia","5412","Yield","01199.90","Cereals n.e.c.","2014","2014","kg/ha","1283.7","A","Official value",""
"QCL","Crops and livestock products","203","Czechia","5510","Production","01199.90","Cereals n.e.c.","2014","2014","t","5453","A","Official value",""
"QCL","Crops and livestock products","203","Czechia","5312","Area harvested","01199.90","Cereals n.e.c.","2015","2015","ha","4003","A","Official value",""
"QCL","Crops and livestock products","203","Czechia","5412","Yield","01199.90","Cereals n.e.c.","2015","2015","kg/ha","1746.9","A","Official value",""
"QCL","Crops and livestock products","203","Czechia","5510","Production","01199.90","Cereals n.e.c.","2015","2015","t","6993","A","Official value",""
"QCL","Crops and livestock products","203","Czechia","5312","Area harvested","01199.90","Cereals n.e.c.","2016","2016","ha","5227","A","Official value",""
"QCL","Crops and livestock products","203","Czechia","5412","Yield","01199.90","Cereals n.e.c.","2016","2016","kg/ha","1481.5","A","Official value",""
"QCL","Crops and livestock products","203","Czechia","5510","Production","01199.90","Cereals n.e.c.","2016","2016","t","7744","A","Official value",""
"QCL","Crops and livestock products","203","Czechia","5312","Area harvested","01199.90","Cereals n.e.c.","2017","2017","ha","4689","A","Official value",""
"QCL","Crops and livestock products","203","Czechia","5412","Yield","01199.90","Cereals n.e.c.","2017","2017","kg/ha","1596.7","A","Official value",""
"QCL","Crops and livestock products","203","Czechia","5510","Production","01199.90","Cereals n.e.c.","2017","2017","t","7487.25","A","Official value",""
"QCL","Crops and livestock products","203","Czechia","5312","Area harvested","01199.90","Cereals n.e.c.","2018","2018","ha","4500","A","Official value",""
"QCL","Crops and livestock products","203","Czechia","5412","Yield","01199.90","Cereals n.e.c.","2018","2018","kg/ha","1795.6","A","Official value",""
"QCL","Crops and livestock products","203","Czechia","5510","Production","01199.90","Cereals n.e.c.","2018","2018","t","8080","A","Official value",""
"QCL","Crops and livestock products","203","Czechia","5312","Area harvested","01199.90","Cereals n.e.c.","2019","2019","ha","4510","A","Official value",""
"QCL","Crops and livestock products","203","Czechia","5412","Yield","01199.90","Cereals n.e.c.","2019","2019","kg/ha","1447.9","A","Official value",""
"QCL","Crops and livestock products","203","Czechia","5510","Production","01199.90","Cereals n.e.c.","2019","2019","t","6530","A","Official value",""
"QCL","Crops and livestock products","203","Czechia","5312","Area harvested","01199.90","Cereals n.e.c.","2020","2020","ha","5500","A","Official value",""
"QCL","Crops and livestock products","203","Czechia","5412","Yield","01199.90","Cereals n.e.c.","2020","2020","kg/ha","1907.3","A","Official value",""
"QCL","Crops and livestock products","203","Czechia","5510","Production","01199.90","Cereals n.e.c.","2020","2020","t","10490","A","Official value",""
"QCL","Crops and livestock products","203","Czechia","5312","Area harvested","01199.90","Cereals n.e.c.","2021","2021","ha","6850","A","Official value",""
"QCL","Crops and livestock products","203","Czechia","5412","Yield","01199.90","Cereals n.e.c.","2021","2021","kg/ha","1534.3","A","Official value",""
"QCL","Crops and livestock products","203","Czechia","5510","Production","01199.90","Cereals n.e.c.","2021","2021","t","10510","A","Official value",""
"QCL","Crops and livestock products","203","Czechia","5312","Area harvested","01199.90","Cereals n.e.c.","2022","2022","ha","5590","A","Official value",""
"QCL","Crops and livestock products","203","Czechia","5412","Yield","01199.90","Cereals n.e.c.","2022","2022","kg/ha","1404.3","A","Official value",""
"QCL","Crops and livestock products","203","Czechia","5510","Production","01199.90","Cereals n.e.c.","2022","2022","t","7850","A","Official value",""
"QCL","Crops and livestock products","203","Czechia","5312","Area harvested","01199.90","Cereals n.e.c.","2023","2023","ha","4230","A","Official value",""
"QCL","Crops and livestock products","203","Czechia","5412","Yield","01199.90","Cereals n.e.c.","2023","2023","kg/ha","2047.3","A","Official value",""
"QCL","Crops and livestock products","203","Czechia","5510","Production","01199.90","Cereals n.e.c.","2023","2023","t","8660","A","Official value",""
"QCL","Crops and livestock products","203","Czechia","5312","Area harvested","01199.90","Cereals n.e.c.","2024","2024","ha","5500","A","Official value",""
"QCL","Crops and livestock products","203","Czechia","5412","Yield","01199.90","Cereals n.e.c.","2024","2024","kg/ha","1638.2","A","Official value",""
"QCL","Crops and livestock products","203","Czechia","5510","Production","01199.90","Cereals n.e.c.","2024","2024","t","9010","A","Official value",""
"QCL","Crops and livestock products","203","Czechia","5312","Area harvested","01344.02","Cherries","1993","1993","ha","2500","E","Estimated value",""
"QCL","Crops and livestock products","203","Czechia","5412","Yield","01344.02","Cherries","1993","1993","kg/ha","7514.8","E","Estimated value",""
"QCL","Crops and livestock products","203","Czechia","5510","Production","01344.02","Cherries","1993","1993","t","18787","A","Official value",""
"QCL","Crops and livestock products","203","Czechia","5312","Area harvested","01344.02","Cherries","1994","1994","ha","2500","E","Estimated value",""
"QCL","Crops and livestock products","203","Czechia","5412","Yield","01344.02","Cherries","1994","1994","kg/ha","7372.4","E","Estimated value",""
"QCL","Crops and livestock products","203","Czechia","5510","Production","01344.02","Cherries","1994","1994","t","18431","A","Official value",""
"QCL","Crops and livestock products","203","Czechia","5312","Area harvested","01344.02","Cherries","1995","1995","ha","2500","E","Estimated value",""
"QCL","Crops and livestock products","203","Czechia","5412","Yield","01344.02","Cherries","1995","1995","kg/ha","6824.8","E","Estimated value",""
"QCL","Crops and livestock products","203","Czechia","5510","Production","01344.02","Cherries","1995","1995","t","17062","A","Official value",""
"QCL","Crops and livestock products","203","Czechia","5312","Area harvested","01344.02","Cherries","1996","1996","ha","2200","E","Estimated value",""
"QCL","Crops and livestock products","203","Czechia","5412","Yield","01344.02","Cherries","1996","1996","kg/ha","5533.2","E","Estimated value",""
"QCL","Crops and livestock products","203","Czechia","5510","Production","01344.02","Cherries","1996","1996","t","12173","A","Official value",""
"QCL","Crops and livestock products","203","Czechia","5312","Area harvested","01344.02","Cherries","1997","1997","ha","2000","E","Estimated value",""
"QCL","Crops and livestock products","203","Czechia","5412","Yield","01344.02","Cherries","1997","1997","kg/ha","5228.5","E","Estimated value",""
"QCL","Crops and livestock products","203","Czechia","5510","Production","01344.02","Cherries","1997","1997","t","10457","A","Official value",""
"QCL","Crops and livestock products","203","Czechia","5312","Area harvested","01344.02","Cherries","1998","1998","ha","2200","E","Estimated value",""
"QCL","Crops and livestock products","203","Czechia","5412","Yield","01344.02","Cherries","1998","1998","kg/ha","6130.9","E","Estimated value",""
"QCL","Crops and livestock products","203","Czechia","5510","Production","01344.02","Cherries","1998","1998","t","13488","A","Official value",""
"QCL","Crops and livestock products","203","Czechia","5312","Area harvested","01344.02","Cherries","1999","1999","ha","2300","E","Estimated value",""
"QCL","Crops and livestock products","203","Czechia","5412","Yield","01344.02","Cherries","1999","1999","kg/ha","6108.7","E","Estimated value",""
"QCL","Crops and livestock products","203","Czechia","5510","Production","01344.02","Cherries","1999","1999","t","14050","A","Official value",""
"QCL","Crops and livestock products","203","Czechia","5312","Area harvested","01344.02","Cherries","2000","2000","ha","2300","E","Estimated value",""
"QCL","Crops and livestock products","203","Czechia","5412","Yield","01344.02","Cherries","2000","2000","kg/ha","5918.7","E","Estimated value",""
"QCL","Crops and livestock products","203","Czechia","5510","Production","01344.02","Cherries","2000","2000","t","13613","A","Official value",""
"QCL","Crops and livestock products","203","Czechia","5312","Area harvested","01344.02","Cherries","2001","2001","ha","2100","E","Estimated value",""
"QCL","Crops and livestock products","203","Czechia","5412","Yield","01344.02","Cherries","2001","2001","kg/ha","5806.7","E","Estimated value",""
"QCL","Crops and livestock products","203","Czechia","5510","Production","01344.02","Cherries","2001","2001","t","12194","A","Official value",""
"QCL","Crops and livestock products","203","Czechia","5312","Area harvested","01344.02","Cherries","2002","2002","ha","900","A","Official value",""
"QCL","Crops and livestock products","203","Czechia","5412","Yield","01344.02","Cherries","2002","2002","kg/ha","2078.9","A","Official value",""
"QCL","Crops and livestock products","203","Czechia","5510","Production","01344.02","Cherries","2002","2002","t","1871","A","Official value",""
"QCL","Crops and livestock products","203","Czechia","5312","Area harvested","01344.02","Cherries","2003","2003","ha","880","A","Official value",""
"QCL","Crops and livestock products","203","Czechia","5412","Yield","01344.02","Cherries","2003","2003","kg/ha","3205.7","A","Official value",""
"QCL","Crops and livestock products","203","Czechia","5510","Production","01344.02","Cherries","2003","2003","t","2821","A","Official value",""
"QCL","Crops and livestock products","203","Czechia","5312","Area harvested","01344.02","Cherries","2004","2004","ha","900","A","Official value",""
"QCL","Crops and livestock products","203","Czechia","5412","Yield","01344.02","Cherries","2004","2004","kg/ha","3307.8","A","Official value",""
"QCL","Crops and livestock products","203","Czechia","5510","Production","01344.02","Cherries","2004","2004","t","2977","A","Official value",""
"QCL","Crops and livestock products","203","Czechia","5312","Area harvested","01344.02","Cherries","2005","2005","ha","840","A","Official value",""
"QCL","Crops and livestock products","203","Czechia","5412","Yield","01344.02","Cherries","2005","2005","kg/ha","2444","A","Official value",""
"QCL","Crops and livestock products","203","Czechia","5510","Production","01344.02","Cherries","2005","2005","t","2053","A","Official value",""
"QCL","Crops and livestock products","203","Czechia","5312","Area harvested","01344.02","Cherries","2006","2006","ha","910","A","Official value",""
"QCL","Crops and livestock products","203","Czechia","5412","Yield","01344.02","Cherries","2006","2006","kg/ha","2495.6","A","Official value",""
"QCL","Crops and livestock products","203","Czechia","5510","Production","01344.02","Cherries","2006","2006","t","2271","A","Official value",""
"QCL","Crops and livestock products","203","Czechia","5312","Area harvested","01344.02","Cherries","2007","2007","ha","930","A","Official value",""
"QCL","Crops and livestock products","203","Czechia","5412","Yield","01344.02","Cherries","2007","2007","kg/ha","2986","A","Official value",""
"QCL","Crops and livestock products","203","Czechia","5510","Production","01344.02","Cherries","2007","2007","t","2777","A","Official value",""
"QCL","Crops and livestock products","203","Czechia","5312","Area harvested","01344.02","Cherries","2008","2008","ha","910","A","Official value",""
"QCL","Crops and livestock products","203","Czechia","5412","Yield","01344.02","Cherries","2008","2008","kg/ha","2573.6","A","Official value",""
"QCL","Crops and livestock products","203","Czechia","5510","Production","01344.02","Cherries","2008","2008","t","2342","A","Official value",""
"QCL","Crops and livestock products","203","Czechia","5312","Area harvested","01344.02","Cherries","2009","2009","ha","970","A","Official value",""
"QCL","Crops and livestock products","203","Czechia","5412","Yield","01344.02","Cherries","2009","2009","kg/ha","2478.4","A","Official value",""
"QCL","Crops and livestock products","203","Czechia","5510","Production","01344.02","Cherries","2009","2009","t","2404","A","Official value",""
"QCL","Crops and livestock products","203","Czechia","5312","Area harvested","01344.02","Cherries","2010","2010","ha","950","A","Official value",""
"QCL","Crops and livestock products","203","Czechia","5412","Yield","01344.02","Cherries","2010","2010","kg/ha","2217.9","A","Official value",""
"QCL","Crops and livestock products","203","Czechia","5510","Production","01344.02","Cherries","2010","2010","t","2107","A","Official value",""
"QCL","Crops and livestock products","203","Czechia","5312","Area harvested","01344.02","Cherries","2011","2011","ha","1074","A","Official value",""
"QCL","Crops and livestock products","203","Czechia","5412","Yield","01344.02","Cherries","2011","2011","kg/ha","2478.6","A","Official value",""
"QCL","Crops and livestock products","203","Czechia","5510","Production","01344.02","Cherries","2011","2011","t","2662","A","Official value",""
"QCL","Crops and livestock products","203","Czechia","5312","Area harvested","01344.02","Cherries","2012","2012","ha","1108","A","Official value",""
"QCL","Crops and livestock products","203","Czechia","5412","Yield","01344.02","Cherries","2012","2012","kg/ha","1389","A","Official value",""
"QCL","Crops and livestock products","203","Czechia","5510","Production","01344.02","Cherries","2012","2012","t","1539","A","Official value",""
"QCL","Crops and livestock products","203","Czechia","5312","Area harvested","01344.02","Cherries","2013","2013","ha","1050","A","Official value",""
"QCL","Crops and livestock products","203","Czechia","5412","Yield","01344.02","Cherries","2013","2013","kg/ha","1634.3","A","Official value",""
"QCL","Crops and livestock products","203","Czechia","5510","Production","01344.02","Cherries","2013","2013","t","1716","A","Official value",""
"QCL","Crops and livestock products","203","Czechia","5312","Area harvested","01344.02","Cherries","2014","2014","ha","1016","A","Official value",""
"QCL","Crops and livestock products","203","Czechia","5412","Yield","01344.02","Cherries","2014","2014","kg/ha","2395.7","A","Official value",""
"QCL","Crops and livestock products","203","Czechia","5510","Production","01344.02","Cherries","2014","2014","t","2434","A","Official value",""
"QCL","Crops and livestock products","203","Czechia","5312","Area harvested","01344.02","Cherries","2015","2015","ha","975","A","Official value",""
"QCL","Crops and livestock products","203","Czechia","5412","Yield","01344.02","Cherries","2015","2015","kg/ha","2505.6","A","Official value",""
"QCL","Crops and livestock products","203","Czechia","5510","Production","01344.02","Cherries","2015","2015","t","2443","A","Official value",""
"QCL","Crops and livestock products","203","Czechia","5312","Area harvested","01344.02","Cherries","2016","2016","ha","923","A","Official value",""
"QCL","Crops and livestock products","203","Czechia","5412","Yield","01344.02","Cherries","2016","2016","kg/ha","2746.5","A","Official value",""
"QCL","Crops and livestock products","203","Czechia","5510","Production","01344.02","Cherries","2016","2016","t","2535","A","Official value",""
"QCL","Crops and livestock products","203","Czechia","5312","Area harvested","01344.02","Cherries","2017","2017","ha","906","A","Official value",""
"QCL","Crops and livestock products","203","Czechia","5412","Yield","01344.02","Cherries","2017","2017","kg/ha","2206.2","A","Official value",""
"QCL","Crops and livestock products","203","Czechia","5510","Production","01344.02","Cherries","2017","2017","t","1998.8","A","Official value",""
"QCL","Crops and livestock products","203","Czechia","5312","Area harvested","01344.02","Cherries","2018","2018","ha","880","A","Official value",""
"QCL","Crops and livestock products","203","Czechia","5412","Yield","01344.02","Cherries","2018","2018","kg/ha","3079.5","A","Official value",""
"QCL","Crops and livestock products","203","Czechia","5510","Production","01344.02","Cherries","2018","2018","t","2710","A","Official value",""
"QCL","Crops and livestock products","203","Czechia","5312","Area harvested","01344.02","Cherries","2019","2019","ha","900","A","Official value",""
"QCL","Crops and livestock products","203","Czechia","5412","Yield","01344.02","Cherries","2019","2019","kg/ha","2944.4","A","Official value",""
"QCL","Crops and livestock products","203","Czechia","5510","Production","01344.02","Cherries","2019","2019","t","2650","A","Official value",""
"QCL","Crops and livestock products","203","Czechia","5312","Area harvested","01344.02","Cherries","2020","2020","ha","900","A","Official value",""
"QCL","Crops and livestock products","203","Czechia","5412","Yield","01344.02","Cherries","2020","2020","kg/ha","977.8","A","Official value",""
"QCL","Crops and livestock products","203","Czechia","5510","Production","01344.02","Cherries","2020","2020","t","880","A","Official value",""
"QCL","Crops and livestock products","203","Czechia","5312","Area harvested","01344.02","Cherries","2021","2021","ha","880","A","Official value",""
"QCL","Crops and livestock products","203","Czechia","5412","Yield","01344.02","Cherries","2021","2021","kg/ha","1556.8","A","Official value",""
"QCL","Crops and livestock products","203","Czechia","5510","Production","01344.02","Cherries","2021","2021","t","1370","A","Official value",""
"QCL","Crops and livestock products","203","Czechia","5312","Area harvested","01344.02","Cherries","2022","2022","ha","860","A","Official value",""
"QCL","Crops and livestock products","203","Czechia","5412","Yield","01344.02","Cherries","2022","2022","kg/ha","2139.5","A","Official value",""
"QCL","Crops and livestock products","203","Czechia","5510","Production","01344.02","Cherries","2022","2022","t","1840","A","Official value",""
"QCL","Crops and livestock products","203","Czechia","5312","Area harvested","01344.02","Cherries","2023","2023","ha","840","A","Official value",""
"QCL","Crops and livestock products","203","Czechia","5412","Yield","01344.02","Cherries","2023","2023","kg/ha","1773.8","A","Official value",""
"QCL","Crops and livestock products","203","Czechia","5510","Production","01344.02","Cherries","2023","2023","t","1490","A","Official value",""
"QCL","Crops and livestock products","203","Czechia","5312","Area harvested","01344.02","Cherries","2024","2024","ha","840","A","Official value",""
"QCL","Crops and livestock products","203","Czechia","5412","Yield","01344.02","Cherries","2024","2024","kg/ha","369","A","Official value",""
"QCL","Crops and livestock products","203","Czechia","5510","Production","01344.02","Cherries","2024","2024","t","310","A","Official value",""
"QCL","Crops and livestock products","203","Czechia","5312","Area harvested","01703","Chick peas, dry","1993","1993","ha","100","E","Estimated value",""
"QCL","Crops and livestock products","203","Czechia","5412","Yield","01703","Chick peas, dry","1993","1993","kg/ha","2000","E","Estimated value",""
"QCL","Crops and livestock products","203","Czechia","5510","Production","01703","Chick peas, dry","1993","1993","t","200","E","Estimated value",""
"QCL","Crops and livestock products","203","Czechia","5312","Area harvested","01703","Chick peas, dry","1994","1994","ha","250","E","Estimated value",""
"QCL","Crops and livestock products","203","Czechia","5412","Yield","01703","Chick peas, dry","1994","1994","kg/ha","2000","E","Estimated value",""
"QCL","Crops and livestock products","203","Czechia","5510","Production","01703","Chick peas, dry","1994","1994","t","500","E","Estimated value",""
"QCL","Crops and livestock products","203","Czechia","5312","Area harvested","01703","Chick peas, dry","1995","1995","ha","174","I","Value imputed by a receiving agency",""
"QCL","Crops and livestock products","203","Czechia","5412","Yield","01703","Chick peas, dry","1995","1995","kg/ha","1523.4","E","Estimated value",""
"QCL","Crops and livestock products","203","Czechia","5510","Production","01703","Chick peas, dry","1995","1995","t","265.21","I","Value imputed by a receiving agency",""
"QCL","Crops and livestock products","203","Czechia","5312","Area harvested","01703","Chick peas, dry","1996","1996","ha","150","E","Estimated value",""
"QCL","Crops and livestock products","203","Czechia","5412","Yield","01703","Chick peas, dry","1996","1996","kg/ha","666.7","E","Estimated value",""
"QCL","Crops and livestock products","203","Czechia","5510","Production","01703","Chick peas, dry","1996","1996","t","100","E","Estimated value",""
"QCL","Crops and livestock products","203","Czechia","5312","Area harvested","01703","Chick peas, dry","1997","1997","ha","","M","Missing value; data cannot exist",""
"QCL","Crops and livestock products","203","Czechia","5510","Production","01703","Chick peas, dry","1997","1997","t","","M","Missing value; data cannot exist",""
"QCL","Crops and livestock products","203","Czechia","5312","Area harvested","01703","Chick peas, dry","1998","1998","ha","","M","Missing value; data cannot exist",""
"QCL","Crops and livestock products","203","Czechia","5510","Production","01703","Chick peas, dry","1998","1998","t","","M","Missing value; data cannot exist",""
"QCL","Crops and livestock products","203","Czechia","5312","Area harvested","01703","Chick peas, dry","1999","1999","ha","","M","Missing value; data cannot exist",""
"QCL","Crops and livestock products","203","Czechia","5510","Production","01703","Chick peas, dry","1999","1999","t","","M","Missing value; data cannot exist",""
"QCL","Crops and livestock products","203","Czechia","5312","Area harvested","01703","Chick peas, dry","2000","2000","ha","","M","Missing value; data cannot exist",""
"QCL","Crops and livestock products","203","Czechia","5510","Production","01703","Chick peas, dry","2000","2000","t","","M","Missing value; data cannot exist",""
"QCL","Crops and livestock products","203","Czechia","5312","Area harvested","01703","Chick peas, dry","2001","2001","ha","","M","Missing value; data cannot exist",""
"QCL","Crops and livestock products","203","Czechia","5510","Production","01703","Chick peas, dry","2001","2001","t","","M","Missing value; data cannot exist",""
"QCL","Crops and livestock products","203","Czechia","5312","Area harvested","01703","Chick peas, dry","2002","2002","ha","","M","Missing value; data cannot exist",""
"QCL","Crops and livestock products","203","Czechia","5510","Production","01703","Chick peas, dry","2002","2002","t","","M","Missing value; data cannot exist",""
"QCL","Crops and livestock products","203","Czechia","5312","Area harvested","01703","Chick peas, dry","2003","2003","ha","","M","Missing value; data cannot exist",""
"QCL","Crops and livestock products","203","Czechia","5510","Production","01703","Chick peas, dry","2003","2003","t","","M","Missing value; data cannot exist",""
"QCL","Crops and livestock products","203","Czechia","5312","Area harvested","01703","Chick peas, dry","2004","2004","ha","","M","Missing value; data cannot exist",""
"QCL","Crops and livestock products","203","Czechia","5510","Production","01703","Chick peas, dry","2004","2004","t","","M","Missing value; data cannot exist",""
"QCL","Crops and livestock products","203","Czechia","5312","Area harvested","01703","Chick peas, dry","2005","2005","ha","","M","Missing value; data cannot exist",""
"QCL","Crops and livestock products","203","Czechia","5510","Production","01703","Chick peas, dry","2005","2005","t","","M","Missing value; data cannot exist",""
"QCL","Crops and livestock products","203","Czechia","5312","Area harvested","01703","Chick peas, dry","2006","2006","ha","","M","Missing value; data cannot exist",""
"QCL","Crops and livestock products","203","Czechia","5510","Production","01703","Chick peas, dry","2006","2006","t","","M","Missing value; data cannot exist",""
"QCL","Crops and livestock products","203","Czechia","5312","Area harvested","01703","Chick peas, dry","2007","2007","ha","","M","Missing value; data cannot exist",""
"QCL","Crops and livestock products","203","Czechia","5510","Production","01703","Chick peas, dry","2007","2007","t","","M","Missing value; data cannot exist",""
"QCL","Crops and livestock products","203","Czechia","5312","Area harvested","01703","Chick peas, dry","2008","2008","ha","","M","Missing value; data cannot exist",""
"QCL","Crops and livestock products","203","Czechia","5510","Production","01703","Chick peas, dry","2008","2008","t","","M","Missing value; data cannot exist",""
"QCL","Crops and livestock products","203","Czechia","5312","Area harvested","01703","Chick peas, dry","2009","2009","ha","","M","Missing value; data cannot exist",""
"QCL","Crops and livestock products","203","Czechia","5510","Production","01703","Chick peas, dry","2009","2009","t","","M","Missing value; data cannot exist",""
"QCL","Crops and livestock products","203","Czechia","5312","Area harvested","01703","Chick peas, dry","2010","2010","ha","","M","Missing value; data cannot exist",""
"QCL","Crops and livestock products","203","Czechia","5510","Production","01703","Chick peas, dry","2010","2010","t","","M","Missing value; data cannot exist",""
"QCL","Crops and livestock products","203","Czechia","5312","Area harvested","01703","Chick peas, dry","2011","2011","ha","","M","Missing value; data cannot exist",""
"QCL","Crops and livestock products","203","Czechia","5510","Production","01703","Chick peas, dry","2011","2011","t","","M","Missing value; data cannot exist",""
"QCL","Crops and livestock products","203","Czechia","5312","Area harvested","01703","Chick peas, dry","2012","2012","ha","","M","Missing value; data cannot exist",""
"QCL","Crops and livestock products","203","Czechia","5510","Production","01703","Chick peas, dry","2012","2012","t","","M","Missing value; data cannot exist",""
"QCL","Crops and livestock products","203","Czechia","5312","Area harvested","01703","Chick peas, dry","2013","2013","ha","","M","Missing value; data cannot exist",""
"QCL","Crops and livestock products","203","Czechia","5510","Production","01703","Chick peas, dry","2013","2013","t","","M","Missing value; data cannot exist",""
"QCL","Crops and livestock products","203","Czechia","5312","Area harvested","01703","Chick peas, dry","2014","2014","ha","","M","Missing value; data cannot exist",""
"QCL","Crops and livestock products","203","Czechia","5510","Production","01703","Chick peas, dry","2014","2014","t","","M","Missing value; data cannot exist",""
"QCL","Crops and livestock products","203","Czechia","5312","Area harvested","01703","Chick peas, dry","2015","2015","ha","","M","Missing value; data cannot exist",""
"QCL","Crops and livestock products","203","Czechia","5510","Production","01703","Chick peas, dry","2015","2015","t","","M","Missing value; data cannot exist",""
"QCL","Crops and livestock products","203","Czechia","5312","Area harvested","01703","Chick peas, dry","2016","2016","ha","","M","Missing value; data cannot exist",""
"QCL","Crops and livestock products","203","Czechia","5510","Production","01703","Chick peas, dry","2016","2016","t","","M","Missing value; data cannot exist",""
"QCL","Crops and livestock products","203","Czechia","5312","Area harvested","01703","Chick peas, dry","2017","2017","ha","","M","Missing value; data cannot exist",""
"QCL","Crops and livestock products","203","Czechia","5510","Production","01703","Chick peas, dry","2017","2017","t","","M","Missing value; data cannot exist",""
"QCL","Crops and livestock products","203","Czechia","5312","Area harvested","01652","Chillies and peppers, dry (Capsicum spp., Pimenta spp.), raw","1993","1993","ha","2256","A","Official value",""
"QCL","Crops and livestock products","203","Czechia","5412","Yield","01652","Chillies and peppers, dry (Capsicum spp., Pimenta spp.), raw","1993","1993","kg/ha","310.3","A","Official value",""
"QCL","Crops and livestock products","203","Czechia","5510","Production","01652","Chillies and peppers, dry (Capsicum spp., Pimenta spp.), raw","1993","1993","t","700","A","Official value",""
"QCL","Crops and livestock products","203","Czechia","5312","Area harvested","01652","Chillies and peppers, dry (Capsicum spp., Pimenta spp.), raw","1994","1994","ha","2877","A","Official value",""
"QCL","Crops and livestock products","203","Czechia","5412","Yield","01652","Chillies and peppers, dry (Capsicum spp., Pimenta spp.), raw","1994","1994","kg/ha","799.4","A","Official value",""
"QCL","Crops and livestock products","203","Czechia","5510","Production","01652","Chillies and peppers, dry (Capsicum spp., Pimenta spp.), raw","1994","1994","t","2300","A","Official value",""
"QCL","Crops and livestock products","203","Czechia","5312","Area harvested","01652","Chillies and peppers, dry (Capsicum spp., Pimenta spp.), raw","1995","1995","ha","6519","A","Official value",""
"QCL","Crops and livestock products","203","Czechia","5412","Yield","01652","Chillies and peppers, dry (Capsicum spp., Pimenta spp.), raw","1995","1995","kg/ha","567.6","A","Official value",""
"QCL","Crops and livestock products","203","Czechia","5510","Production","01652","Chillies and peppers, dry (Capsicum spp., Pimenta spp.), raw","1995","1995","t","3700","A","Official value",""
"QCL","Crops and livestock products","203","Czechia","5312","Area harvested","01652","Chillies and peppers, dry (Capsicum spp., Pimenta spp.), raw","1996","1996","ha","10818","A","Official value",""
"QCL","Crops and livestock products","203","Czechia","5412","Yield","01652","Chillies and peppers, dry (Capsicum spp., Pimenta spp.), raw","1996","1996","kg/ha","674.8","A","Official value",""
"QCL","Crops and livestock products","203","Czechia","5510","Production","01652","Chillies and peppers, dry (Capsicum spp., Pimenta spp.), raw","1996","1996","t","7300","A","Official value",""
"QCL","Crops and livestock products","203","Czechia","5312","Area harvested","01652","Chillies and peppers, dry (Capsicum spp., Pimenta spp.), raw","1997","1997","ha","7276","A","Official value",""
"QCL","Crops and livestock products","203","Czechia","5412","Yield","01652","Chillies and peppers, dry (Capsicum spp., Pimenta spp.), raw","1997","1997","kg/ha","783.4","A","Official value",""
"QCL","Crops and livestock products","203","Czechia","5510","Production","01652","Chillies and peppers, dry (Capsicum spp., Pimenta spp.), raw","1997","1997","t","5700","A","Official value",""
"QCL","Crops and livestock products","203","Czechia","5312","Area harvested","01652","Chillies and peppers, dry (Capsicum spp., Pimenta spp.), raw","1998","1998","ha","3433","A","Official value",""
"QCL","Crops and livestock products","203","Czechia","5412","Yield","01652","Chillies and peppers, dry (Capsicum spp., Pimenta spp.), raw","1998","1998","kg/ha","582.6","A","Official value",""
"QCL","Crops and livestock products","203","Czechia","5510","Production","01652","Chillies and peppers, dry (Capsicum spp., Pimenta spp.), raw","1998","1998","t","2000","A","Official value",""
"QCL","Crops and livestock products","203","Czechia","5312","Area harvested","01652","Chillies and peppers, dry (Capsicum spp., Pimenta spp.), raw","1999","1999","ha","3127","A","Official value",""
"QCL","Crops and livestock products","203","Czechia","5412","Yield","01652","Chillies and peppers, dry (Capsicum spp., Pimenta spp.), raw","1999","1999","kg/ha","511.7","A","Official value",""
"QCL","Crops and livestock products","203","Czechia","5510","Production","01652","Chillies and peppers, dry (Capsicum spp., Pimenta spp.), raw","1999","1999","t","1600","A","Official value",""
"QCL","Crops and livestock products","203","Czechia","5312","Area harvested","01652","Chillies and peppers, dry (Capsicum spp., Pimenta spp.), raw","2000","2000","ha","5217","A","Official value",""
"QCL","Crops and livestock products","203","Czechia","5412","Yield","01652","Chillies and peppers, dry (Capsicum spp., Pimenta spp.), raw","2000","2000","kg/ha","460","A","Official value",""
"QCL","Crops and livestock products","203","Czechia","5510","Production","01652","Chillies and peppers, dry (Capsicum spp., Pimenta spp.), raw","2000","2000","t","2400","A","Official value",""
"QCL","Crops and livestock products","203","Czechia","5312","Area harvested","01652","Chillies and peppers, dry (Capsicum spp., Pimenta spp.), raw","2001","2001","ha","5107","A","Official value",""
"QCL","Crops and livestock products","203","Czechia","5412","Yield","01652","Chillies and peppers, dry (Capsicum spp., Pimenta spp.), raw","2001","2001","kg/ha","646.2","A","Official value",""
"QCL","Crops and livestock products","203","Czechia","5510","Production","01652","Chillies and peppers, dry (Capsicum spp., Pimenta spp.), raw","2001","2001","t","3300","A","Official value",""
"QCL","Crops and livestock products","203","Czechia","5312","Area harvested","01652","Chillies and peppers, dry (Capsicum spp., Pimenta spp.), raw","2002","2002","ha","5120","A","Official value",""
"QCL","Crops and livestock products","203","Czechia","5412","Yield","01652","Chillies and peppers, dry (Capsicum spp., Pimenta spp.), raw","2002","2002","kg/ha","722.7","A","Official value",""
"QCL","Crops and livestock products","203","Czechia","5510","Production","01652","Chillies and peppers, dry (Capsicum spp., Pimenta spp.), raw","2002","2002","t","3700","A","Official value",""
"QCL","Crops and livestock products","203","Czechia","5312","Area harvested","01652","Chillies and peppers, dry (Capsicum spp., Pimenta spp.), raw","2003","2003","ha","6258","A","Official value",""
"QCL","Crops and livestock products","203","Czechia","5412","Yield","01652","Chillies and peppers, dry (Capsicum spp., Pimenta spp.), raw","2003","2003","kg/ha","687.1","A","Official value",""
"QCL","Crops and livestock products","203","Czechia","5510","Production","01652","Chillies and peppers, dry (Capsicum spp., Pimenta spp.), raw","2003","2003","t","4300","A","Official value",""
"QCL","Crops and livestock products","203","Czechia","5312","Area harvested","01652","Chillies and peppers, dry (Capsicum spp., Pimenta spp.), raw","2004","2004","ha","6153","A","Official value",""
"QCL","Crops and livestock products","203","Czechia","5412","Yield","01652","Chillies and peppers, dry (Capsicum spp., Pimenta spp.), raw","2004","2004","kg/ha","861.4","A","Official value",""
"QCL","Crops and livestock products","203","Czechia","5510","Production","01652","Chillies and peppers, dry (Capsicum spp., Pimenta spp.), raw","2004","2004","t","5300","A","Official value",""
"QCL","Crops and livestock products","203","Czechia","5312","Area harvested","01652","Chillies and peppers, dry (Capsicum spp., Pimenta spp.), raw","2005","2005","ha","5144","A","Official value",""
"QCL","Crops and livestock products","203","Czechia","5412","Yield","01652","Chillies and peppers, dry (Capsicum spp., Pimenta spp.), raw","2005","2005","kg/ha","855.4","A","Official value",""
"QCL","Crops and livestock products","203","Czechia","5510","Production","01652","Chillies and peppers, dry (Capsicum spp., Pimenta spp.), raw","2005","2005","t","4400","A","Official value",""
"QCL","Crops and livestock products","203","Czechia","5312","Area harvested","01652","Chillies and peppers, dry (Capsicum spp., Pimenta spp.), raw","2006","2006","ha","3429","A","Official value",""
"QCL","Crops and livestock products","203","Czechia","5412","Yield","01652","Chillies and peppers, dry (Capsicum spp., Pimenta spp.), raw","2006","2006","kg/ha","806.1","A","Official value",""
"QCL","Crops and livestock products","203","Czechia","5510","Production","01652","Chillies and peppers, dry (Capsicum spp., Pimenta spp.), raw","2006","2006","t","2764","A","Official value",""
"QCL","Crops and livestock products","203","Czechia","5312","Area harvested","01652","Chillies and peppers, dry (Capsicum spp., Pimenta spp.), raw","2007","2007","ha","2815","A","Official value",""
"QCL","Crops and livestock products","203","Czechia","5412","Yield","01652","Chillies and peppers, dry (Capsicum spp., Pimenta spp.), raw","2007","2007","kg/ha","722.2","A","Official value",""
"QCL","Crops and livestock products","203","Czechia","5510","Production","01652","Chillies and peppers, dry (Capsicum spp., Pimenta spp.), raw","2007","2007","t","2033","A","Official value",""
"QCL","Crops and livestock products","203","Czechia","5312","Area harvested","01652","Chillies and peppers, dry (Capsicum spp., Pimenta spp.), raw","2008","2008","ha","1615","A","Official value",""
"QCL","Crops and livestock products","203","Czechia","5412","Yield","01652","Chillies and peppers, dry (Capsicum spp., Pimenta spp.), raw","2008","2008","kg/ha","923.2","A","Official value",""
"QCL","Crops and livestock products","203","Czechia","5510","Production","01652","Chillies and peppers, dry (Capsicum spp., Pimenta spp.), raw","2008","2008","t","1491","A","Official value",""
"QCL","Crops and livestock products","203","Czechia","5312","Area harvested","01652","Chillies and peppers, dry (Capsicum spp., Pimenta spp.), raw","2009","2009","ha","2153","A","Official value",""
"QCL","Crops and livestock products","203","Czechia","5412","Yield","01652","Chillies and peppers, dry (Capsicum spp., Pimenta spp.), raw","2009","2009","kg/ha","702.7","A","Official value",""
"QCL","Crops and livestock products","203","Czechia","5510","Production","01652","Chillies and peppers, dry (Capsicum spp., Pimenta spp.), raw","2009","2009","t","1513","A","Official value",""
"QCL","Crops and livestock products","203","Czechia","5312","Area harvested","01652","Chillies and peppers, dry (Capsicum spp., Pimenta spp.), raw","2010","2010","ha","3887","A","Official value",""
"QCL","Crops and livestock products","203","Czechia","5412","Yield","01652","Chillies and peppers, dry (Capsicum spp., Pimenta spp.), raw","2010","2010","kg/ha","692.1","A","Official value",""
"QCL","Crops and livestock products","203","Czechia","5510","Production","01652","Chillies and peppers, dry (Capsicum spp., Pimenta spp.), raw","2010","2010","t","2690","A","Official value",""
"QCL","Crops and livestock products","203","Czechia","5312","Area harvested","01652","Chillies and peppers, dry (Capsicum spp., Pimenta spp.), raw","2011","2011","ha","4525","A","Official value",""
"QCL","Crops and livestock products","203","Czechia","5412","Yield","01652","Chillies and peppers, dry (Capsicum spp., Pimenta spp.), raw","2011","2011","kg/ha","803.3","A","Official value",""
"QCL","Crops and livestock products","203","Czechia","5510","Production","01652","Chillies and peppers, dry (Capsicum spp., Pimenta spp.), raw","2011","2011","t","3635","A","Official value",""
"QCL","Crops and livestock products","203","Czechia","5312","Area harvested","01652","Chillies and peppers, dry (Capsicum spp., Pimenta spp.), raw","2012","2012","ha","3048","A","Official value",""
"QCL","Crops and livestock products","203","Czechia","5412","Yield","01652","Chillies and peppers, dry (Capsicum spp., Pimenta spp.), raw","2012","2012","kg/ha","957.7","A","Official value",""
"QCL","Crops and livestock products","203","Czechia","5510","Production","01652","Chillies and peppers, dry (Capsicum spp., Pimenta spp.), raw","2012","2012","t","2919","A","Official value",""
"QCL","Crops and livestock products","203","Czechia","5312","Area harvested","01652","Chillies and peppers, dry (Capsicum spp., Pimenta spp.), raw","2013","2013","ha","2262","A","Official value",""
"QCL","Crops and livestock products","203","Czechia","5412","Yield","01652","Chillies and peppers, dry (Capsicum spp., Pimenta spp.), raw","2013","2013","kg/ha","663.1","A","Official value",""
"QCL","Crops and livestock products","203","Czechia","5510","Production","01652","Chillies and peppers, dry (Capsicum spp., Pimenta spp.), raw","2013","2013","t","1500","A","Official value",""
"QCL","Crops and livestock products","203","Czechia","5312","Area harvested","01652","Chillies and peppers, dry (Capsicum spp., Pimenta spp.), raw","2014","2014","ha","3374","I","Value imputed by a receiving agency",""
"QCL","Crops and livestock products","203","Czechia","5412","Yield","01652","Chillies and peppers, dry (Capsicum spp., Pimenta spp.), raw","2014","2014","kg/ha","795.8","E","Estimated value",""
"QCL","Crops and livestock products","203","Czechia","5510","Production","01652","Chillies and peppers, dry (Capsicum spp., Pimenta spp.), raw","2014","2014","t","2684.67","E","Estimated value",""
"QCL","Crops and livestock products","203","Czechia","5312","Area harvested","01652","Chillies and peppers, dry (Capsicum spp., Pimenta spp.), raw","2015","2015","ha","2871","I","Value imputed by a receiving agency",""
"QCL","Crops and livestock products","203","Czechia","5412","Yield","01652","Chillies and peppers, dry (Capsicum spp., Pimenta spp.), raw","2015","2015","kg/ha","824.7","E","Estimated value",""
"QCL","Crops and livestock products","203","Czechia","5510","Production","01652","Chillies and peppers, dry (Capsicum spp., Pimenta spp.), raw","2015","2015","t","2367.89","E","Estimated value",""
"QCL","Crops and livestock products","203","Czechia","5312","Area harvested","01652","Chillies and peppers, dry (Capsicum spp., Pimenta spp.), raw","2016","2016","ha","2651","I","Value imputed by a receiving agency",""
"QCL","Crops and livestock products","203","Czechia","5412","Yield","01652","Chillies and peppers, dry (Capsicum spp., Pimenta spp.), raw","2016","2016","kg/ha","823.9","E","Estimated value",""
"QCL","Crops and livestock products","203","Czechia","5510","Production","01652","Chillies and peppers, dry (Capsicum spp., Pimenta spp.), raw","2016","2016","t","2184.19","E","Estimated value",""
"QCL","Crops and livestock products","203","Czechia","5312","Area harvested","01652","Chillies and peppers, dry (Capsicum spp., Pimenta spp.), raw","2017","2017","ha","2901","I","Value imputed by a receiving agency",""
"QCL","Crops and livestock products","203","Czechia","5412","Yield","01652","Chillies and peppers, dry (Capsicum spp., Pimenta spp.), raw","2017","2017","kg/ha","831.7","E","Estimated value",""
"QCL","Crops and livestock products","203","Czechia","5510","Production","01652","Chillies and peppers, dry (Capsicum spp., Pimenta spp.), raw","2017","2017","t","2412.25","E","Estimated value",""
"QCL","Crops and livestock products","203","Czechia","5312","Area harvested","01231","Chillies and peppers, green (Capsicum spp. and Pimenta spp.)","1993","1993","ha","491","A","Official value",""
"QCL","Crops and livestock products","203","Czechia","5412","Yield","01231","Chillies and peppers, green (Capsicum spp. and Pimenta spp.)","1993","1993","kg/ha","11028.5","A","Official value",""
"QCL","Crops and livestock products","203","Czechia","5510","Production","01231","Chillies and peppers, green (Capsicum spp. and Pimenta spp.)","1993","1993","t","5415","A","Official value",""
"QCL","Crops and livestock products","203","Czechia","5312","Area harvested","01231","Chillies and peppers, green (Capsicum spp. and Pimenta spp.)","1994","1994","ha","500","E","Estimated value",""
"QCL","Crops and livestock products","203","Czechia","5412","Yield","01231","Chillies and peppers, green (Capsicum spp. and Pimenta spp.)","1994","1994","kg/ha","10800","E","Estimated value",""
"QCL","Crops and livestock products","203","Czechia","5510","Production","01231","Chillies and peppers, green (Capsicum spp. and Pimenta spp.)","1994","1994","t","5400","E","Estimated value",""
"QCL","Crops and livestock products","203","Czechia","5312","Area harvested","01231","Chillies and peppers, green (Capsicum spp. and Pimenta spp.)","1995","1995","ha","417","I","Value imputed by a receiving agency",""
"QCL","Crops and livestock products","203","Czechia","5412","Yield","01231","Chillies and peppers, green (Capsicum spp. and Pimenta spp.)","1995","1995","kg/ha","11959.7","E","Estimated value",""
"QCL","Crops and livestock products","203","Czechia","5510","Production","01231","Chillies and peppers, green (Capsicum spp. and Pimenta spp.)","1995","1995","t","4985.49","I","Value imputed by a receiving agency",""
"QCL","Crops and livestock products","203","Czechia","5312","Area harvested","01231","Chillies and peppers, green (Capsicum spp. and Pimenta spp.)","1996","1996","ha","401","I","Value imputed by a receiving agency",""
"QCL","Crops and livestock products","203","Czechia","5412","Yield","01231","Chillies and peppers, green (Capsicum spp. and Pimenta spp.)","1996","1996","kg/ha","12479.1","E","Estimated value",""
"QCL","Crops and livestock products","203","Czechia","5510","Production","01231","Chillies and peppers, green (Capsicum spp. and Pimenta spp.)","1996","1996","t","5005.07","I","Value imputed by a receiving agency",""
"QCL","Crops and livestock products","203","Czechia","5312","Area harvested","01231","Chillies and peppers, green (Capsicum spp. and Pimenta spp.)","1997","1997","ha","401","I","Value imputed by a receiving agency",""
"QCL","Crops and livestock products","203","Czechia","5412","Yield","01231","Chillies and peppers, green (Capsicum spp. and Pimenta spp.)","1997","1997","kg/ha","12482.3","E","Estimated value",""
"QCL","Crops and livestock products","203","Czechia","5510","Production","01231","Chillies and peppers, green (Capsicum spp. and Pimenta spp.)","1997","1997","t","5008.09","I","Value imputed by a receiving agency",""
"QCL","Crops and livestock products","203","Czechia","5312","Area harvested","01231","Chillies and peppers, green (Capsicum spp. and Pimenta spp.)","1998","1998","ha","420","A","Official value",""
"QCL","Crops and livestock products","203","Czechia","5412","Yield","01231","Chillies and peppers, green (Capsicum spp. and Pimenta spp.)","1998","1998","kg/ha","10714.3","A","Official value",""
"QCL","Crops and livestock products","203","Czechia","5510","Production","01231","Chillies and peppers, green (Capsicum spp. and Pimenta spp.)","1998","1998","t","4500","A","Official value",""
"QCL","Crops and livestock products","203","Czechia","5312","Area harvested","01231","Chillies and peppers, green (Capsicum spp. and Pimenta spp.)","1999","1999","ha","320","A","Official value",""
"QCL","Crops and livestock products","203","Czechia","5412","Yield","01231","Chillies and peppers, green (Capsicum spp. and Pimenta spp.)","1999","1999","kg/ha","15000","A","Official value",""
"QCL","Crops and livestock products","203","Czechia","5510","Production","01231","Chillies and peppers, green (Capsicum spp. and Pimenta spp.)","1999","1999","t","4800","A","Official value",""
"QCL","Crops and livestock products","203","Czechia","5312","Area harvested","01231","Chillies and peppers, green (Capsicum spp. and Pimenta spp.)","2000","2000","ha","250","A","Official value",""
"QCL","Crops and livestock products","203","Czechia","5412","Yield","01231","Chillies and peppers, green (Capsicum spp. and Pimenta spp.)","2000","2000","kg/ha","16400","A","Official value",""
"QCL","Crops and livestock products","203","Czechia","5510","Production","01231","Chillies and peppers, green (Capsicum spp. and Pimenta spp.)","2000","2000","t","4100","A","Official value",""
"QCL","Crops and livestock products","203","Czechia","5312","Area harvested","01231","Chillies and peppers, green (Capsicum spp. and Pimenta spp.)","2001","2001","ha","213","A","Official value",""
"QCL","Crops and livestock products","203","Czechia","5412","Yield","01231","Chillies and peppers, green (Capsicum spp. and Pimenta spp.)","2001","2001","kg/ha","25000","A","Official value",""
"QCL","Crops and livestock products","203","Czechia","5510","Production","01231","Chillies and peppers, green (Capsicum spp. and Pimenta spp.)","2001","2001","t","5325","A","Official value",""
"QCL","Crops and livestock products","203","Czechia","5312","Area harvested","01231","Chillies and peppers, green (Capsicum spp. and Pimenta spp.)","2002","2002","ha","206","A","Official value",""
"QCL","Crops and livestock products","203","Czechia","5412","Yield","01231","Chillies and peppers, green (Capsicum spp. and Pimenta spp.)","2002","2002","kg/ha","24995.1","A","Official value",""
"QCL","Crops and livestock products","203","Czechia","5510","Production","01231","Chillies and peppers, green (Capsicum spp. and Pimenta spp.)","2002","2002","t","5149","A","Official value",""
"QCL","Crops and livestock products","203","Czechia","5312","Area harvested","01231","Chillies and peppers, green (Capsicum spp. and Pimenta spp.)","2003","2003","ha","211","A","Official value",""
"QCL","Crops and livestock products","203","Czechia","5412","Yield","01231","Chillies and peppers, green (Capsicum spp. and Pimenta spp.)","2003","2003","kg/ha","25000","A","Official value",""
"QCL","Crops and livestock products","203","Czechia","5510","Production","01231","Chillies and peppers, green (Capsicum spp. and Pimenta spp.)","2003","2003","t","5275","A","Official value",""
"QCL","Crops and livestock products","203","Czechia","5312","Area harvested","01231","Chillies and peppers, green (Capsicum spp. and Pimenta spp.)","2004","2004","ha","315","A","Official value",""
"QCL","Crops and livestock products","203","Czechia","5412","Yield","01231","Chillies and peppers, green (Capsicum spp. and Pimenta spp.)","2004","2004","kg/ha","25079.4","A","Official value",""
"QCL","Crops and livestock products","203","Czechia","5510","Production","01231","Chillies and peppers, green (Capsicum spp. and Pimenta spp.)","2004","2004","t","7900","A","Official value",""
"QCL","Crops and livestock products","203","Czechia","5312","Area harvested","01231","Chillies and peppers, green (Capsicum spp. and Pimenta spp.)","2005","2005","ha","300","A","Official value",""
"QCL","Crops and livestock products","203","Czechia","5412","Yield","01231","Chillies and peppers, green (Capsicum spp. and Pimenta spp.)","2005","2005","kg/ha","19193.3","A","Official value",""
"QCL","Crops and livestock products","203","Czechia","5510","Production","01231","Chillies and peppers, green (Capsicum spp. and Pimenta spp.)","2005","2005","t","5758","A","Official value",""
"QCL","Crops and livestock products","203","Czechia","5312","Area harvested","01231","Chillies and peppers, green (Capsicum spp. and Pimenta spp.)","2006","2006","ha","300","A","Official value",""
"QCL","Crops and livestock products","203","Czechia","5412","Yield","01231","Chillies and peppers, green (Capsicum spp. and Pimenta spp.)","2006","2006","kg/ha","25000","A","Official value",""
"QCL","Crops and livestock products","203","Czechia","5510","Production","01231","Chillies and peppers, green (Capsicum spp. and Pimenta spp.)","2006","2006","t","7500","A","Official value",""
"QCL","Crops and livestock products","203","Czechia","5312","Area harvested","01231","Chillies and peppers, green (Capsicum spp. and Pimenta spp.)","2007","2007","ha","333","A","Official value",""
"QCL","Crops and livestock products","203","Czechia","5412","Yield","01231","Chillies and peppers, green (Capsicum spp. and Pimenta spp.)","2007","2007","kg/ha","21021","E","Estimated value",""
"QCL","Crops and livestock products","203","Czechia","5510","Production","01231","Chillies and peppers, green (Capsicum spp. and Pimenta spp.)","2007","2007","t","7000","E","Estimated value",""
"QCL","Crops and livestock products","203","Czechia","5312","Area harvested","01231","Chillies and peppers, green (Capsicum spp. and Pimenta spp.)","2008","2008","ha","235","A","Official value",""
"QCL","Crops and livestock products","203","Czechia","5412","Yield","01231","Chillies and peppers, green (Capsicum spp. and Pimenta spp.)","2008","2008","kg/ha","30638.3","E","Estimated value",""
"QCL","Crops and livestock products","203","Czechia","5510","Production","01231","Chillies and peppers, green (Capsicum spp. and Pimenta spp.)","2008","2008","t","7200","E","Estimated value",""
"QCL","Crops and livestock products","203","Czechia","5312","Area harvested","01231","Chillies and peppers, green (Capsicum spp. and Pimenta spp.)","2009","2009","ha","252","I","Value imputed by a receiving agency",""
"QCL","Crops and livestock products","203","Czechia","5412","Yield","01231","Chillies and peppers, green (Capsicum spp. and Pimenta spp.)","2009","2009","kg/ha","28404.4","E","Estimated value",""
"QCL","Crops and livestock products","203","Czechia","5510","Production","01231","Chillies and peppers, green (Capsicum spp. and Pimenta spp.)","2009","2009","t","7161.82","I","Value imputed by a receiving agency",""
"QCL","Crops and livestock products","203","Czechia","5312","Area harvested","01231","Chillies and peppers, green (Capsicum spp. and Pimenta spp.)","2010","2010","ha","262","I","Value imputed by a receiving agency",""
"QCL","Crops and livestock products","203","Czechia","5412","Yield","01231","Chillies and peppers, green (Capsicum spp. and Pimenta spp.)","2010","2010","kg/ha","28273.3","E","Estimated value",""
"QCL","Crops and livestock products","203","Czechia","5510","Production","01231","Chillies and peppers, green (Capsicum spp. and Pimenta spp.)","2010","2010","t","7395.64","I","Value imputed by a receiving agency",""
"QCL","Crops and livestock products","203","Czechia","5312","Area harvested","01231","Chillies and peppers, green (Capsicum spp. and Pimenta spp.)","2011","2011","ha","271","I","Value imputed by a receiving agency",""
"QCL","Crops and livestock products","203","Czechia","5412","Yield","01231","Chillies and peppers, green (Capsicum spp. and Pimenta spp.)","2011","2011","kg/ha","28208.6","E","Estimated value",""
"QCL","Crops and livestock products","203","Czechia","5510","Production","01231","Chillies and peppers, green (Capsicum spp. and Pimenta spp.)","2011","2011","t","7640.4","I","Value imputed by a receiving agency",""
"QCL","Crops and livestock products","203","Czechia","5312","Area harvested","01231","Chillies and peppers, green (Capsicum spp. and Pimenta spp.)","2012","2012","ha","274","I","Value imputed by a receiving agency",""
"QCL","Crops and livestock products","203","Czechia","5412","Yield","01231","Chillies and peppers, green (Capsicum spp. and Pimenta spp.)","2012","2012","kg/ha","28517.2","E","Estimated value",""
"QCL","Crops and livestock products","203","Czechia","5510","Production","01231","Chillies and peppers, green (Capsicum spp. and Pimenta spp.)","2012","2012","t","7819.3","I","Value imputed by a receiving agency",""
"QCL","Crops and livestock products","203","Czechia","5312","Area harvested","01231","Chillies and peppers, green (Capsicum spp. and Pimenta spp.)","2013","2013","ha","274","I","Value imputed by a receiving agency",""
"QCL","Crops and livestock products","203","Czechia","5412","Yield","01231","Chillies and peppers, green (Capsicum spp. and Pimenta spp.)","2013","2013","kg/ha","29267.7","E","Estimated value",""
"QCL","Crops and livestock products","203","Czechia","5510","Production","01231","Chillies and peppers, green (Capsicum spp. and Pimenta spp.)","2013","2013","t","8004.76","I","Value imputed by a receiving agency",""
"QCL","Crops and livestock products","203","Czechia","5312","Area harvested","01231","Chillies and peppers, green (Capsicum spp. and Pimenta spp.)","2014","2014","ha","295","I","Value imputed by a receiving agency",""
"QCL","Crops and livestock products","203","Czechia","5412","Yield","01231","Chillies and peppers, green (Capsicum spp. and Pimenta spp.)","2014","2014","kg/ha","28378.8","E","Estimated value",""
"QCL","Crops and livestock products","203","Czechia","5510","Production","01231","Chillies and peppers, green (Capsicum spp. and Pimenta spp.)","2014","2014","t","8362.47","I","Value imputed by a receiving agency",""
"QCL","Crops and livestock products","203","Czechia","5312","Area harvested","01231","Chillies and peppers, green (Capsicum spp. and Pimenta spp.)","2015","2015","ha","311","I","Value imputed by a receiving agency",""
"QCL","Crops and livestock products","203","Czechia","5412","Yield","01231","Chillies and peppers, green (Capsicum spp. and Pimenta spp.)","2015","2015","kg/ha","27822.2","E","Estimated value",""
"QCL","Crops and livestock products","203","Czechia","5510","Production","01231","Chillies and peppers, green (Capsicum spp. and Pimenta spp.)","2015","2015","t","8651.89","I","Value imputed by a receiving agency",""
"QCL","Crops and livestock products","203","Czechia","5312","Area harvested","01231","Chillies and peppers, green (Capsicum spp. and Pimenta spp.)","2016","2016","ha","323","I","Value imputed by a receiving agency",""
"QCL","Crops and livestock products","203","Czechia","5412","Yield","01231","Chillies and peppers, green (Capsicum spp. and Pimenta spp.)","2016","2016","kg/ha","27595.4","E","Estimated value",""
"QCL","Crops and livestock products","203","Czechia","5510","Production","01231","Chillies and peppers, green (Capsicum spp. and Pimenta spp.)","2016","2016","t","8902.23","I","Value imputed by a receiving agency",""
"QCL","Crops and livestock products","203","Czechia","5312","Area harvested","01231","Chillies and peppers, green (Capsicum spp. and Pimenta spp.)","2017","2017","ha","336","I","Value imputed by a receiving agency",""
"QCL","Crops and livestock products","203","Czechia","5412","Yield","01231","Chillies and peppers, green (Capsicum spp. and Pimenta spp.)","2017","2017","kg/ha","27290.6","E","Estimated value",""
"QCL","Crops and livestock products","203","Czechia","5510","Production","01231","Chillies and peppers, green (Capsicum spp. and Pimenta spp.)","2017","2017","t","9182.09","I","Value imputed by a receiving agency",""
"QCL","Crops and livestock products","203","Czechia","5312","Area harvested","01231","Chillies and peppers, green (Capsicum spp. and Pimenta spp.)","2018","2018","ha","420","A","Official value",""
"QCL","Crops and livestock products","203","Czechia","5412","Yield","01231","Chillies and peppers, green (Capsicum spp. and Pimenta spp.)","2018","2018","kg/ha","24547.6","A","Official value",""
"QCL","Crops and livestock products","203","Czechia","5510","Production","01231","Chillies and peppers, green (Capsicum spp. and Pimenta spp.)","2018","2018","t","10310","A","Official value",""
"QCL","Crops and livestock products","203","Czechia","5312","Area harvested","01231","Chillies and peppers, green (Capsicum spp. and Pimenta spp.)","2019","2019","ha","270","A","Official value",""
"QCL","Crops and livestock products","203","Czechia","5412","Yield","01231","Chillies and peppers, green (Capsicum spp. and Pimenta spp.)","2019","2019","kg/ha","41963","A","Official value",""
"QCL","Crops and livestock products","203","Czechia","5510","Production","01231","Chillies and peppers, green (Capsicum spp. and Pimenta spp.)","2019","2019","t","11330","A","Official value",""
"QCL","Crops and livestock products","203","Czechia","5312","Area harvested","01231","Chillies and peppers, green (Capsicum spp. and Pimenta spp.)","2020","2020","ha","290","A","Official value",""
"QCL","Crops and livestock products","203","Czechia","5412","Yield","01231","Chillies and peppers, green (Capsicum spp. and Pimenta spp.)","2020","2020","kg/ha","42172.4","A","Official value",""
"QCL","Crops and livestock products","203","Czechia","5510","Production","01231","Chillies and peppers, green (Capsicum spp. and Pimenta spp.)","2020","2020","t","12230","A","Official value",""
"QCL","Crops and livestock products","203","Czechia","5312","Area harvested","01231","Chillies and peppers, green (Capsicum spp. and Pimenta spp.)","2021","2021","ha","310","A","Official value",""
"QCL","Crops and livestock products","203","Czechia","5412","Yield","01231","Chillies and peppers, green (Capsicum spp. and Pimenta spp.)","2021","2021","kg/ha","36774.2","A","Official value",""
"QCL","Crops and livestock products","203","Czechia","5510","Production","01231","Chillies and peppers, green (Capsicum spp. and Pimenta spp.)","2021","2021","t","11400","A","Official value",""
"QCL","Crops and livestock products","203","Czechia","5312","Area harvested","01231","Chillies and peppers, green (Capsicum spp. and Pimenta spp.)","2022","2022","ha","300","A","Official value",""
"QCL","Crops and livestock products","203","Czechia","5412","Yield","01231","Chillies and peppers, green (Capsicum spp. and Pimenta spp.)","2022","2022","kg/ha","40233.3","A","Official value",""
"QCL","Crops and livestock products","203","Czechia","5510","Production","01231","Chillies and peppers, green (Capsicum spp. and Pimenta spp.)","2022","2022","t","12070","A","Official value",""
"QCL","Crops and livestock products","203","Czechia","5312","Area harvested","01231","Chillies and peppers, green (Capsicum spp. and Pimenta spp.)","2023","2023","ha","300","A","Official value",""
"QCL","Crops and livestock products","203","Czechia","5412","Yield","01231","Chillies and peppers, green (Capsicum spp. and Pimenta spp.)","2023","2023","kg/ha","43833.3","A","Official value",""
"QCL","Crops and livestock products","203","Czechia","5510","Production","01231","Chillies and peppers, green (Capsicum spp. and Pimenta spp.)","2023","2023","t","13150","A","Official value",""
"QCL","Crops and livestock products","203","Czechia","5312","Area harvested","01231","Chillies and peppers, green (Capsicum spp. and Pimenta spp.)","2024","2024","ha","280","A","Official value",""
"QCL","Crops and livestock products","203","Czechia","5412","Yield","01231","Chillies and peppers, green (Capsicum spp. and Pimenta spp.)","2024","2024","kg/ha","46642.9","A","Official value",""
"QCL","Crops and livestock products","203","Czechia","5510","Production","01231","Chillies and peppers, green (Capsicum spp. and Pimenta spp.)","2024","2024","t","13060","A","Official value",""
"QCL","Crops and livestock products","203","Czechia","5312","Area harvested","01232","Cucumbers and gherkins","1993","1993","ha","4607","A","Official value",""
"QCL","Crops and livestock products","203","Czechia","5412","Yield","01232","Cucumbers and gherkins","1993","1993","kg/ha","11883.2","A","Official value",""
"QCL","Crops and livestock products","203","Czechia","5510","Production","01232","Cucumbers and gherkins","1993","1993","t","54746","A","Official value",""
"QCL","Crops and livestock products","203","Czechia","5312","Area harvested","01232","Cucumbers and gherkins","1994","1994","ha","4694","A","Official value",""
"QCL","Crops and livestock products","203","Czechia","5412","Yield","01232","Cucumbers and gherkins","1994","1994","kg/ha","10926.1","A","Official value",""
"QCL","Crops and livestock products","203","Czechia","5510","Production","01232","Cucumbers and gherkins","1994","1994","t","51287","A","Official value",""
"QCL","Crops and livestock products","203","Czechia","5312","Area harvested","01232","Cucumbers and gherkins","1995","1995","ha","4544","A","Official value",""
"QCL","Crops and livestock products","203","Czechia","5412","Yield","01232","Cucumbers and gherkins","1995","1995","kg/ha","10072.4","A","Official value",""
"QCL","Crops and livestock products","203","Czechia","5510","Production","01232","Cucumbers and gherkins","1995","1995","t","45769","A","Official value",""
"QCL","Crops and livestock products","203","Czechia","5312","Area harvested","01232","Cucumbers and gherkins","1996","1996","ha","4387","A","Official value",""
"QCL","Crops and livestock products","203","Czechia","5412","Yield","01232","Cucumbers and gherkins","1996","1996","kg/ha","12028.3","A","Official value",""
"QCL","Crops and livestock products","203","Czechia","5510","Production","01232","Cucumbers and gherkins","1996","1996","t","52768","A","Official value",""
"QCL","Crops and livestock products","203","Czechia","5312","Area harvested","01232","Cucumbers and gherkins","1997","1997","ha","4472","A","Official value",""
"QCL","Crops and livestock products","203","Czechia","5412","Yield","01232","Cucumbers and gherkins","1997","1997","kg/ha","12588.3","A","Official value",""
"QCL","Crops and livestock products","203","Czechia","5510","Production","01232","Cucumbers and gherkins","1997","1997","t","56295","A","Official value",""
"QCL","Crops and livestock products","203","Czechia","5312","Area harvested","01232","Cucumbers and gherkins","1998","1998","ha","4282","A","Official value",""
"QCL","Crops and livestock products","203","Czechia","5412","Yield","01232","Cucumbers and gherkins","1998","1998","kg/ha","11367.6","A","Official value",""
"QCL","Crops and livestock products","203","Czechia","5510","Production","01232","Cucumbers and gherkins","1998","1998","t","48676","A","Official value",""
"QCL","Crops and livestock products","203","Czechia","5312","Area harvested","01232","Cucumbers and gherkins","1999","1999","ha","3982","A","Official value",""
"QCL","Crops and livestock products","203","Czechia","5412","Yield","01232","Cucumbers and gherkins","1999","1999","kg/ha","13085.9","A","Official value",""
"QCL","Crops and livestock products","203","Czechia","5510","Production","01232","Cucumbers and gherkins","1999","1999","t","52108","A","Official value",""
"QCL","Crops and livestock products","203","Czechia","5312","Area harvested","01232","Cucumbers and gherkins","2000","2000","ha","3847","A","Official value",""
"QCL","Crops and livestock products","203","Czechia","5412","Yield","01232","Cucumbers and gherkins","2000","2000","kg/ha","10568.5","A","Official value",""
"QCL","Crops and livestock products","203","Czechia","5510","Production","01232","Cucumbers and gherkins","2000","2000","t","40657","A","Official value",""
"QCL","Crops and livestock products","203","Czechia","5312","Area harvested","01232","Cucumbers and gherkins","2001","2001","ha","3032","A","Official value",""
"QCL","Crops and livestock products","203","Czechia","5412","Yield","01232","Cucumbers and gherkins","2001","2001","kg/ha","11656","A","Official value",""
"QCL","Crops and livestock products","203","Czechia","5510","Production","01232","Cucumbers and gherkins","2001","2001","t","35341","A","Official value",""
"QCL","Crops and livestock products","203","Czechia","5312","Area harvested","01232","Cucumbers and gherkins","2002","2002","ha","802","A","Official value",""
"QCL","Crops and livestock products","203","Czechia","5412","Yield","01232","Cucumbers and gherkins","2002","2002","kg/ha","19983.8","A","Official value",""
"QCL","Crops and livestock products","203","Czechia","5510","Production","01232","Cucumbers and gherkins","2002","2002","t","16027","A","Official value",""
"QCL","Crops and livestock products","203","Czechia","5312","Area harvested","01232","Cucumbers and gherkins","2003","2003","ha","567","A","Official value",""
"QCL","Crops and livestock products","203","Czechia","5412","Yield","01232","Cucumbers and gherkins","2003","2003","kg/ha","21340.4","A","Official value",""
"QCL","Crops and livestock products","203","Czechia","5510","Production","01232","Cucumbers and gherkins","2003","2003","t","12100","A","Official value",""
"QCL","Crops and livestock products","203","Czechia","5312","Area harvested","01232","Cucumbers and gherkins","2004","2004","ha","389","A","Official value",""
"QCL","Crops and livestock products","203","Czechia","5412","Yield","01232","Cucumbers and gherkins","2004","2004","kg/ha","19969.2","A","Official value",""
"QCL","Crops and livestock products","203","Czechia","5510","Production","01232","Cucumbers and gherkins","2004","2004","t","7768","A","Official value",""
"QCL","Crops and livestock products","203","Czechia","5312","Area harvested","01232","Cucumbers and gherkins","2005","2005","ha","442","A","Official value",""
"QCL","Crops and livestock products","203","Czechia","5412","Yield","01232","Cucumbers and gherkins","2005","2005","kg/ha","24083.7","A","Official value",""
"QCL","Crops and livestock products","203","Czechia","5510","Production","01232","Cucumbers and gherkins","2005","2005","t","10645","A","Official value",""
"QCL","Crops and livestock products","203","Czechia","5312","Area harvested","01232","Cucumbers and gherkins","2006","2006","ha","386","A","Official value",""
"QCL","Crops and livestock products","203","Czechia","5412","Yield","01232","Cucumbers and gherkins","2006","2006","kg/ha","19235.8","A","Official value",""
"QCL","Crops and livestock products","203","Czechia","5510","Production","01232","Cucumbers and gherkins","2006","2006","t","7425","A","Official value",""
"QCL","Crops and livestock products","203","Czechia","5312","Area harvested","01232","Cucumbers and gherkins","2007","2007","ha","470","A","Official value",""
"QCL","Crops and livestock products","203","Czechia","5412","Yield","01232","Cucumbers and gherkins","2007","2007","kg/ha","21042.6","A","Official value",""
"QCL","Crops and livestock products","203","Czechia","5510","Production","01232","Cucumbers and gherkins","2007","2007","t","9890","A","Official value",""
"QCL","Crops and livestock products","203","Czechia","5312","Area harvested","01232","Cucumbers and gherkins","2008","2008","ha","336","A","Official value",""
"QCL","Crops and livestock products","203","Czechia","5412","Yield","01232","Cucumbers and gherkins","2008","2008","kg/ha","26247","A","Official value",""
"QCL","Crops and livestock products","203","Czechia","5510","Production","01232","Cucumbers and gherkins","2008","2008","t","8819","A","Official value",""
"QCL","Crops and livestock products","203","Czechia","5312","Area harvested","01232","Cucumbers and gherkins","2009","2009","ha","462","A","Official value",""
"QCL","Crops and livestock products","203","Czechia","5412","Yield","01232","Cucumbers and gherkins","2009","2009","kg/ha","17075.8","A","Official value",""
"QCL","Crops and livestock products","203","Czechia","5510","Production","01232","Cucumbers and gherkins","2009","2009","t","7889","A","Official value",""
"QCL","Crops and livestock products","203","Czechia","5312","Area harvested","01232","Cucumbers and gherkins","2010","2010","ha","414","A","Official value",""
"QCL","Crops and livestock products","203","Czechia","5412","Yield","01232","Cucumbers and gherkins","2010","2010","kg/ha","25512.1","A","Official value",""
"QCL","Crops and livestock products","203","Czechia","5510","Production","01232","Cucumbers and gherkins","2010","2010","t","10562","A","Official value",""
"QCL","Crops and livestock products","203","Czechia","5312","Area harvested","01232","Cucumbers and gherkins","2011","2011","ha","367","A","Official value",""
"QCL","Crops and livestock products","203","Czechia","5412","Yield","01232","Cucumbers and gherkins","2011","2011","kg/ha","25964.6","A","Official value",""
"QCL","Crops and livestock products","203","Czechia","5510","Production","01232","Cucumbers and gherkins","2011","2011","t","9529","A","Official value",""
"QCL","Crops and livestock products","203","Czechia","5312","Area harvested","01232","Cucumbers and gherkins","2012","2012","ha","317","A","Official value",""
"QCL","Crops and livestock products","203","Czechia","5412","Yield","01232","Cucumbers and gherkins","2012","2012","kg/ha","22634.1","A","Official value",""
"QCL","Crops and livestock products","203","Czechia","5510","Production","01232","Cucumbers and gherkins","2012","2012","t","7175","A","Official value",""
"QCL","Crops and livestock products","203","Czechia","5312","Area harvested","01232","Cucumbers and gherkins","2013","2013","ha","286","A","Official value",""
"QCL","Crops and livestock products","203","Czechia","5412","Yield","01232","Cucumbers and gherkins","2013","2013","kg/ha","38021","A","Official value",""
"QCL","Crops and livestock products","203","Czechia","5510","Production","01232","Cucumbers and gherkins","2013","2013","t","10874","A","Official value",""
"QCL","Crops and livestock products","203","Czechia","5312","Area harvested","01232","Cucumbers and gherkins","2014","2014","ha","353","A","Official value",""
"QCL","Crops and livestock products","203","Czechia","5412","Yield","01232","Cucumbers and gherkins","2014","2014","kg/ha","48594.9","A","Official value",""
"QCL","Crops and livestock products","203","Czechia","5510","Production","01232","Cucumbers and gherkins","2014","2014","t","17154","A","Official value",""
"QCL","Crops and livestock products","203","Czechia","5312","Area harvested","01232","Cucumbers and gherkins","2015","2015","ha","373","A","Official value",""
"QCL","Crops and livestock products","203","Czechia","5412","Yield","01232","Cucumbers and gherkins","2015","2015","kg/ha","47235.9","A","Official value",""
"QCL","Crops and livestock products","203","Czechia","5510","Production","01232","Cucumbers and gherkins","2015","2015","t","17619","A","Official value",""
"QCL","Crops and livestock products","203","Czechia","5312","Area harvested","01232","Cucumbers and gherkins","2016","2016","ha","456","A","Official value",""
"QCL","Crops and livestock products","203","Czechia","5412","Yield","01232","Cucumbers and gherkins","2016","2016","kg/ha","46065.8","A","Official value",""
"QCL","Crops and livestock products","203","Czechia","5510","Production","01232","Cucumbers and gherkins","2016","2016","t","21006","A","Official value",""
"QCL","Crops and livestock products","203","Czechia","5312","Area harvested","01232","Cucumbers and gherkins","2017","2017","ha","337","A","Official value",""
"QCL","Crops and livestock products","203","Czechia","5412","Yield","01232","Cucumbers and gherkins","2017","2017","kg/ha","61639.4","A","Official value",""
"QCL","Crops and livestock products","203","Czechia","5510","Production","01232","Cucumbers and gherkins","2017","2017","t","20791.59","A","Official value",""
"QCL","Crops and livestock products","203","Czechia","5312","Area harvested","01232","Cucumbers and gherkins","2018","2018","ha","450","A","Official value",""
"QCL","Crops and livestock products","203","Czechia","5412","Yield","01232","Cucumbers and gherkins","2018","2018","kg/ha","31955.6","A","Official value",""
"QCL","Crops and livestock products","203","Czechia","5510","Production","01232","Cucumbers and gherkins","2018","2018","t","14380","A","Official value",""
"QCL","Crops and livestock products","203","Czechia","5312","Area harvested","01232","Cucumbers and gherkins","2019","2019","ha","310","A","Official value",""
"QCL","Crops and livestock products","203","Czechia","5412","Yield","01232","Cucumbers and gherkins","2019","2019","kg/ha","49129","A","Official value",""
"QCL","Crops and livestock products","203","Czechia","5510","Production","01232","Cucumbers and gherkins","2019","2019","t","15230","A","Official value",""
"QCL","Crops and livestock products","203","Czechia","5312","Area harvested","01232","Cucumbers and gherkins","2020","2020","ha","350","A","Official value",""
"QCL","Crops and livestock products","203","Czechia","5412","Yield","01232","Cucumbers and gherkins","2020","2020","kg/ha","31885.7","A","Official value",""
"QCL","Crops and livestock products","203","Czechia","5510","Production","01232","Cucumbers and gherkins","2020","2020","t","11160","A","Official value",""
"QCL","Crops and livestock products","203","Czechia","5312","Area harvested","01232","Cucumbers and gherkins","2021","2021","ha","310","A","Official value",""
"QCL","Crops and livestock products","203","Czechia","5412","Yield","01232","Cucumbers and gherkins","2021","2021","kg/ha","51419.4","A","Official value",""
"QCL","Crops and livestock products","203","Czechia","5510","Production","01232","Cucumbers and gherkins","2021","2021","t","15940","A","Official value",""
"QCL","Crops and livestock products","203","Czechia","5312","Area harvested","01232","Cucumbers and gherkins","2022","2022","ha","330","A","Official value",""
"QCL","Crops and livestock products","203","Czechia","5412","Yield","01232","Cucumbers and gherkins","2022","2022","kg/ha","59272.7","A","Official value",""
"QCL","Crops and livestock products","203","Czechia","5510","Production","01232","Cucumbers and gherkins","2022","2022","t","19560","A","Official value",""
"QCL","Crops and livestock products","203","Czechia","5312","Area harvested","01232","Cucumbers and gherkins","2023","2023","ha","300","A","Official value",""
"QCL","Crops and livestock products","203","Czechia","5412","Yield","01232","Cucumbers and gherkins","2023","2023","kg/ha","86333.3","A","Official value",""
"QCL","Crops and livestock products","203","Czechia","5510","Production","01232","Cucumbers and gherkins","2023","2023","t","25900","A","Official value",""
"QCL","Crops and livestock products","203","Czechia","5312","Area harvested","01232","Cucumbers and gherkins","2024","2024","ha","270","A","Official value",""
"QCL","Crops and livestock products","203","Czechia","5412","Yield","01232","Cucumbers and gherkins","2024","2024","kg/ha","76592.6","A","Official value",""
"QCL","Crops and livestock products","203","Czechia","5510","Production","01232","Cucumbers and gherkins","2024","2024","t","20680","A","Official value",""
"QCL","Crops and livestock products","203","Czechia","5312","Area harvested","01351.01","Currants","1993","1993","ha","5450","E","Estimated value",""
"QCL","Crops and livestock products","203","Czechia","5412","Yield","01351.01","Currants","1993","1993","kg/ha","4399.1","E","Estimated value",""
"QCL","Crops and livestock products","203","Czechia","5510","Production","01351.01","Currants","1993","1993","t","23975","A","Official value",""
"QCL","Crops and livestock products","203","Czechia","5312","Area harvested","01351.01","Currants","1994","1994","ha","5140","E","Estimated value",""
"QCL","Crops and livestock products","203","Czechia","5412","Yield","01351.01","Currants","1994","1994","kg/ha","4825.1","E","Estimated value",""
"QCL","Crops and livestock products","203","Czechia","5510","Production","01351.01","Currants","1994","1994","t","24801","A","Official value",""
"QCL","Crops and livestock products","203","Czechia","5312","Area harvested","01351.01","Currants","1995","1995","ha","5090","E","Estimated value",""
"QCL","Crops and livestock products","203","Czechia","5412","Yield","01351.01","Currants","1995","1995","kg/ha","4336.7","E","Estimated value",""
"QCL","Crops and livestock products","203","Czechia","5510","Production","01351.01","Currants","1995","1995","t","22074","A","Official value",""
"QCL","Crops and livestock products","203","Czechia","5312","Area harvested","01351.01","Currants","1996","1996","ha","5160","E","Estimated value",""
"QCL","Crops and livestock products","203","Czechia","5412","Yield","01351.01","Currants","1996","1996","kg/ha","4852.9","E","Estimated value",""
"QCL","Crops and livestock products","203","Czechia","5510","Production","01351.01","Currants","1996","1996","t","25041","A","Official value",""
"QCL","Crops and livestock products","203","Czechia","5312","Area harvested","01351.01","Currants","1997","1997","ha","5070","E","Estimated value",""
"QCL","Crops and livestock products","203","Czechia","5412","Yield","01351.01","Currants","1997","1997","kg/ha","4051.9","E","Estimated value",""
"QCL","Crops and livestock products","203","Czechia","5510","Production","01351.01","Currants","1997","1997","t","20543","A","Official value",""
"QCL","Crops and livestock products","203","Czechia","5312","Area harvested","01351.01","Currants","1998","1998","ha","4950","E","Estimated value",""
"QCL","Crops and livestock products","203","Czechia","5412","Yield","01351.01","Currants","1998","1998","kg/ha","4018.2","E","Estimated value",""
"QCL","Crops and livestock products","203","Czechia","5510","Production","01351.01","Currants","1998","1998","t","19890","A","Official value",""
"QCL","Crops and livestock products","203","Czechia","5312","Area harvested","01351.01","Currants","1999","1999","ha","4850","A","Official value",""
"QCL","Crops and livestock products","203","Czechia","5412","Yield","01351.01","Currants","1999","1999","kg/ha","4699.4","A","Official value",""
"QCL","Crops and livestock products","203","Czechia","5510","Production","01351.01","Currants","1999","1999","t","22792","A","Official value",""
"QCL","Crops and livestock products","203","Czechia","5312","Area harvested","01351.01","Currants","2000","2000","ha","3900","A","Official value",""
"QCL","Crops and livestock products","203","Czechia","5412","Yield","01351.01","Currants","2000","2000","kg/ha","4638.2","A","Official value",""
"QCL","Crops and livestock products","203","Czechia","5510","Production","01351.01","Currants","2000","2000","t","18089","A","Official value",""
"QCL","Crops and livestock products","203","Czechia","5312","Area harvested","01351.01","Currants","2001","2001","ha","1400","A","Official value",""
"QCL","Crops and livestock products","203","Czechia","5412","Yield","01351.01","Currants","2001","2001","kg/ha","11855","A","Official value",""
"QCL","Crops and livestock products","203","Czechia","5510","Production","01351.01","Currants","2001","2001","t","16597","A","Official value",""
"QCL","Crops and livestock products","203","Czechia","5312","Area harvested","01351.01","Currants","2002","2002","ha","1550","A","Official value",""
"QCL","Crops and livestock products","203","Czechia","5412","Yield","01351.01","Currants","2002","2002","kg/ha","1962.6","A","Official value",""
"QCL","Crops and livestock products","203","Czechia","5510","Production","01351.01","Currants","2002","2002","t","3042","A","Official value",""
"QCL","Crops and livestock products","203","Czechia","5312","Area harvested","01351.01","Currants","2003","2003","ha","1550","A","Official value",""
"QCL","Crops and livestock products","203","Czechia","5412","Yield","01351.01","Currants","2003","2003","kg/ha","2529.7","A","Official value",""
"QCL","Crops and livestock products","203","Czechia","5510","Production","01351.01","Currants","2003","2003","t","3921","A","Official value",""
"QCL","Crops and livestock products","203","Czechia","5312","Area harvested","01351.01","Currants","2004","2004","ha","1680","A","Official value",""
"QCL","Crops and livestock products","203","Czechia","5412","Yield","01351.01","Currants","2004","2004","kg/ha","2219.6","A","Official value",""
"QCL","Crops and livestock products","203","Czechia","5510","Production","01351.01","Currants","2004","2004","t","3729","A","Official value",""
"QCL","Crops and livestock products","203","Czechia","5312","Area harvested","01351.01","Currants","2005","2005","ha","1690","A","Official value",""
"QCL","Crops and livestock products","203","Czechia","5412","Yield","01351.01","Currants","2005","2005","kg/ha","2045","A","Official value",""
"QCL","Crops and livestock products","203","Czechia","5510","Production","01351.01","Currants","2005","2005","t","3456","A","Official value",""
"QCL","Crops and livestock products","203","Czechia","5312","Area harvested","01351.01","Currants","2006","2006","ha","1660","A","Official value",""
"QCL","Crops and livestock products","203","Czechia","5412","Yield","01351.01","Currants","2006","2006","kg/ha","1714.5","A","Official value",""
"QCL","Crops and livestock products","203","Czechia","5510","Production","01351.01","Currants","2006","2006","t","2846","A","Official value",""
"QCL","Crops and livestock products","203","Czechia","5312","Area harvested","01351.01","Currants","2007","2007","ha","1430","A","Official value",""
"QCL","Crops and livestock products","203","Czechia","5412","Yield","01351.01","Currants","2007","2007","kg/ha","2256.6","A","Official value",""
"QCL","Crops and livestock products","203","Czechia","5510","Production","01351.01","Currants","2007","2007","t","3227","A","Official value",""
"QCL","Crops and livestock products","203","Czechia","5312","Area harvested","01351.01","Currants","2008","2008","ha","1404","A","Official value",""
"QCL","Crops and livestock products","203","Czechia","5412","Yield","01351.01","Currants","2008","2008","kg/ha","2641.7","A","Official value",""
"QCL","Crops and livestock products","203","Czechia","5510","Production","01351.01","Currants","2008","2008","t","3709","A","Official value",""
"QCL","Crops and livestock products","203","Czechia","5312","Area harvested","01351.01","Currants","2009","2009","ha","1347","A","Official value",""
"QCL","Crops and livestock products","203","Czechia","5412","Yield","01351.01","Currants","2009","2009","kg/ha","1860.4","A","Official value",""
"QCL","Crops and livestock products","203","Czechia","5510","Production","01351.01","Currants","2009","2009","t","2506","A","Official value",""
"QCL","Crops and livestock products","203","Czechia","5312","Area harvested","01351.01","Currants","2010","2010","ha","1200","A","Official value",""
"QCL","Crops and livestock products","203","Czechia","5412","Yield","01351.01","Currants","2010","2010","kg/ha","1680.8","A","Official value",""
"QCL","Crops and livestock products","203","Czechia","5510","Production","01351.01","Currants","2010","2010","t","2017","A","Official value",""
"QCL","Crops and livestock products","203","Czechia","5312","Area harvested","01351.01","Currants","2011","2011","ha","1201","A","Official value",""
"QCL","Crops and livestock products","203","Czechia","5412","Yield","01351.01","Currants","2011","2011","kg/ha","1392.2","A","Official value",""
"QCL","Crops and livestock products","203","Czechia","5510","Production","01351.01","Currants","2011","2011","t","1672","A","Official value",""
"QCL","Crops and livestock products","203","Czechia","5312","Area harvested","01351.01","Currants","2012","2012","ha","1202","A","Official value",""
"QCL","Crops and livestock products","203","Czechia","5412","Yield","01351.01","Currants","2012","2012","kg/ha","2054.1","A","Official value",""
"QCL","Crops and livestock products","203","Czechia","5510","Production","01351.01","Currants","2012","2012","t","2469","A","Official value",""
"QCL","Crops and livestock products","203","Czechia","5312","Area harvested","01351.01","Currants","2013","2013","ha","1144","A","Official value",""
"QCL","Crops and livestock products","203","Czechia","5412","Yield","01351.01","Currants","2013","2013","kg/ha","1925.7","A","Official value",""
"QCL","Crops and livestock products","203","Czechia","5510","Production","01351.01","Currants","2013","2013","t","2203","A","Official value",""
"QCL","Crops and livestock products","203","Czechia","5312","Area harvested","01351.01","Currants","2014","2014","ha","1069","A","Official value",""
"QCL","Crops and livestock products","203","Czechia","5412","Yield","01351.01","Currants","2014","2014","kg/ha","1727.8","A","Official value",""
"QCL","Crops and livestock products","203","Czechia","5510","Production","01351.01","Currants","2014","2014","t","1847","A","Official value",""
"QCL","Crops and livestock products","203","Czechia","5312","Area harvested","01351.01","Currants","2015","2015","ha","1023","A","Official value",""
"QCL","Crops and livestock products","203","Czechia","5412","Yield","01351.01","Currants","2015","2015","kg/ha","2846.5","A","Official value",""
"QCL","Crops and livestock products","203","Czechia","5510","Production","01351.01","Currants","2015","2015","t","2912","A","Official value",""
"QCL","Crops and livestock products","203","Czechia","5312","Area harvested","01351.01","Currants","2016","2016","ha","859","A","Official value",""
"QCL","Crops and livestock products","203","Czechia","5412","Yield","01351.01","Currants","2016","2016","kg/ha","2090.8","A","Official value",""
"QCL","Crops and livestock products","203","Czechia","5510","Production","01351.01","Currants","2016","2016","t","1796","A","Official value",""
"QCL","Crops and livestock products","203","Czechia","5312","Area harvested","01351.01","Currants","2017","2017","ha","860","A","Official value",""
"QCL","Crops and livestock products","203","Czechia","5412","Yield","01351.01","Currants","2017","2017","kg/ha","1871.4","A","Official value",""
"QCL","Crops and livestock products","203","Czechia","5510","Production","01351.01","Currants","2017","2017","t","1609.4","A","Official value",""
"QCL","Crops and livestock products","203","Czechia","5312","Area harvested","01351.01","Currants","2018","2018","ha","850","A","Official value",""
"QCL","Crops and livestock products","203","Czechia","5412","Yield","01351.01","Currants","2018","2018","kg/ha","2223.5","A","Official value",""
"QCL","Crops and livestock products","203","Czechia","5510","Production","01351.01","Currants","2018","2018","t","1890","A","Official value",""
"QCL","Crops and livestock products","203","Czechia","5312","Area harvested","01351.01","Currants","2019","2019","ha","860","A","Official value",""
"QCL","Crops and livestock products","203","Czechia","5412","Yield","01351.01","Currants","2019","2019","kg/ha","1139.5","A","Official value",""
"QCL","Crops and livestock products","203","Czechia","5510","Production","01351.01","Currants","2019","2019","t","980","A","Official value",""
"QCL","Crops and livestock products","203","Czechia","5312","Area harvested","01351.01","Currants","2020","2020","ha","720","A","Official value",""
"QCL","Crops and livestock products","203","Czechia","5412","Yield","01351.01","Currants","2020","2020","kg/ha","2166.7","A","Official value",""
"QCL","Crops and livestock products","203","Czechia","5510","Production","01351.01","Currants","2020","2020","t","1560","A","Official value",""
"QCL","Crops and livestock products","203","Czechia","5312","Area harvested","01351.01","Currants","2021","2021","ha","720","A","Official value",""
"QCL","Crops and livestock products","203","Czechia","5412","Yield","01351.01","Currants","2021","2021","kg/ha","1763.9","A","Official value",""
"QCL","Crops and livestock products","203","Czechia","5510","Production","01351.01","Currants","2021","2021","t","1270","A","Official value",""
"QCL","Crops and livestock products","203","Czechia","5312","Area harvested","01351.01","Currants","2022","2022","ha","650","A","Official value",""
"QCL","Crops and livestock products","203","Czechia","5412","Yield","01351.01","Currants","2022","2022","kg/ha","1692.3","A","Official value",""
"QCL","Crops and livestock products","203","Czechia","5510","Production","01351.01","Currants","2022","2022","t","1100","A","Official value",""
"QCL","Crops and livestock products","203","Czechia","5312","Area harvested","01351.01","Currants","2023","2023","ha","570","A","Official value",""
"QCL","Crops and livestock products","203","Czechia","5412","Yield","01351.01","Currants","2023","2023","kg/ha","1543.9","A","Official value",""
"QCL","Crops and livestock products","203","Czechia","5510","Production","01351.01","Currants","2023","2023","t","880","A","Official value",""
"QCL","Crops and livestock products","203","Czechia","5312","Area harvested","01351.01","Currants","2024","2024","ha","560","A","Official value",""
"QCL","Crops and livestock products","203","Czechia","5412","Yield","01351.01","Currants","2024","2024","kg/ha","946.4","A","Official value",""
"QCL","Crops and livestock products","203","Czechia","5510","Production","01351.01","Currants","2024","2024","t","530","A","Official value",""
"QCL","Crops and livestock products","203","Czechia","5312","Area harvested","01315","Figs","2018","2018","ha","0","A","Official value",""
"QCL","Crops and livestock products","203","Czechia","5510","Production","01315","Figs","2018","2018","t","0","A","Official value",""
"QCL","Crops and livestock products","203","Czechia","5312","Area harvested","01315","Figs","2019","2019","ha","0","A","Official value",""
"QCL","Crops and livestock products","203","Czechia","5510","Production","01315","Figs","2019","2019","t","0","A","Official value",""
"QCL","Crops and livestock products","203","Czechia","5312","Area harvested","01315","Figs","2020","2020","ha","0","A","Official value",""
"QCL","Crops and livestock products","203","Czechia","5510","Production","01315","Figs","2020","2020","t","0","A","Official value",""
"QCL","Crops and livestock products","203","Czechia","5312","Area harvested","01315","Figs","2021","2021","ha","0","A","Official value",""
"QCL","Crops and livestock products","203","Czechia","5510","Production","01315","Figs","2021","2021","t","0","A","Official value",""
"QCL","Crops and livestock products","203","Czechia","5312","Area harvested","01315","Figs","2022","2022","ha","0","A","Official value",""
"QCL","Crops and livestock products","203","Czechia","5510","Production","01315","Figs","2022","2022","t","0","A","Official value",""
"QCL","Crops and livestock products","203","Czechia","5312","Area harvested","01315","Figs","2023","2023","ha","0","A","Official value",""
"QCL","Crops and livestock products","203","Czechia","5510","Production","01315","Figs","2023","2023","t","0","A","Official value",""
"QCL","Crops and livestock products","203","Czechia","5312","Area harvested","01315","Figs","2024","2024","ha","0","A","Official value",""
"QCL","Crops and livestock products","203","Czechia","5510","Production","01315","Figs","2024","2024","t","0","A","Official value",""
"QCL","Crops and livestock products","203","Czechia","5312","Area harvested","01929.01","Flax, raw or retted","1993","1993","ha","7571","A","Official value",""
"QCL","Crops and livestock products","203","Czechia","5412","Yield","01929.01","Flax, raw or retted","1993","1993","kg/ha","3307.1","A","Official value",""
"QCL","Crops and livestock products","203","Czechia","5510","Production","01929.01","Flax, raw or retted","1993","1993","t","25038","A","Official value",""
"QCL","Crops and livestock products","203","Czechia","5312","Area harvested","01929.01","Flax, raw or retted","1994","1994","ha","10118","A","Official value",""
"QCL","Crops and livestock products","203","Czechia","5412","Yield","01929.01","Flax, raw or retted","1994","1994","kg/ha","2680.2","A","Official value",""
"QCL","Crops and livestock products","203","Czechia","5510","Production","01929.01","Flax, raw or retted","1994","1994","t","27118","A","Official value",""
"QCL","Crops and livestock products","203","Czechia","5312","Area harvested","01929.01","Flax, raw or retted","1995","1995","ha","9966","A","Official value",""
"QCL","Crops and livestock products","203","Czechia","5412","Yield","01929.01","Flax, raw or retted","1995","1995","kg/ha","3441.7","A","Official value",""
"QCL","Crops and livestock products","203","Czechia","5510","Production","01929.01","Flax, raw or retted","1995","1995","t","34300","A","Official value",""
"QCL","Crops and livestock products","203","Czechia","5312","Area harvested","01929.01","Flax, raw or retted","1996","1996","ha","6836","A","Official value",""
"QCL","Crops and livestock products","203","Czechia","5412","Yield","01929.01","Flax, raw or retted","1996","1996","kg/ha","2672.9","A","Official value",""
"QCL","Crops and livestock products","203","Czechia","5510","Production","01929.01","Flax, raw or retted","1996","1996","t","18272","A","Official value",""
"QCL","Crops and livestock products","203","Czechia","5312","Area harvested","01929.01","Flax, raw or retted","1997","1997","ha","2017","A","Official value",""
"QCL","Crops and livestock products","203","Czechia","5412","Yield","01929.01","Flax, raw or retted","1997","1997","kg/ha","3192.4","A","Official value",""
"QCL","Crops and livestock products","203","Czechia","5510","Production","01929.01","Flax, raw or retted","1997","1997","t","6439","A","Official value",""
"QCL","Crops and livestock products","203","Czechia","5312","Area harvested","01929.01","Flax, raw or retted","1998","1998","ha","3719","A","Official value",""
"QCL","Crops and livestock products","203","Czechia","5412","Yield","01929.01","Flax, raw or retted","1998","1998","kg/ha","3007.5","A","Official value",""
"QCL","Crops and livestock products","203","Czechia","5510","Production","01929.01","Flax, raw or retted","1998","1998","t","11185","A","Official value",""
"QCL","Crops and livestock products","203","Czechia","5312","Area harvested","01929.01","Flax, raw or retted","1999","1999","ha","5292","A","Official value",""
"QCL","Crops and livestock products","203","Czechia","5412","Yield","01929.01","Flax, raw or retted","1999","1999","kg/ha","3224.7","A","Official value",""
"QCL","Crops and livestock products","203","Czechia","5510","Production","01929.01","Flax, raw or retted","1999","1999","t","17065","A","Official value",""
"QCL","Crops and livestock products","203","Czechia","5312","Area harvested","01929.01","Flax, raw or retted","2000","2000","ha","8484","A","Official value",""
"QCL","Crops and livestock products","203","Czechia","5412","Yield","01929.01","Flax, raw or retted","2000","2000","kg/ha","1784.2","A","Official value",""
"QCL","Crops and livestock products","203","Czechia","5510","Production","01929.01","Flax, raw or retted","2000","2000","t","15137","A","Official value",""
"QCL","Crops and livestock products","203","Czechia","5312","Area harvested","01929.01","Flax, raw or retted","2001","2001","ha","6560","A","Official value",""
"QCL","Crops and livestock products","203","Czechia","5412","Yield","01929.01","Flax, raw or retted","2001","2001","kg/ha","2696.2","A","Official value",""
"QCL","Crops and livestock products","203","Czechia","5510","Production","01929.01","Flax, raw or retted","2001","2001","t","17687","A","Official value",""
"QCL","Crops and livestock products","203","Czechia","5312","Area harvested","01929.01","Flax, raw or retted","2002","2002","ha","5843","A","Official value",""
"QCL","Crops and livestock products","203","Czechia","5412","Yield","01929.01","Flax, raw or retted","2002","2002","kg/ha","2552.6","A","Official value",""
"QCL","Crops and livestock products","203","Czechia","5510","Production","01929.01","Flax, raw or retted","2002","2002","t","14915","A","Official value",""
"QCL","Crops and livestock products","203","Czechia","5312","Area harvested","01929.01","Flax, raw or retted","2003","2003","ha","5684","A","Official value",""
"QCL","Crops and livestock products","203","Czechia","5412","Yield","01929.01","Flax, raw or retted","2003","2003","kg/ha","2179.3","A","Official value",""
"QCL","Crops and livestock products","203","Czechia","5510","Production","01929.01","Flax, raw or retted","2003","2003","t","12387","A","Official value",""
"QCL","Crops and livestock products","203","Czechia","5312","Area harvested","01929.01","Flax, raw or retted","2004","2004","ha","5365","A","Official value",""
"QCL","Crops and livestock products","203","Czechia","5412","Yield","01929.01","Flax, raw or retted","2004","2004","kg/ha","3272.5","A","Official value",""
"QCL","Crops and livestock products","203","Czechia","5510","Production","01929.01","Flax, raw or retted","2004","2004","t","17557","A","Official value",""
"QCL","Crops and livestock products","203","Czechia","5312","Area harvested","01929.01","Flax, raw or retted","2005","2005","ha","4499","A","Official value",""
"QCL","Crops and livestock products","203","Czechia","5412","Yield","01929.01","Flax, raw or retted","2005","2005","kg/ha","2994.9","A","Official value",""
"QCL","Crops and livestock products","203","Czechia","5510","Production","01929.01","Flax, raw or retted","2005","2005","t","13474","A","Official value",""
"QCL","Crops and livestock products","203","Czechia","5312","Area harvested","01929.01","Flax, raw or retted","2006","2006","ha","2903","A","Official value",""
"QCL","Crops and livestock products","203","Czechia","5412","Yield","01929.01","Flax, raw or retted","2006","2006","kg/ha","3016.5","A","Official value",""
"QCL","Crops and livestock products","203","Czechia","5510","Production","01929.01","Flax, raw or retted","2006","2006","t","8757","A","Official value",""
"QCL","Crops and livestock products","203","Czechia","5312","Area harvested","01929.01","Flax, raw or retted","2007","2007","ha","704","A","Official value",""
"QCL","Crops and livestock products","203","Czechia","5412","Yield","01929.01","Flax, raw or retted","2007","2007","kg/ha","2653.4","A","Official value",""
"QCL","Crops and livestock products","203","Czechia","5510","Production","01929.01","Flax, raw or retted","2007","2007","t","1868","A","Official value",""
"QCL","Crops and livestock products","203","Czechia","5312","Area harvested","01929.01","Flax, raw or retted","2008","2008","ha","162","A","Official value",""
"QCL","Crops and livestock products","203","Czechia","5412","Yield","01929.01","Flax, raw or retted","2008","2008","kg/ha","3327.2","A","Official value",""
"QCL","Crops and livestock products","203","Czechia","5510","Production","01929.01","Flax, raw or retted","2008","2008","t","539","A","Official value",""
"QCL","Crops and livestock products","203","Czechia","5312","Area harvested","01929.01","Flax, raw or retted","2009","2009","ha","153","A","Official value",""
"QCL","Crops and livestock products","203","Czechia","5412","Yield","01929.01","Flax, raw or retted","2009","2009","kg/ha","3013.1","A","Official value",""
"QCL","Crops and livestock products","203","Czechia","5510","Production","01929.01","Flax, raw or retted","2009","2009","t","461","A","Official value",""
"QCL","Crops and livestock products","203","Czechia","5312","Area harvested","01929.01","Flax, raw or retted","2010","2010","ha","13","A","Official value",""
"QCL","Crops and livestock products","203","Czechia","5412","Yield","01929.01","Flax, raw or retted","2010","2010","kg/ha","2538.5","A","Official value",""
"QCL","Crops and livestock products","203","Czechia","5510","Production","01929.01","Flax, raw or retted","2010","2010","t","33","A","Official value",""
"QCL","Crops and livestock products","203","Czechia","5312","Area harvested","01929.01","Flax, raw or retted","2011","2011","ha","0","A","Official value",""
"QCL","Crops and livestock products","203","Czechia","5510","Production","01929.01","Flax, raw or retted","2011","2011","t","0","A","Official value",""
"QCL","Crops and livestock products","203","Czechia","5312","Area harvested","01929.01","Flax, raw or retted","2012","2012","ha","0","A","Official value",""
"QCL","Crops and livestock products","203","Czechia","5510","Production","01929.01","Flax, raw or retted","2012","2012","t","0","A","Official value",""
"QCL","Crops and livestock products","203","Czechia","5312","Area harvested","01929.01","Flax, raw or retted","2013","2013","ha","","M","Missing value; data cannot exist",""
"QCL","Crops and livestock products","203","Czechia","5510","Production","01929.01","Flax, raw or retted","2013","2013","t","0","E","Estimated value",""
"QCL","Crops and livestock products","203","Czechia","5312","Area harvested","01351.02","Gooseberries","1993","1993","ha","1980","E","Estimated value",""
"QCL","Crops and livestock products","203","Czechia","5412","Yield","01351.02","Gooseberries","1993","1993","kg/ha","5193.9","E","Estimated value",""
"QCL","Crops and livestock products","203","Czechia","5510","Production","01351.02","Gooseberries","1993","1993","t","10284","A","Official value",""
"QCL","Crops and livestock products","203","Czechia","5312","Area harvested","01351.02","Gooseberries","1994","1994","ha","2080","E","Estimated value",""
"QCL","Crops and livestock products","203","Czechia","5412","Yield","01351.02","Gooseberries","1994","1994","kg/ha","4768.8","E","Estimated value",""
"QCL","Crops and livestock products","203","Czechia","5510","Production","01351.02","Gooseberries","1994","1994","t","9919","A","Official value",""
"QCL","Crops and livestock products","203","Czechia","5312","Area harvested","01351.02","Gooseberries","1995","1995","ha","1970","E","Estimated value",""
"QCL","Crops and livestock products","203","Czechia","5412","Yield","01351.02","Gooseberries","1995","1995","kg/ha","5285.8","E","Estimated value",""
"QCL","Crops and livestock products","203","Czechia","5510","Production","01351.02","Gooseberries","1995","1995","t","10413","A","Official value",""
"QCL","Crops and livestock products","203","Czechia","5312","Area harvested","01351.02","Gooseberries","1996","1996","ha","2029","I","Value imputed by a receiving agency",""
"QCL","Crops and livestock products","203","Czechia","5412","Yield","01351.02","Gooseberries","1996","1996","kg/ha","4958.7","E","Estimated value",""
"QCL","Crops and livestock products","203","Czechia","5510","Production","01351.02","Gooseberries","1996","1996","t","10062","A","Official value",""
"QCL","Crops and livestock products","203","Czechia","5312","Area harvested","01351.02","Gooseberries","1997","1997","ha","1940","E","Estimated value",""
"QCL","Crops and livestock products","203","Czechia","5412","Yield","01351.02","Gooseberries","1997","1997","kg/ha","4397.9","E","Estimated value",""
"QCL","Crops and livestock products","203","Czechia","5510","Production","01351.02","Gooseberries","1997","1997","t","8532","A","Official value",""
"QCL","Crops and livestock products","203","Czechia","5312","Area harvested","01351.02","Gooseberries","1998","1998","ha","1900","A","Official value",""
"QCL","Crops and livestock products","203","Czechia","5412","Yield","01351.02","Gooseberries","1998","1998","kg/ha","4634.2","A","Official value",""
"QCL","Crops and livestock products","203","Czechia","5510","Production","01351.02","Gooseberries","1998","1998","t","8805","A","Official value",""
"QCL","Crops and livestock products","203","Czechia","5312","Area harvested","01351.02","Gooseberries","1999","1999","ha","1850","A","Official value",""
"QCL","Crops and livestock products","203","Czechia","5412","Yield","01351.02","Gooseberries","1999","1999","kg/ha","4513.5","A","Official value",""
"QCL","Crops and livestock products","203","Czechia","5510","Production","01351.02","Gooseberries","1999","1999","t","8350","A","Official value",""
"QCL","Crops and livestock products","203","Czechia","5312","Area harvested","01351.02","Gooseberries","2000","2000","ha","1300","A","Official value",""
"QCL","Crops and livestock products","203","Czechia","5412","Yield","01351.02","Gooseberries","2000","2000","kg/ha","5249.2","A","Official value",""
"QCL","Crops and livestock products","203","Czechia","5510","Production","01351.02","Gooseberries","2000","2000","t","6824","A","Official value",""
"QCL","Crops and livestock products","203","Czechia","5312","Area harvested","01351.02","Gooseberries","2001","2001","ha","1200","A","Official value",""
"QCL","Crops and livestock products","203","Czechia","5412","Yield","01351.02","Gooseberries","2001","2001","kg/ha","4013.3","A","Official value",""
"QCL","Crops and livestock products","203","Czechia","5510","Production","01351.02","Gooseberries","2001","2001","t","4816","A","Official value",""
"QCL","Crops and livestock products","203","Czechia","5312","Area harvested","01351.02","Gooseberries","2002","2002","ha","1060","A","Official value",""
"QCL","Crops and livestock products","203","Czechia","5412","Yield","01351.02","Gooseberries","2002","2002","kg/ha","3859.4","A","Official value",""
"QCL","Crops and livestock products","203","Czechia","5510","Production","01351.02","Gooseberries","2002","2002","t","4091","A","Official value",""
"QCL","Crops and livestock products","203","Czechia","5312","Area harvested","01351.02","Gooseberries","2003","2003","ha","1170","A","Official value",""
"QCL","Crops and livestock products","203","Czechia","5412","Yield","01351.02","Gooseberries","2003","2003","kg/ha","3458.1","A","Official value",""
"QCL","Crops and livestock products","203","Czechia","5510","Production","01351.02","Gooseberries","2003","2003","t","4046","A","Official value",""
"QCL","Crops and livestock products","203","Czechia","5312","Area harvested","01351.02","Gooseberries","2004","2004","ha","1135","A","Official value",""
"QCL","Crops and livestock products","203","Czechia","5412","Yield","01351.02","Gooseberries","2004","2004","kg/ha","3532.2","A","Official value",""
"QCL","Crops and livestock products","203","Czechia","5510","Production","01351.02","Gooseberries","2004","2004","t","4009","A","Official value",""
"QCL","Crops and livestock products","203","Czechia","5312","Area harvested","01351.02","Gooseberries","2005","2005","ha","660","A","Official value",""
"QCL","Crops and livestock products","203","Czechia","5412","Yield","01351.02","Gooseberries","2005","2005","kg/ha","5406.1","A","Official value",""
"QCL","Crops and livestock products","203","Czechia","5510","Production","01351.02","Gooseberries","2005","2005","t","3568","A","Official value",""
"QCL","Crops and livestock products","203","Czechia","5312","Area harvested","01351.02","Gooseberries","2006","2006","ha","650","A","Official value",""
"QCL","Crops and livestock products","203","Czechia","5412","Yield","01351.02","Gooseberries","2006","2006","kg/ha","3218.5","A","Official value",""
"QCL","Crops and livestock products","203","Czechia","5510","Production","01351.02","Gooseberries","2006","2006","t","2092","A","Official value",""
"QCL","Crops and livestock products","203","Czechia","5312","Area harvested","01351.02","Gooseberries","2007","2007","ha","640","E","Estimated value",""
"QCL","Crops and livestock products","203","Czechia","5412","Yield","01351.02","Gooseberries","2007","2007","kg/ha","4823.4","E","Estimated value",""
"QCL","Crops and livestock products","203","Czechia","5510","Production","01351.02","Gooseberries","2007","2007","t","3087","A","Official value",""
"QCL","Crops and livestock products","203","Czechia","5312","Area harvested","01351.02","Gooseberries","2008","2008","ha","650","E","Estimated value",""
"QCL","Crops and livestock products","203","Czechia","5412","Yield","01351.02","Gooseberries","2008","2008","kg/ha","4647.7","E","Estimated value",""
"QCL","Crops and livestock products","203","Czechia","5510","Production","01351.02","Gooseberries","2008","2008","t","3021","A","Official value",""
"QCL","Crops and livestock products","203","Czechia","5312","Area harvested","01351.02","Gooseberries","2009","2009","ha","778","I","Value imputed by a receiving agency",""
"QCL","Crops and livestock products","203","Czechia","5412","Yield","01351.02","Gooseberries","2009","2009","kg/ha","4275.3","E","Estimated value",""
"QCL","Crops and livestock products","203","Czechia","5510","Production","01351.02","Gooseberries","2009","2009","t","3326","A","Official value",""
"QCL","Crops and livestock products","203","Czechia","5312","Area harvested","01351.02","Gooseberries","2010","2010","ha","649","I","Value imputed by a receiving agency",""
"QCL","Crops and livestock products","203","Czechia","5412","Yield","01351.02","Gooseberries","2010","2010","kg/ha","4328.3","E","Estimated value",""
"QCL","Crops and livestock products","203","Czechia","5510","Production","01351.02","Gooseberries","2010","2010","t","2811","A","Official value",""
"QCL","Crops and livestock products","203","Czechia","5312","Area harvested","01351.02","Gooseberries","2011","2011","ha","633","I","Value imputed by a receiving agency",""
"QCL","Crops and livestock products","203","Czechia","5412","Yield","01351.02","Gooseberries","2011","2011","kg/ha","4474.8","E","Estimated value",""
"QCL","Crops and livestock products","203","Czechia","5510","Production","01351.02","Gooseberries","2011","2011","t","2832","A","Official value",""
"QCL","Crops and livestock products","203","Czechia","5312","Area harvested","01351.02","Gooseberries","2012","2012","ha","580","I","Value imputed by a receiving agency",""
"QCL","Crops and livestock products","203","Czechia","5412","Yield","01351.02","Gooseberries","2012","2012","kg/ha","4517.8","E","Estimated value",""
"QCL","Crops and livestock products","203","Czechia","5510","Production","01351.02","Gooseberries","2012","2012","t","2620","A","Official value",""
"QCL","Crops and livestock products","203","Czechia","5312","Area harvested","01351.02","Gooseberries","2013","2013","ha","493","I","Value imputed by a receiving agency",""
"QCL","Crops and livestock products","203","Czechia","5412","Yield","01351.02","Gooseberries","2013","2013","kg/ha","4556.8","E","Estimated value",""
"QCL","Crops and livestock products","203","Czechia","5510","Production","01351.02","Gooseberries","2013","2013","t","2246","A","Official value",""
"QCL","Crops and livestock products","203","Czechia","5312","Area harvested","01351.02","Gooseberries","2014","2014","ha","683","E","Estimated value",""
"QCL","Crops and livestock products","203","Czechia","5412","Yield","01351.02","Gooseberries","2014","2014","kg/ha","3756.4","E","Estimated value",""
"QCL","Crops and livestock products","203","Czechia","5510","Production","01351.02","Gooseberries","2014","2014","t","2566","E","Estimated value",""
"QCL","Crops and livestock products","203","Czechia","5312","Area harvested","01351.02","Gooseberries","2015","2015","ha","715","E","Estimated value",""
"QCL","Crops and livestock products","203","Czechia","5412","Yield","01351.02","Gooseberries","2015","2015","kg/ha","3466.3","E","Estimated value",""
"QCL","Crops and livestock products","203","Czechia","5510","Production","01351.02","Gooseberries","2015","2015","t","2477.33","E","Estimated value",""
"QCL","Crops and livestock products","203","Czechia","5312","Area harvested","01351.02","Gooseberries","2016","2016","ha","10","A","Official value",""
"QCL","Crops and livestock products","203","Czechia","5412","Yield","01351.02","Gooseberries","2016","2016","kg/ha","2300","A","Official value",""
"QCL","Crops and livestock products","203","Czechia","5510","Production","01351.02","Gooseberries","2016","2016","t","23","A","Official value",""
"QCL","Crops and livestock products","203","Czechia","5312","Area harvested","01351.02","Gooseberries","2017","2017","ha","10","A","Official value",""
"QCL","Crops and livestock products","203","Czechia","5412","Yield","01351.02","Gooseberries","2017","2017","kg/ha","2347.5","A","Official value",""
"QCL","Crops and livestock products","203","Czechia","5510","Production","01351.02","Gooseberries","2017","2017","t","23.17","A","Official value",""
"QCL","Crops and livestock products","203","Czechia","5312","Area harvested","01330","Grapes","1993","1993","ha","9559","A","Official value",""
"QCL","Crops and livestock products","203","Czechia","5412","Yield","01330","Grapes","1993","1993","kg/ha","5357.2","A","Official value",""
"QCL","Crops and livestock products","203","Czechia","5510","Production","01330","Grapes","1993","1993","t","51209","A","Official value",""
"QCL","Crops and livestock products","203","Czechia","5312","Area harvested","01330","Grapes","1994","1994","ha","10331","A","Official value",""
"QCL","Crops and livestock products","203","Czechia","5412","Yield","01330","Grapes","1994","1994","kg/ha","6245.5","A","Official value",""
"QCL","Crops and livestock products","203","Czechia","5510","Production","01330","Grapes","1994","1994","t","64522","A","Official value",""
"QCL","Crops and livestock products","203","Czechia","5312","Area harvested","01330","Grapes","1995","1995","ha","10679","A","Official value",""
"QCL","Crops and livestock products","203","Czechia","5412","Yield","01330","Grapes","1995","1995","kg/ha","3991","A","Official value",""
"QCL","Crops and livestock products","203","Czechia","5510","Production","01330","Grapes","1995","1995","t","42620","A","Official value",""
"QCL","Crops and livestock products","203","Czechia","5312","Area harvested","01330","Grapes","1996","1996","ha","12139","A","Official value",""
"QCL","Crops and livestock products","203","Czechia","5412","Yield","01330","Grapes","1996","1996","kg/ha","5741.3","A","Official value",""
"QCL","Crops and livestock products","203","Czechia","5510","Production","01330","Grapes","1996","1996","t","69694","A","Official value",""
"QCL","Crops and livestock products","203","Czechia","5312","Area harvested","01330","Grapes","1997","1997","ha","11183","A","Official value",""
"QCL","Crops and livestock products","203","Czechia","5412","Yield","01330","Grapes","1997","1997","kg/ha","3197.5","A","Official value",""
"QCL","Crops and livestock products","203","Czechia","5510","Production","01330","Grapes","1997","1997","t","35758","A","Official value",""
"QCL","Crops and livestock products","203","Czechia","5312","Area harvested","01330","Grapes","1998","1998","ha","11232","A","Official value",""
"QCL","Crops and livestock products","203","Czechia","5412","Yield","01330","Grapes","1998","1998","kg/ha","4912","A","Official value",""
"QCL","Crops and livestock products","203","Czechia","5510","Production","01330","Grapes","1998","1998","t","55172","A","Official value",""
"QCL","Crops and livestock products","203","Czechia","5312","Area harvested","01330","Grapes","1999","1999","ha","12565","A","Official value",""
"QCL","Crops and livestock products","203","Czechia","5412","Yield","01330","Grapes","1999","1999","kg/ha","5338.1","A","Official value",""
"QCL","Crops and livestock products","203","Czechia","5510","Production","01330","Grapes","1999","1999","t","67073","A","Official value",""
"QCL","Crops and livestock products","203","Czechia","5312","Area harvested","01330","Grapes","2000","2000","ha","11236","A","Official value",""
"QCL","Crops and livestock products","203","Czechia","5412","Yield","01330","Grapes","2000","2000","kg/ha","5957.4","A","Official value",""
"QCL","Crops and livestock products","203","Czechia","5510","Production","01330","Grapes","2000","2000","t","66937","A","Official value",""
"QCL","Crops and livestock products","203","Czechia","5312","Area harvested","01330","Grapes","2001","2001","ha","11317","A","Official value",""
"QCL","Crops and livestock products","203","Czechia","5412","Yield","01330","Grapes","2001","2001","kg/ha","6039.2","A","Official value",""
"QCL","Crops and livestock products","203","Czechia","5510","Production","01330","Grapes","2001","2001","t","68346","A","Official value",""
"QCL","Crops and livestock products","203","Czechia","5312","Area harvested","01330","Grapes","2002","2002","ha","12945","A","Official value",""
"QCL","Crops and livestock products","203","Czechia","5412","Yield","01330","Grapes","2002","2002","kg/ha","4378.7","A","Official value",""
"QCL","Crops and livestock products","203","Czechia","5510","Production","01330","Grapes","2002","2002","t","56682","A","Official value",""
"QCL","Crops and livestock products","203","Czechia","5312","Area harvested","01330","Grapes","2003","2003","ha","11825","A","Official value",""
"QCL","Crops and livestock products","203","Czechia","5412","Yield","01330","Grapes","2003","2003","kg/ha","5700.8","A","Official value",""
"QCL","Crops and livestock products","203","Czechia","5510","Production","01330","Grapes","2003","2003","t","67412","A","Official value",""
"QCL","Crops and livestock products","203","Czechia","5312","Area harvested","01330","Grapes","2004","2004","ha","12967","A","Official value",""
"QCL","Crops and livestock products","203","Czechia","5412","Yield","01330","Grapes","2004","2004","kg/ha","5377.7","A","Official value",""
"QCL","Crops and livestock products","203","Czechia","5510","Production","01330","Grapes","2004","2004","t","69733","A","Official value",""
"QCL","Crops and livestock products","203","Czechia","5312","Area harvested","01330","Grapes","2005","2005","ha","14247","A","Official value",""
"QCL","Crops and livestock products","203","Czechia","5412","Yield","01330","Grapes","2005","2005","kg/ha","4393.7","A","Official value",""
"QCL","Crops and livestock products","203","Czechia","5510","Production","01330","Grapes","2005","2005","t","62597","A","Official value",""
"QCL","Crops and livestock products","203","Czechia","5312","Area harvested","01330","Grapes","2006","2006","ha","15519","A","Official value",""
"QCL","Crops and livestock products","203","Czechia","5412","Yield","01330","Grapes","2006","2006","kg/ha","3713.8","A","Official value",""
"QCL","Crops and livestock products","203","Czechia","5510","Production","01330","Grapes","2006","2006","t","57635","A","Official value",""
"QCL","Crops and livestock products","203","Czechia","5312","Area harvested","01330","Grapes","2007","2007","ha","17008","A","Official value",""
"QCL","Crops and livestock products","203","Czechia","5412","Yield","01330","Grapes","2007","2007","kg/ha","5822.5","A","Official value",""
"QCL","Crops and livestock products","203","Czechia","5510","Production","01330","Grapes","2007","2007","t","99029","A","Official value",""
"QCL","Crops and livestock products","203","Czechia","5312","Area harvested","01330","Grapes","2008","2008","ha","16302","A","Official value",""
"QCL","Crops and livestock products","203","Czechia","5412","Yield","01330","Grapes","2008","2008","kg/ha","6031.3","A","Official value",""
"QCL","Crops and livestock products","203","Czechia","5510","Production","01330","Grapes","2008","2008","t","98323","A","Official value",""
"QCL","Crops and livestock products","203","Czechia","5312","Area harvested","01330","Grapes","2009","2009","ha","16089","A","Official value",""
"QCL","Crops and livestock products","203","Czechia","5412","Yield","01330","Grapes","2009","2009","kg/ha","4272.3","A","Official value",""
"QCL","Crops and livestock products","203","Czechia","5510","Production","01330","Grapes","2009","2009","t","68737","A","Official value",""
"QCL","Crops and livestock products","203","Czechia","5312","Area harvested","01330","Grapes","2010","2010","ha","15991","A","Official value",""
"QCL","Crops and livestock products","203","Czechia","5412","Yield","01330","Grapes","2010","2010","kg/ha","2871.8","A","Official value",""
"QCL","Crops and livestock products","203","Czechia","5510","Production","01330","Grapes","2010","2010","t","45923","A","Official value",""
"QCL","Crops and livestock products","203","Czechia","5312","Area harvested","01330","Grapes","2011","2011","ha","16006","A","Official value",""
"QCL","Crops and livestock products","203","Czechia","5412","Yield","01330","Grapes","2011","2011","kg/ha","5701.2","A","Official value",""
"QCL","Crops and livestock products","203","Czechia","5510","Production","01330","Grapes","2011","2011","t","91253","A","Official value",""
"QCL","Crops and livestock products","203","Czechia","5312","Area harvested","01330","Grapes","2012","2012","ha","15667","A","Official value",""
"QCL","Crops and livestock products","203","Czechia","5412","Yield","01330","Grapes","2012","2012","kg/ha","3829.1","A","Official value",""
"QCL","Crops and livestock products","203","Czechia","5510","Production","01330","Grapes","2012","2012","t","59990","A","Official value",""
"QCL","Crops and livestock products","203","Czechia","5312","Area harvested","01330","Grapes","2013","2013","ha","15654","A","Official value",""
"QCL","Crops and livestock products","203","Czechia","5412","Yield","01330","Grapes","2013","2013","kg/ha","4773.3","A","Official value",""
"QCL","Crops and livestock products","203","Czechia","5510","Production","01330","Grapes","2013","2013","t","74721","A","Official value",""
"QCL","Crops and livestock products","203","Czechia","5312","Area harvested","01330","Grapes","2014","2014","ha","15783","A","Official value",""
"QCL","Crops and livestock products","203","Czechia","5412","Yield","01330","Grapes","2014","2014","kg/ha","4025.4","A","Official value",""
"QCL","Crops and livestock products","203","Czechia","5510","Production","01330","Grapes","2014","2014","t","63533","A","Official value",""
"QCL","Crops and livestock products","203","Czechia","5312","Area harvested","01330","Grapes","2015","2015","ha","15808","A","Official value",""
"QCL","Crops and livestock products","203","Czechia","5412","Yield","01330","Grapes","2015","2015","kg/ha","5731.8","A","Official value",""
"QCL","Crops and livestock products","203","Czechia","5510","Production","01330","Grapes","2015","2015","t","90608","A","Official value",""
"QCL","Crops and livestock products","203","Czechia","5312","Area harvested","01330","Grapes","2016","2016","ha","15797","A","Official value",""
"QCL","Crops and livestock products","203","Czechia","5412","Yield","01330","Grapes","2016","2016","kg/ha","4805","A","Official value",""
"QCL","Crops and livestock products","203","Czechia","5510","Production","01330","Grapes","2016","2016","t","75905","A","Official value",""
"QCL","Crops and livestock products","203","Czechia","5312","Area harvested","01330","Grapes","2017","2017","ha","15807","A","Official value",""
"QCL","Crops and livestock products","203","Czechia","5412","Yield","01330","Grapes","2017","2017","kg/ha","5046.7","A","Official value",""
"QCL","Crops and livestock products","203","Czechia","5510","Production","01330","Grapes","2017","2017","t","79773.56","A","Official value",""
"QCL","Crops and livestock products","203","Czechia","5312","Area harvested","01330","Grapes","2018","2018","ha","15940","A","Official value",""
"QCL","Crops and livestock products","203","Czechia","5412","Yield","01330","Grapes","2018","2018","kg/ha","6505.6","A","Official value",""
"QCL","Crops and livestock products","203","Czechia","5510","Production","01330","Grapes","2018","2018","t","103700","A","Official value",""
"QCL","Crops and livestock products","203","Czechia","5312","Area harvested","01330","Grapes","2019","2019","ha","16080","A","Official value",""
"QCL","Crops and livestock products","203","Czechia","5412","Yield","01330","Grapes","2019","2019","kg/ha","4226.4","A","Official value",""
"QCL","Crops and livestock products","203","Czechia","5510","Production","01330","Grapes","2019","2019","t","67960","A","Official value",""
"QCL","Crops and livestock products","203","Czechia","5312","Area harvested","01330","Grapes","2020","2020","ha","16140","A","Official value",""
"QCL","Crops and livestock products","203","Czechia","5412","Yield","01330","Grapes","2020","2020","kg/ha","5599.8","A","Official value",""
"QCL","Crops and livestock products","203","Czechia","5510","Production","01330","Grapes","2020","2020","t","90380","A","Official value",""
"QCL","Crops and livestock products","203","Czechia","5312","Area harvested","01330","Grapes","2021","2021","ha","16360","A","Official value",""
"QCL","Crops and livestock products","203","Czechia","5412","Yield","01330","Grapes","2021","2021","kg/ha","5504.9","A","Official value",""
"QCL","Crops and livestock products","203","Czechia","5510","Production","01330","Grapes","2021","2021","t","90060","A","Official value",""
"QCL","Crops and livestock products","203","Czechia","5312","Area harvested","01330","Grapes","2022","2022","ha","16420","A","Official value",""
"QCL","Crops and livestock products","203","Czechia","5412","Yield","01330","Grapes","2022","2022","kg/ha","5588.3","A","Official value",""
"QCL","Crops and livestock products","203","Czechia","5510","Production","01330","Grapes","2022","2022","t","91760","A","Official value",""
"QCL","Crops and livestock products","203","Czechia","5312","Area harvested","01330","Grapes","2023","2023","ha","16280","A","Official value",""
"QCL","Crops and livestock products","203","Czechia","5412","Yield","01330","Grapes","2023","2023","kg/ha","4728.5","A","Official value",""
"QCL","Crops and livestock products","203","Czechia","5510","Production","01330","Grapes","2023","2023","t","76980","A","Official value",""
"QCL","Crops and livestock products","203","Czechia","5312","Area harvested","01330","Grapes","2024","2024","ha","16030","A","Official value",""
"QCL","Crops and livestock products","203","Czechia","5412","Yield","01330","Grapes","2024","2024","kg/ha","4321.9","A","Official value",""
"QCL","Crops and livestock products","203","Czechia","5510","Production","01330","Grapes","2024","2024","t","69280","A","Official value",""
"QCL","Crops and livestock products","203","Czechia","5312","Area harvested","01252","Green garlic","1993","1993","ha","1441","A","Official value",""
"QCL","Crops and livestock products","203","Czechia","5412","Yield","01252","Green garlic","1993","1993","kg/ha","4070.1","A","Official value",""
"QCL","Crops and livestock products","203","Czechia","5510","Production","01252","Green garlic","1993","1993","t","5865","A","Official value",""
"QCL","Crops and livestock products","203","Czechia","5312","Area harvested","01252","Green garlic","1994","1994","ha","1317","A","Official value",""
"QCL","Crops and livestock products","203","Czechia","5412","Yield","01252","Green garlic","1994","1994","kg/ha","5270.3","A","Official value",""
"QCL","Crops and livestock products","203","Czechia","5510","Production","01252","Green garlic","1994","1994","t","6941","A","Official value",""
"QCL","Crops and livestock products","203","Czechia","5312","Area harvested","01252","Green garlic","1995","1995","ha","1297","A","Official value",""
"QCL","Crops and livestock products","203","Czechia","5412","Yield","01252","Green garlic","1995","1995","kg/ha","6290.7","A","Official value",""
"QCL","Crops and livestock products","203","Czechia","5510","Production","01252","Green garlic","1995","1995","t","8159","A","Official value",""
"QCL","Crops and livestock products","203","Czechia","5312","Area harvested","01252","Green garlic","1996","1996","ha","1570","A","Official value",""
"QCL","Crops and livestock products","203","Czechia","5412","Yield","01252","Green garlic","1996","1996","kg/ha","5277.1","A","Official value",""
"QCL","Crops and livestock products","203","Czechia","5510","Production","01252","Green garlic","1996","1996","t","8285","A","Official value",""
"QCL","Crops and livestock products","203","Czechia","5312","Area harvested","01252","Green garlic","1997","1997","ha","1563","A","Official value",""
"QCL","Crops and livestock products","203","Czechia","5412","Yield","01252","Green garlic","1997","1997","kg/ha","5231.6","A","Official value",""
"QCL","Crops and livestock products","203","Czechia","5510","Production","01252","Green garlic","1997","1997","t","8177","A","Official value",""
"QCL","Crops and livestock products","203","Czechia","5312","Area harvested","01252","Green garlic","1998","1998","ha","1552","A","Official value",""
"QCL","Crops and livestock products","203","Czechia","5412","Yield","01252","Green garlic","1998","1998","kg/ha","4961.3","A","Official value",""
"QCL","Crops and livestock products","203","Czechia","5510","Production","01252","Green garlic","1998","1998","t","7700","A","Official value",""
"QCL","Crops and livestock products","203","Czechia","5312","Area harvested","01252","Green garlic","1999","1999","ha","1546","A","Official value",""
"QCL","Crops and livestock products","203","Czechia","5412","Yield","01252","Green garlic","1999","1999","kg/ha","4967","A","Official value",""
"QCL","Crops and livestock products","203","Czechia","5510","Production","01252","Green garlic","1999","1999","t","7679","A","Official value",""
"QCL","Crops and livestock products","203","Czechia","5312","Area harvested","01252","Green garlic","2000","2000","ha","1391","A","Official value",""
"QCL","Crops and livestock products","203","Czechia","5412","Yield","01252","Green garlic","2000","2000","kg/ha","5112.1","A","Official value",""
"QCL","Crops and livestock products","203","Czechia","5510","Production","01252","Green garlic","2000","2000","t","7111","A","Official value",""
"QCL","Crops and livestock products","203","Czechia","5312","Area harvested","01252","Green garlic","2001","2001","ha","1018","A","Official value",""
"QCL","Crops and livestock products","203","Czechia","5412","Yield","01252","Green garlic","2001","2001","kg/ha","5309.4","A","Official value",""
"QCL","Crops and livestock products","203","Czechia","5510","Production","01252","Green garlic","2001","2001","t","5405","A","Official value",""
"QCL","Crops and livestock products","203","Czechia","5312","Area harvested","01252","Green garlic","2002","2002","ha","41","A","Official value",""
"QCL","Crops and livestock products","203","Czechia","5412","Yield","01252","Green garlic","2002","2002","kg/ha","4609.8","A","Official value",""
"QCL","Crops and livestock products","203","Czechia","5510","Production","01252","Green garlic","2002","2002","t","189","A","Official value",""
"QCL","Crops and livestock products","203","Czechia","5312","Area harvested","01252","Green garlic","2003","2003","ha","38","A","Official value",""
"QCL","Crops and livestock products","203","Czechia","5412","Yield","01252","Green garlic","2003","2003","kg/ha","1605.3","A","Official value",""
"QCL","Crops and livestock products","203","Czechia","5510","Production","01252","Green garlic","2003","2003","t","61","A","Official value",""
"QCL","Crops and livestock products","203","Czechia","5312","Area harvested","01252","Green garlic","2004","2004","ha","21","A","Official value",""
"QCL","Crops and livestock products","203","Czechia","5412","Yield","01252","Green garlic","2004","2004","kg/ha","4952.4","A","Official value",""
"QCL","Crops and livestock products","203","Czechia","5510","Production","01252","Green garlic","2004","2004","t","104","A","Official value",""
"QCL","Crops and livestock products","203","Czechia","5312","Area harvested","01252","Green garlic","2005","2005","ha","49","A","Official value",""
"QCL","Crops and livestock products","203","Czechia","5412","Yield","01252","Green garlic","2005","2005","kg/ha","3367.3","A","Official value",""
"QCL","Crops and livestock products","203","Czechia","5510","Production","01252","Green garlic","2005","2005","t","165","A","Official value",""
"QCL","Crops and livestock products","203","Czechia","5312","Area harvested","01252","Green garlic","2006","2006","ha","37","A","Official value",""
"QCL","Crops and livestock products","203","Czechia","5412","Yield","01252","Green garlic","2006","2006","kg/ha","2621.6","A","Official value",""
"QCL","Crops and livestock products","203","Czechia","5510","Production","01252","Green garlic","2006","2006","t","97","A","Official value",""
"QCL","Crops and livestock products","203","Czechia","5312","Area harvested","01252","Green garlic","2007","2007","ha","63","A","Official value",""
"QCL","Crops and livestock products","203","Czechia","5412","Yield","01252","Green garlic","2007","2007","kg/ha","3301.6","A","Official value",""
"QCL","Crops and livestock products","203","Czechia","5510","Production","01252","Green garlic","2007","2007","t","208","A","Official value",""
"QCL","Crops and livestock products","203","Czechia","5312","Area harvested","01252","Green garlic","2008","2008","ha","45","A","Official value",""
"QCL","Crops and livestock products","203","Czechia","5412","Yield","01252","Green garlic","2008","2008","kg/ha","3933.3","A","Official value",""
"QCL","Crops and livestock products","203","Czechia","5510","Production","01252","Green garlic","2008","2008","t","177","A","Official value",""
"QCL","Crops and livestock products","203","Czechia","5312","Area harvested","01252","Green garlic","2009","2009","ha","56","A","Official value",""
"QCL","Crops and livestock products","203","Czechia","5412","Yield","01252","Green garlic","2009","2009","kg/ha","3750","A","Official value",""
"QCL","Crops and livestock products","203","Czechia","5510","Production","01252","Green garlic","2009","2009","t","210","A","Official value",""
"QCL","Crops and livestock products","203","Czechia","5312","Area harvested","01252","Green garlic","2010","2010","ha","67","A","Official value",""
"QCL","Crops and livestock products","203","Czechia","5412","Yield","01252","Green garlic","2010","2010","kg/ha","3313.4","A","Official value",""
"QCL","Crops and livestock products","203","Czechia","5510","Production","01252","Green garlic","2010","2010","t","222","A","Official value",""
"QCL","Crops and livestock products","203","Czechia","5312","Area harvested","01252","Green garlic","2011","2011","ha","82","A","Official value",""
"QCL","Crops and livestock products","203","Czechia","5412","Yield","01252","Green garlic","2011","2011","kg/ha","3926.8","A","Official value",""
"QCL","Crops and livestock products","203","Czechia","5510","Production","01252","Green garlic","2011","2011","t","322","A","Official value",""
"QCL","Crops and livestock products","203","Czechia","5312","Area harvested","01252","Green garlic","2012","2012","ha","164","A","Official value",""
"QCL","Crops and livestock products","203","Czechia","5412","Yield","01252","Green garlic","2012","2012","kg/ha","2158.5","A","Official value",""
"QCL","Crops and livestock products","203","Czechia","5510","Production","01252","Green garlic","2012","2012","t","354","A","Official value",""
"QCL","Crops and livestock products","203","Czechia","5312","Area harvested","01252","Green garlic","2013","2013","ha","181","A","Official value",""
"QCL","Crops and livestock products","203","Czechia","5412","Yield","01252","Green garlic","2013","2013","kg/ha","4044.2","A","Official value",""
"QCL","Crops and livestock products","203","Czechia","5510","Production","01252","Green garlic","2013","2013","t","732","A","Official value",""
"QCL","Crops and livestock products","203","Czechia","5312","Area harvested","01252","Green garlic","2014","2014","ha","232","A","Official value",""
"QCL","Crops and livestock products","203","Czechia","5412","Yield","01252","Green garlic","2014","2014","kg/ha","3788.8","A","Official value",""
"QCL","Crops and livestock products","203","Czechia","5510","Production","01252","Green garlic","2014","2014","t","879","A","Official value",""
"QCL","Crops and livestock products","203","Czechia","5312","Area harvested","01252","Green garlic","2015","2015","ha","236","A","Official value",""
"QCL","Crops and livestock products","203","Czechia","5412","Yield","01252","Green garlic","2015","2015","kg/ha","3368.6","A","Official value",""
"QCL","Crops and livestock products","203","Czechia","5510","Production","01252","Green garlic","2015","2015","t","795","A","Official value",""
"QCL","Crops and livestock products","203","Czechia","5312","Area harvested","01252","Green garlic","2016","2016","ha","233","A","Official value",""
"QCL","Crops and livestock products","203","Czechia","5412","Yield","01252","Green garlic","2016","2016","kg/ha","3583.7","A","Official value",""
"QCL","Crops and livestock products","203","Czechia","5510","Production","01252","Green garlic","2016","2016","t","835","A","Official value",""
"QCL","Crops and livestock products","203","Czechia","5312","Area harvested","01252","Green garlic","2017","2017","ha","329","A","Official value",""
"QCL","Crops and livestock products","203","Czechia","5412","Yield","01252","Green garlic","2017","2017","kg/ha","4076.5","A","Official value",""
"QCL","Crops and livestock products","203","Czechia","5510","Production","01252","Green garlic","2017","2017","t","1339.99","A","Official value",""
"QCL","Crops and livestock products","203","Czechia","5312","Area harvested","01252","Green garlic","2018","2018","ha","390","A","Official value",""
"QCL","Crops and livestock products","203","Czechia","5412","Yield","01252","Green garlic","2018","2018","kg/ha","4333.3","A","Official value",""
"QCL","Crops and livestock products","203","Czechia","5510","Production","01252","Green garlic","2018","2018","t","1690","A","Official value",""
"QCL","Crops and livestock products","203","Czechia","5312","Area harvested","01252","Green garlic","2019","2019","ha","360","A","Official value",""
"QCL","Crops and livestock products","203","Czechia","5412","Yield","01252","Green garlic","2019","2019","kg/ha","4555.6","A","Official value",""
"QCL","Crops and livestock products","203","Czechia","5510","Production","01252","Green garlic","2019","2019","t","1640","A","Official value",""
"QCL","Crops and livestock products","203","Czechia","5312","Area harvested","01252","Green garlic","2020","2020","ha","500","A","Official value",""
"QCL","Crops and livestock products","203","Czechia","5412","Yield","01252","Green garlic","2020","2020","kg/ha","4040","A","Official value",""
"QCL","Crops and livestock products","203","Czechia","5510","Production","01252","Green garlic","2020","2020","t","2020","A","Official value",""
"QCL","Crops and livestock products","203","Czechia","5312","Area harvested","01252","Green garlic","2021","2021","ha","360","A","Official value",""
"QCL","Crops and livestock products","203","Czechia","5412","Yield","01252","Green garlic","2021","2021","kg/ha","4388.9","A","Official value",""
"QCL","Crops and livestock products","203","Czechia","5510","Production","01252","Green garlic","2021","2021","t","1580","A","Official value",""
"QCL","Crops and livestock products","203","Czechia","5312","Area harvested","01252","Green garlic","2022","2022","ha","270","A","Official value",""
"QCL","Crops and livestock products","203","Czechia","5412","Yield","01252","Green garlic","2022","2022","kg/ha","3814.8","A","Official value",""
"QCL","Crops and livestock products","203","Czechia","5510","Production","01252","Green garlic","2022","2022","t","1030","A","Official value",""
"QCL","Crops and livestock products","203","Czechia","5312","Area harvested","01252","Green garlic","2023","2023","ha","380","A","Official value",""
"QCL","Crops and livestock products","203","Czechia","5412","Yield","01252","Green garlic","2023","2023","kg/ha","4078.9","A","Official value",""
"QCL","Crops and livestock products","203","Czechia","5510","Production","01252","Green garlic","2023","2023","t","1550","A","Official value",""
"QCL","Crops and livestock products","203","Czechia","5312","Area harvested","01252","Green garlic","2024","2024","ha","400","A","Official value",""
"QCL","Crops and livestock products","203","Czechia","5412","Yield","01252","Green garlic","2024","2024","kg/ha","4525","A","Official value",""
"QCL","Crops and livestock products","203","Czechia","5510","Production","01252","Green garlic","2024","2024","t","1810","A","Official value",""
"QCL","Crops and livestock products","203","Czechia","5312","Area harvested","01659","Hop cones","1993","1993","ha","10574","A","Official value",""
"QCL","Crops and livestock products","203","Czechia","5412","Yield","01659","Hop cones","1993","1993","kg/ha","890.6","A","Official value",""
"QCL","Crops and livestock products","203","Czechia","5510","Production","01659","Hop cones","1993","1993","t","9417","A","Official value",""
"QCL","Crops and livestock products","203","Czechia","5312","Area harvested","01659","Hop cones","1994","1994","ha","10687","A","Official value",""
"QCL","Crops and livestock products","203","Czechia","5412","Yield","01659","Hop cones","1994","1994","kg/ha","887.9","A","Official value",""
"QCL","Crops and livestock products","203","Czechia","5510","Production","01659","Hop cones","1994","1994","t","9489","A","Official value",""
"QCL","Crops and livestock products","203","Czechia","5312","Area harvested","01659","Hop cones","1995","1995","ha","10115","A","Official value",""
"QCL","Crops and livestock products","203","Czechia","5412","Yield","01659","Hop cones","1995","1995","kg/ha","977.7","A","Official value",""
"QCL","Crops and livestock products","203","Czechia","5510","Production","01659","Hop cones","1995","1995","t","9889","A","Official value",""
"QCL","Crops and livestock products","203","Czechia","5312","Area harvested","01659","Hop cones","1996","1996","ha","9436","A","Official value",""
"QCL","Crops and livestock products","203","Czechia","5412","Yield","01659","Hop cones","1996","1996","kg/ha","1073","A","Official value",""
"QCL","Crops and livestock products","203","Czechia","5510","Production","01659","Hop cones","1996","1996","t","10125","A","Official value",""
"QCL","Crops and livestock products","203","Czechia","5312","Area harvested","01659","Hop cones","1997","1997","ha","7475","A","Official value",""
"QCL","Crops and livestock products","203","Czechia","5412","Yield","01659","Hop cones","1997","1997","kg/ha","992","A","Official value",""
"QCL","Crops and livestock products","203","Czechia","5510","Production","01659","Hop cones","1997","1997","t","7415","A","Official value",""
"QCL","Crops and livestock products","203","Czechia","5312","Area harvested","01659","Hop cones","1998","1998","ha","5633","A","Official value",""
"QCL","Crops and livestock products","203","Czechia","5412","Yield","01659","Hop cones","1998","1998","kg/ha","869.2","A","Official value",""
"QCL","Crops and livestock products","203","Czechia","5510","Production","01659","Hop cones","1998","1998","t","4896","A","Official value",""
"QCL","Crops and livestock products","203","Czechia","5312","Area harvested","01659","Hop cones","1999","1999","ha","6012","A","Official value",""
"QCL","Crops and livestock products","203","Czechia","5412","Yield","01659","Hop cones","1999","1999","kg/ha","1070.2","A","Official value",""
"QCL","Crops and livestock products","203","Czechia","5510","Production","01659","Hop cones","1999","1999","t","6434","A","Official value",""
"QCL","Crops and livestock products","203","Czechia","5312","Area harvested","01659","Hop cones","2000","2000","ha","6095","A","Official value",""
"QCL","Crops and livestock products","203","Czechia","5412","Yield","01659","Hop cones","2000","2000","kg/ha","798.2","A","Official value",""
"QCL","Crops and livestock products","203","Czechia","5510","Production","01659","Hop cones","2000","2000","t","4865","A","Official value",""
"QCL","Crops and livestock products","203","Czechia","5312","Area harvested","01659","Hop cones","2001","2001","ha","6075","A","Official value",""
"QCL","Crops and livestock products","203","Czechia","5412","Yield","01659","Hop cones","2001","2001","kg/ha","1090","A","Official value",""
"QCL","Crops and livestock products","203","Czechia","5510","Production","01659","Hop cones","2001","2001","t","6622","A","Official value",""
"QCL","Crops and livestock products","203","Czechia","5312","Area harvested","01659","Hop cones","2002","2002","ha","5968","A","Official value",""
"QCL","Crops and livestock products","203","Czechia","5412","Yield","01659","Hop cones","2002","2002","kg/ha","1079.4","A","Official value",""
"QCL","Crops and livestock products","203","Czechia","5510","Production","01659","Hop cones","2002","2002","t","6442","A","Official value",""
"QCL","Crops and livestock products","203","Czechia","5312","Area harvested","01659","Hop cones","2003","2003","ha","5942","A","Official value",""
"QCL","Crops and livestock products","203","Czechia","5412","Yield","01659","Hop cones","2003","2003","kg/ha","930.2","A","Official value",""
"QCL","Crops and livestock products","203","Czechia","5510","Production","01659","Hop cones","2003","2003","t","5527","A","Official value",""
"QCL","Crops and livestock products","203","Czechia","5312","Area harvested","01659","Hop cones","2004","2004","ha","5838","A","Official value",""
"QCL","Crops and livestock products","203","Czechia","5412","Yield","01659","Hop cones","2004","2004","kg/ha","1081","A","Official value",""
"QCL","Crops and livestock products","203","Czechia","5510","Production","01659","Hop cones","2004","2004","t","6311","A","Official value",""
"QCL","Crops and livestock products","203","Czechia","5312","Area harvested","01659","Hop cones","2005","2005","ha","5672","A","Official value",""
"QCL","Crops and livestock products","203","Czechia","5412","Yield","01659","Hop cones","2005","2005","kg/ha","1380.6","A","Official value",""
"QCL","Crops and livestock products","203","Czechia","5510","Production","01659","Hop cones","2005","2005","t","7831","A","Official value",""
"QCL","Crops and livestock products","203","Czechia","5312","Area harvested","01659","Hop cones","2006","2006","ha","5414","A","Official value",""
"QCL","Crops and livestock products","203","Czechia","5412","Yield","01659","Hop cones","2006","2006","kg/ha","1007.2","A","Official value",""
"QCL","Crops and livestock products","203","Czechia","5510","Production","01659","Hop cones","2006","2006","t","5453","A","Official value",""
"QCL","Crops and livestock products","203","Czechia","5312","Area harvested","01659","Hop cones","2007","2007","ha","5389","A","Official value",""
"QCL","Crops and livestock products","203","Czechia","5412","Yield","01659","Hop cones","2007","2007","kg/ha","1044.9","A","Official value",""
"QCL","Crops and livestock products","203","Czechia","5510","Production","01659","Hop cones","2007","2007","t","5631","A","Official value",""
"QCL","Crops and livestock products","203","Czechia","5312","Area harvested","01659","Hop cones","2008","2008","ha","5335","A","Official value",""
"QCL","Crops and livestock products","203","Czechia","5412","Yield","01659","Hop cones","2008","2008","kg/ha","1265.8","A","Official value",""
"QCL","Crops and livestock products","203","Czechia","5510","Production","01659","Hop cones","2008","2008","t","6753","A","Official value",""
"QCL","Crops and livestock products","203","Czechia","5312","Area harvested","01659","Hop cones","2009","2009","ha","5307","A","Official value",""
"QCL","Crops and livestock products","203","Czechia","5412","Yield","01659","Hop cones","2009","2009","kg/ha","1246.7","A","Official value",""
"QCL","Crops and livestock products","203","Czechia","5510","Production","01659","Hop cones","2009","2009","t","6616","A","Official value",""
"QCL","Crops and livestock products","203","Czechia","5312","Area harvested","01659","Hop cones","2010","2010","ha","5210","A","Official value",""
"QCL","Crops and livestock products","203","Czechia","5412","Yield","01659","Hop cones","2010","2010","kg/ha","1491.7","A","Official value",""
"QCL","Crops and livestock products","203","Czechia","5510","Production","01659","Hop cones","2010","2010","t","7772","A","Official value",""
"QCL","Crops and livestock products","203","Czechia","5312","Area harvested","01659","Hop cones","2011","2011","ha","4632","A","Official value",""
"QCL","Crops and livestock products","203","Czechia","5412","Yield","01659","Hop cones","2011","2011","kg/ha","1314.3","A","Official value",""
"QCL","Crops and livestock products","203","Czechia","5510","Production","01659","Hop cones","2011","2011","t","6088","A","Official value",""
"QCL","Crops and livestock products","203","Czechia","5312","Area harvested","01659","Hop cones","2012","2012","ha","4366","A","Official value",""
"QCL","Crops and livestock products","203","Czechia","5412","Yield","01659","Hop cones","2012","2012","kg/ha","993.6","A","Official value",""
"QCL","Crops and livestock products","203","Czechia","5510","Production","01659","Hop cones","2012","2012","t","4338","A","Official value",""
"QCL","Crops and livestock products","203","Czechia","5312","Area harvested","01659","Hop cones","2013","2013","ha","4319","A","Official value",""
"QCL","Crops and livestock products","203","Czechia","5412","Yield","01659","Hop cones","2013","2013","kg/ha","1234.1","A","Official value",""
"QCL","Crops and livestock products","203","Czechia","5510","Production","01659","Hop cones","2013","2013","t","5330","A","Official value",""
"QCL","Crops and livestock products","203","Czechia","5312","Area harvested","01659","Hop cones","2014","2014","ha","4460","A","Official value",""
"QCL","Crops and livestock products","203","Czechia","5412","Yield","01659","Hop cones","2014","2014","kg/ha","1390.6","A","Official value",""
"QCL","Crops and livestock products","203","Czechia","5510","Production","01659","Hop cones","2014","2014","t","6202","A","Official value",""
"QCL","Crops and livestock products","203","Czechia","5312","Area harvested","01659","Hop cones","2015","2015","ha","4622","A","Official value",""
"QCL","Crops and livestock products","203","Czechia","5412","Yield","01659","Hop cones","2015","2015","kg/ha","1047.8","A","Official value",""
"QCL","Crops and livestock products","203","Czechia","5510","Production","01659","Hop cones","2015","2015","t","4843","A","Official value",""
"QCL","Crops and livestock products","203","Czechia","5312","Area harvested","01659","Hop cones","2016","2016","ha","4775","A","Official value",""
"QCL","Crops and livestock products","203","Czechia","5412","Yield","01659","Hop cones","2016","2016","kg/ha","1615.1","A","Official value",""
"QCL","Crops and livestock products","203","Czechia","5510","Production","01659","Hop cones","2016","2016","t","7712","A","Official value",""
"QCL","Crops and livestock products","203","Czechia","5312","Area harvested","01659","Hop cones","2017","2017","ha","4945","A","Official value",""
"QCL","Crops and livestock products","203","Czechia","5412","Yield","01659","Hop cones","2017","2017","kg/ha","1374.5","A","Official value",""
"QCL","Crops and livestock products","203","Czechia","5510","Production","01659","Hop cones","2017","2017","t","6796.79","A","Official value",""
"QCL","Crops and livestock products","203","Czechia","5312","Area harvested","01659","Hop cones","2018","2018","ha","5020","A","Official value",""
"QCL","Crops and livestock products","203","Czechia","5412","Yield","01659","Hop cones","2018","2018","kg/ha","1021.9","A","Official value",""
"QCL","Crops and livestock products","203","Czechia","5510","Production","01659","Hop cones","2018","2018","t","5130","A","Official value",""
"QCL","Crops and livestock products","203","Czechia","5312","Area harvested","01659","Hop cones","2019","2019","ha","5000","A","Official value",""
"QCL","Crops and livestock products","203","Czechia","5412","Yield","01659","Hop cones","2019","2019","kg/ha","1430","A","Official value",""
"QCL","Crops and livestock products","203","Czechia","5510","Production","01659","Hop cones","2019","2019","t","7150","A","Official value",""
"QCL","Crops and livestock products","203","Czechia","5312","Area harvested","01659","Hop cones","2020","2020","ha","4970","A","Official value",""
"QCL","Crops and livestock products","203","Czechia","5412","Yield","01659","Hop cones","2020","2020","kg/ha","1193.2","A","Official value",""
"QCL","Crops and livestock products","203","Czechia","5510","Production","01659","Hop cones","2020","2020","t","5930","A","Official value",""
"QCL","Crops and livestock products","203","Czechia","5312","Area harvested","01659","Hop cones","2021","2021","ha","4970","A","Official value",""
"QCL","Crops and livestock products","203","Czechia","5412","Yield","01659","Hop cones","2021","2021","kg/ha","1672","A","Official value",""
"QCL","Crops and livestock products","203","Czechia","5510","Production","01659","Hop cones","2021","2021","t","8310","A","Official value",""
"QCL","Crops and livestock products","203","Czechia","5312","Area harvested","01659","Hop cones","2022","2022","ha","4940","A","Official value",""
"QCL","Crops and livestock products","203","Czechia","5412","Yield","01659","Hop cones","2022","2022","kg/ha","900.8","A","Official value",""
"QCL","Crops and livestock products","203","Czechia","5510","Production","01659","Hop cones","2022","2022","t","4450","A","Official value",""
"QCL","Crops and livestock products","203","Czechia","5312","Area harvested","01659","Hop cones","2023","2023","ha","4860","A","Official value",""
"QCL","Crops and livestock products","203","Czechia","5412","Yield","01659","Hop cones","2023","2023","kg/ha","1440.3","A","Official value",""
"QCL","Crops and livestock products","203","Czechia","5510","Production","01659","Hop cones","2023","2023","t","7000","A","Official value",""
"QCL","Crops and livestock products","203","Czechia","5312","Area harvested","01659","Hop cones","2024","2024","ha","4850","A","Official value",""
"QCL","Crops and livestock products","203","Czechia","5412","Yield","01659","Hop cones","2024","2024","kg/ha","1338.1","A","Official value",""
"QCL","Crops and livestock products","203","Czechia","5510","Production","01659","Hop cones","2024","2024","t","6490","A","Official value",""
"QCL","Crops and livestock products","203","Czechia","5312","Area harvested","01352","Kiwi fruit","2018","2018","ha","0","A","Official value",""
"QCL","Crops and livestock products","203","Czechia","5510","Production","01352","Kiwi fruit","2018","2018","t","0","A","Official value",""
"QCL","Crops and livestock products","203","Czechia","5312","Area harvested","01352","Kiwi fruit","2019","2019","ha","0","A","Official value",""
"QCL","Crops and livestock products","203","Czechia","5510","Production","01352","Kiwi fruit","2019","2019","t","0","A","Official value",""
"QCL","Crops and livestock products","203","Czechia","5312","Area harvested","01352","Kiwi fruit","2020","2020","ha","0","A","Official value",""
"QCL","Crops and livestock products","203","Czechia","5510","Production","01352","Kiwi fruit","2020","2020","t","0","A","Official value",""
"QCL","Crops and livestock products","203","Czechia","5312","Area harvested","01352","Kiwi fruit","2021","2021","ha","0","A","Official value",""
"QCL","Crops and livestock products","203","Czechia","5510","Production","01352","Kiwi fruit","2021","2021","t","0","A","Official value",""
"QCL","Crops and livestock products","203","Czechia","5312","Area harvested","01352","Kiwi fruit","2022","2022","ha","0","A","Official value",""
"QCL","Crops and livestock products","203","Czechia","5510","Production","01352","Kiwi fruit","2022","2022","t","0","A","Official value",""
"QCL","Crops and livestock products","203","Czechia","5312","Area harvested","01352","Kiwi fruit","2023","2023","ha","0","A","Official value",""
"QCL","Crops and livestock products","203","Czechia","5510","Production","01352","Kiwi fruit","2023","2023","t","0","A","Official value",""
"QCL","Crops and livestock products","203","Czechia","5312","Area harvested","01352","Kiwi fruit","2024","2024","ha","0","A","Official value",""
"QCL","Crops and livestock products","203","Czechia","5510","Production","01352","Kiwi fruit","2024","2024","t","0","A","Official value",""
"QCL","Crops and livestock products","203","Czechia","5312","Area harvested","01254","Leeks and other alliaceous vegetables","2018","2018","ha","10","A","Official value",""
"QCL","Crops and livestock products","203","Czechia","5412","Yield","01254","Leeks and other alliaceous vegetables","2018","2018","kg/ha","13000","A","Official value",""
"QCL","Crops and livestock products","203","Czechia","5510","Production","01254","Leeks and other alliaceous vegetables","2018","2018","t","130","A","Official value",""
"QCL","Crops and livestock products","203","Czechia","5312","Area harvested","01254","Leeks and other alliaceous vegetables","2019","2019","ha","10","A","Official value",""
"QCL","Crops and livestock products","203","Czechia","5412","Yield","01254","Leeks and other alliaceous vegetables","2019","2019","kg/ha","15000","A","Official value",""
"QCL","Crops and livestock products","203","Czechia","5510","Production","01254","Leeks and other alliaceous vegetables","2019","2019","t","150","A","Official value",""
"QCL","Crops and livestock products","203","Czechia","5312","Area harvested","01254","Leeks and other alliaceous vegetables","2020","2020","ha","20","A","Official value",""
"QCL","Crops and livestock products","203","Czechia","5412","Yield","01254","Leeks and other alliaceous vegetables","2020","2020","kg/ha","24000","A","Official value",""
"QCL","Crops and livestock products","203","Czechia","5510","Production","01254","Leeks and other alliaceous vegetables","2020","2020","t","480","A","Official value",""
"QCL","Crops and livestock products","203","Czechia","5312","Area harvested","01254","Leeks and other alliaceous vegetables","2021","2021","ha","20","A","Official value",""
"QCL","Crops and livestock products","203","Czechia","5412","Yield","01254","Leeks and other alliaceous vegetables","2021","2021","kg/ha","35000","A","Official value",""
"QCL","Crops and livestock products","203","Czechia","5510","Production","01254","Leeks and other alliaceous vegetables","2021","2021","t","700","A","Official value",""
"QCL","Crops and livestock products","203","Czechia","5312","Area harvested","01254","Leeks and other alliaceous vegetables","2022","2022","ha","50","A","Official value",""
"QCL","Crops and livestock products","203","Czechia","5412","Yield","01254","Leeks and other alliaceous vegetables","2022","2022","kg/ha","28600","A","Official value",""
"QCL","Crops and livestock products","203","Czechia","5510","Production","01254","Leeks and other alliaceous vegetables","2022","2022","t","1430","A","Official value",""
"QCL","Crops and livestock products","203","Czechia","5312","Area harvested","01254","Leeks and other alliaceous vegetables","2023","2023","ha","60","A","Official value",""
"QCL","Crops and livestock products","203","Czechia","5412","Yield","01254","Leeks and other alliaceous vegetables","2023","2023","kg/ha","26666.7","A","Official value",""
"QCL","Crops and livestock products","203","Czechia","5510","Production","01254","Leeks and other alliaceous vegetables","2023","2023","t","1600","A","Official value",""
"QCL","Crops and livestock products","203","Czechia","5312","Area harvested","01254","Leeks and other alliaceous vegetables","2024","2024","ha","40","A","Official value",""
"QCL","Crops and livestock products","203","Czechia","5412","Yield","01254","Leeks and other alliaceous vegetables","2024","2024","kg/ha","24750","A","Official value",""
"QCL","Crops and livestock products","203","Czechia","5510","Production","01254","Leeks and other alliaceous vegetables","2024","2024","t","990","A","Official value",""
"QCL","Crops and livestock products","203","Czechia","5312","Area harvested","01322","Lemons and limes","2018","2018","ha","0","A","Official value",""
"QCL","Crops and livestock products","203","Czechia","5510","Production","01322","Lemons and limes","2018","2018","t","0","A","Official value",""
"QCL","Crops and livestock products","203","Czechia","5312","Area harvested","01322","Lemons and limes","2019","2019","ha","0","A","Official value",""
"QCL","Crops and livestock products","203","Czechia","5510","Production","01322","Lemons and limes","2019","2019","t","0","A","Official value",""
"QCL","Crops and livestock products","203","Czechia","5312","Area harvested","01322","Lemons and limes","2020","2020","ha","0","A","Official value",""
"QCL","Crops and livestock products","203","Czechia","5510","Production","01322","Lemons and limes","2020","2020","t","0","A","Official value",""
"QCL","Crops and livestock products","203","Czechia","5312","Area harvested","01322","Lemons and limes","2021","2021","ha","0","A","Official value",""
"QCL","Crops and livestock products","203","Czechia","5510","Production","01322","Lemons and limes","2021","2021","t","0","A","Official value",""
"QCL","Crops and livestock products","203","Czechia","5312","Area harvested","01322","Lemons and limes","2022","2022","ha","0","A","Official value",""
"QCL","Crops and livestock products","203","Czechia","5510","Production","01322","Lemons and limes","2022","2022","t","0","A","Official value",""
"QCL","Crops and livestock products","203","Czechia","5312","Area harvested","01322","Lemons and limes","2023","2023","ha","0","A","Official value",""
"QCL","Crops and livestock products","203","Czechia","5510","Production","01322","Lemons and limes","2023","2023","t","0","A","Official value",""
"QCL","Crops and livestock products","203","Czechia","5312","Area harvested","01322","Lemons and limes","2024","2024","ha","0","A","Official value",""
"QCL","Crops and livestock products","203","Czechia","5510","Production","01322","Lemons and limes","2024","2024","t","0","A","Official value",""
"QCL","Crops and livestock products","203","Czechia","5312","Area harvested","01704","Lentils, dry","1993","1993","ha","80","A","Official value",""
"QCL","Crops and livestock products","203","Czechia","5412","Yield","01704","Lentils, dry","1993","1993","kg/ha","925","A","Official value",""
"QCL","Crops and livestock products","203","Czechia","5510","Production","01704","Lentils, dry","1993","1993","t","74","A","Official value",""
"QCL","Crops and livestock products","203","Czechia","5312","Area harvested","01704","Lentils, dry","1994","1994","ha","152","A","Official value",""
"QCL","Crops and livestock products","203","Czechia","5412","Yield","01704","Lentils, dry","1994","1994","kg/ha","427.6","A","Official value",""
"QCL","Crops and livestock products","203","Czechia","5510","Production","01704","Lentils, dry","1994","1994","t","65","A","Official value",""
"QCL","Crops and livestock products","203","Czechia","5312","Area harvested","01704","Lentils, dry","1995","1995","ha","15","A","Official value",""
"QCL","Crops and livestock products","203","Czechia","5412","Yield","01704","Lentils, dry","1995","1995","kg/ha","866.7","A","Official value",""
"QCL","Crops and livestock products","203","Czechia","5510","Production","01704","Lentils, dry","1995","1995","t","13","A","Official value",""
"QCL","Crops and livestock products","203","Czechia","5312","Area harvested","01704","Lentils, dry","1996","1996","ha","14","A","Official value",""
"QCL","Crops and livestock products","203","Czechia","5412","Yield","01704","Lentils, dry","1996","1996","kg/ha","928.6","A","Official value",""
"QCL","Crops and livestock products","203","Czechia","5510","Production","01704","Lentils, dry","1996","1996","t","13","A","Official value",""
"QCL","Crops and livestock products","203","Czechia","5312","Area harvested","01704","Lentils, dry","1997","1997","ha","3","A","Official value",""
"QCL","Crops and livestock products","203","Czechia","5412","Yield","01704","Lentils, dry","1997","1997","kg/ha","666.7","A","Official value",""
"QCL","Crops and livestock products","203","Czechia","5510","Production","01704","Lentils, dry","1997","1997","t","2","A","Official value",""
"QCL","Crops and livestock products","203","Czechia","5312","Area harvested","01704","Lentils, dry","1998","1998","ha","3","A","Official value",""
"QCL","Crops and livestock products","203","Czechia","5412","Yield","01704","Lentils, dry","1998","1998","kg/ha","666.7","A","Official value",""
"QCL","Crops and livestock products","203","Czechia","5510","Production","01704","Lentils, dry","1998","1998","t","2","A","Official value",""
"QCL","Crops and livestock products","203","Czechia","5312","Area harvested","01704","Lentils, dry","1999","1999","ha","3","A","Official value",""
"QCL","Crops and livestock products","203","Czechia","5412","Yield","01704","Lentils, dry","1999","1999","kg/ha","666.7","A","Official value",""
"QCL","Crops and livestock products","203","Czechia","5510","Production","01704","Lentils, dry","1999","1999","t","2","A","Official value",""
"QCL","Crops and livestock products","203","Czechia","5312","Area harvested","01704","Lentils, dry","2000","2000","ha","3","A","Official value",""
"QCL","Crops and livestock products","203","Czechia","5412","Yield","01704","Lentils, dry","2000","2000","kg/ha","333.3","A","Official value",""
"QCL","Crops and livestock products","203","Czechia","5510","Production","01704","Lentils, dry","2000","2000","t","1","A","Official value",""
"QCL","Crops and livestock products","203","Czechia","5312","Area harvested","01704","Lentils, dry","2001","2001","ha","3","A","Official value",""
"QCL","Crops and livestock products","203","Czechia","5412","Yield","01704","Lentils, dry","2001","2001","kg/ha","333.3","A","Official value",""
"QCL","Crops and livestock products","203","Czechia","5510","Production","01704","Lentils, dry","2001","2001","t","1","A","Official value",""
"QCL","Crops and livestock products","203","Czechia","5312","Area harvested","01704","Lentils, dry","2002","2002","ha","3","A","Official value",""
"QCL","Crops and livestock products","203","Czechia","5412","Yield","01704","Lentils, dry","2002","2002","kg/ha","333.3","A","Official value",""
"QCL","Crops and livestock products","203","Czechia","5510","Production","01704","Lentils, dry","2002","2002","t","1","A","Official value",""
"QCL","Crops and livestock products","203","Czechia","5312","Area harvested","01704","Lentils, dry","2003","2003","ha","3","A","Official value",""
"QCL","Crops and livestock products","203","Czechia","5412","Yield","01704","Lentils, dry","2003","2003","kg/ha","333.3","A","Official value",""
"QCL","Crops and livestock products","203","Czechia","5510","Production","01704","Lentils, dry","2003","2003","t","1","A","Official value",""
"QCL","Crops and livestock products","203","Czechia","5312","Area harvested","01704","Lentils, dry","2004","2004","ha","3","A","Official value",""
"QCL","Crops and livestock products","203","Czechia","5412","Yield","01704","Lentils, dry","2004","2004","kg/ha","333.3","A","Official value",""
"QCL","Crops and livestock products","203","Czechia","5510","Production","01704","Lentils, dry","2004","2004","t","1","A","Official value",""
"QCL","Crops and livestock products","203","Czechia","5312","Area harvested","01704","Lentils, dry","2005","2005","ha","3","A","Official value",""
"QCL","Crops and livestock products","203","Czechia","5412","Yield","01704","Lentils, dry","2005","2005","kg/ha","333.3","A","Official value",""
"QCL","Crops and livestock products","203","Czechia","5510","Production","01704","Lentils, dry","2005","2005","t","1","A","Official value",""
"QCL","Crops and livestock products","203","Czechia","5312","Area harvested","01704","Lentils, dry","2006","2006","ha","11","I","Value imputed by a receiving agency",""
"QCL","Crops and livestock products","203","Czechia","5412","Yield","01704","Lentils, dry","2006","2006","kg/ha","293.4","E","Estimated value",""
"QCL","Crops and livestock products","203","Czechia","5510","Production","01704","Lentils, dry","2006","2006","t","3.14","I","Value imputed by a receiving agency",""
"QCL","Crops and livestock products","203","Czechia","5312","Area harvested","01704","Lentils, dry","2007","2007","ha","","M","Missing value; data cannot exist",""
"QCL","Crops and livestock products","203","Czechia","5510","Production","01704","Lentils, dry","2007","2007","t","","M","Missing value; data cannot exist",""
"QCL","Crops and livestock products","203","Czechia","5312","Area harvested","01704","Lentils, dry","2008","2008","ha","","M","Missing value; data cannot exist",""
"QCL","Crops and livestock products","203","Czechia","5510","Production","01704","Lentils, dry","2008","2008","t","","M","Missing value; data cannot exist",""
"QCL","Crops and livestock products","203","Czechia","5312","Area harvested","01704","Lentils, dry","2009","2009","ha","","M","Missing value; data cannot exist",""
"QCL","Crops and livestock products","203","Czechia","5510","Production","01704","Lentils, dry","2009","2009","t","","M","Missing value; data cannot exist",""
"QCL","Crops and livestock products","203","Czechia","5312","Area harvested","01704","Lentils, dry","2010","2010","ha","","M","Missing value; data cannot exist",""
"QCL","Crops and livestock products","203","Czechia","5510","Production","01704","Lentils, dry","2010","2010","t","","M","Missing value; data cannot exist",""
"QCL","Crops and livestock products","203","Czechia","5312","Area harvested","01704","Lentils, dry","2011","2011","ha","","M","Missing value; data cannot exist",""
"QCL","Crops and livestock products","203","Czechia","5510","Production","01704","Lentils, dry","2011","2011","t","","M","Missing value; data cannot exist",""
"QCL","Crops and livestock products","203","Czechia","5312","Area harvested","01704","Lentils, dry","2012","2012","ha","","M","Missing value; data cannot exist",""
"QCL","Crops and livestock products","203","Czechia","5510","Production","01704","Lentils, dry","2012","2012","t","","M","Missing value; data cannot exist",""
"QCL","Crops and livestock products","203","Czechia","5312","Area harvested","01704","Lentils, dry","2013","2013","ha","","M","Missing value; data cannot exist",""
"QCL","Crops and livestock products","203","Czechia","5510","Production","01704","Lentils, dry","2013","2013","t","","M","Missing value; data cannot exist",""
"QCL","Crops and livestock products","203","Czechia","5312","Area harvested","01704","Lentils, dry","2014","2014","ha","","M","Missing value; data cannot exist",""
"QCL","Crops and livestock products","203","Czechia","5510","Production","01704","Lentils, dry","2014","2014","t","","M","Missing value; data cannot exist",""
"QCL","Crops and livestock products","203","Czechia","5312","Area harvested","01704","Lentils, dry","2015","2015","ha","","M","Missing value; data cannot exist",""
"QCL","Crops and livestock products","203","Czechia","5510","Production","01704","Lentils, dry","2015","2015","t","","M","Missing value; data cannot exist",""
"QCL","Crops and livestock products","203","Czechia","5312","Area harvested","01704","Lentils, dry","2016","2016","ha","","M","Missing value; data cannot exist",""
"QCL","Crops and livestock products","203","Czechia","5510","Production","01704","Lentils, dry","2016","2016","t","","M","Missing value; data cannot exist",""
"QCL","Crops and livestock products","203","Czechia","5312","Area harvested","01704","Lentils, dry","2017","2017","ha","","M","Missing value; data cannot exist",""
"QCL","Crops and livestock products","203","Czechia","5510","Production","01704","Lentils, dry","2017","2017","t","","M","Missing value; data cannot exist",""
"QCL","Crops and livestock products","203","Czechia","5312","Area harvested","01214","Lettuce and chicory","1993","1993","ha","1035","A","Official value",""
"QCL","Crops and livestock products","203","Czechia","5412","Yield","01214","Lettuce and chicory","1993","1993","kg/ha","10677.3","A","Official value",""
"QCL","Crops and livestock products","203","Czechia","5510","Production","01214","Lettuce and chicory","1993","1993","t","11051","A","Official value",""
"QCL","Crops and livestock products","203","Czechia","5312","Area harvested","01214","Lettuce and chicory","1994","1994","ha","1000","E","Estimated value",""
"QCL","Crops and livestock products","203","Czechia","5412","Yield","01214","Lettuce and chicory","1994","1994","kg/ha","11000","E","Estimated value",""
"QCL","Crops and livestock products","203","Czechia","5510","Production","01214","Lettuce and chicory","1994","1994","t","11000","E","Estimated value",""
"QCL","Crops and livestock products","203","Czechia","5312","Area harvested","01214","Lettuce and chicory","1995","1995","ha","676","I","Value imputed by a receiving agency",""
"QCL","Crops and livestock products","203","Czechia","5412","Yield","01214","Lettuce and chicory","1995","1995","kg/ha","13133.6","E","Estimated value",""
"QCL","Crops and livestock products","203","Czechia","5510","Production","01214","Lettuce and chicory","1995","1995","t","8882.35","I","Value imputed by a receiving agency",""
"QCL","Crops and livestock products","203","Czechia","5312","Area harvested","01214","Lettuce and chicory","1996","1996","ha","631","I","Value imputed by a receiving agency",""
"QCL","Crops and livestock products","203","Czechia","5412","Yield","01214","Lettuce and chicory","1996","1996","kg/ha","13076.6","E","Estimated value",""
"QCL","Crops and livestock products","203","Czechia","5510","Production","01214","Lettuce and chicory","1996","1996","t","8248.93","I","Value imputed by a receiving agency",""
"QCL","Crops and livestock products","203","Czechia","5312","Area harvested","01214","Lettuce and chicory","1997","1997","ha","583","I","Value imputed by a receiving agency",""
"QCL","Crops and livestock products","203","Czechia","5412","Yield","01214","Lettuce and chicory","1997","1997","kg/ha","12839","E","Estimated value",""
"QCL","Crops and livestock products","203","Czechia","5510","Production","01214","Lettuce and chicory","1997","1997","t","7488.96","I","Value imputed by a receiving agency",""
"QCL","Crops and livestock products","203","Czechia","5312","Area harvested","01214","Lettuce and chicory","1998","1998","ha","760","A","Official value",""
"QCL","Crops and livestock products","203","Czechia","5412","Yield","01214","Lettuce and chicory","1998","1998","kg/ha","7631.6","A","Official value",""
"QCL","Crops and livestock products","203","Czechia","5510","Production","01214","Lettuce and chicory","1998","1998","t","5800","A","Official value",""
"QCL","Crops and livestock products","203","Czechia","5312","Area harvested","01214","Lettuce and chicory","1999","1999","ha","700","A","Official value",""
"QCL","Crops and livestock products","203","Czechia","5412","Yield","01214","Lettuce and chicory","1999","1999","kg/ha","12000","A","Official value",""
"QCL","Crops and livestock products","203","Czechia","5510","Production","01214","Lettuce and chicory","1999","1999","t","8400","A","Official value",""
"QCL","Crops and livestock products","203","Czechia","5312","Area harvested","01214","Lettuce and chicory","2000","2000","ha","500","A","Official value",""
"QCL","Crops and livestock products","203","Czechia","5412","Yield","01214","Lettuce and chicory","2000","2000","kg/ha","9000","A","Official value",""
"QCL","Crops and livestock products","203","Czechia","5510","Production","01214","Lettuce and chicory","2000","2000","t","4500","A","Official value",""
"QCL","Crops and livestock products","203","Czechia","5312","Area harvested","01214","Lettuce and chicory","2001","2001","ha","100","A","Official value",""
"QCL","Crops and livestock products","203","Czechia","5412","Yield","01214","Lettuce and chicory","2001","2001","kg/ha","30000","A","Official value",""
"QCL","Crops and livestock products","203","Czechia","5510","Production","01214","Lettuce and chicory","2001","2001","t","3000","A","Official value",""
"QCL","Crops and livestock products","203","Czechia","5312","Area harvested","01214","Lettuce and chicory","2002","2002","ha","225","A","Official value",""
"QCL","Crops and livestock products","203","Czechia","5412","Yield","01214","Lettuce and chicory","2002","2002","kg/ha","24955.6","A","Official value",""
"QCL","Crops and livestock products","203","Czechia","5510","Production","01214","Lettuce and chicory","2002","2002","t","5615","A","Official value",""
"QCL","Crops and livestock products","203","Czechia","5312","Area harvested","01214","Lettuce and chicory","2003","2003","ha","327","A","Official value",""
"QCL","Crops and livestock products","203","Czechia","5412","Yield","01214","Lettuce and chicory","2003","2003","kg/ha","25000","A","Official value",""
"QCL","Crops and livestock products","203","Czechia","5510","Production","01214","Lettuce and chicory","2003","2003","t","8175","A","Official value",""
"QCL","Crops and livestock products","203","Czechia","5312","Area harvested","01214","Lettuce and chicory","2004","2004","ha","227","A","Official value",""
"QCL","Crops and livestock products","203","Czechia","5412","Yield","01214","Lettuce and chicory","2004","2004","kg/ha","19823.8","A","Official value",""
"QCL","Crops and livestock products","203","Czechia","5510","Production","01214","Lettuce and chicory","2004","2004","t","4500","A","Official value",""
"QCL","Crops and livestock products","203","Czechia","5312","Area harvested","01214","Lettuce and chicory","2005","2005","ha","388","A","Official value",""
"QCL","Crops and livestock products","203","Czechia","5412","Yield","01214","Lettuce and chicory","2005","2005","kg/ha","14000","A","Official value",""
"QCL","Crops and livestock products","203","Czechia","5510","Production","01214","Lettuce and chicory","2005","2005","t","5432","A","Official value",""
"QCL","Crops and livestock products","203","Czechia","5312","Area harvested","01214","Lettuce and chicory","2006","2006","ha","400","A","Official value",""
"QCL","Crops and livestock products","203","Czechia","5412","Yield","01214","Lettuce and chicory","2006","2006","kg/ha","15000","A","Official value",""
"QCL","Crops and livestock products","203","Czechia","5510","Production","01214","Lettuce and chicory","2006","2006","t","6000","A","Official value",""
"QCL","Crops and livestock products","203","Czechia","5312","Area harvested","01214","Lettuce and chicory","2007","2007","ha","214","A","Official value",""
"QCL","Crops and livestock products","203","Czechia","5412","Yield","01214","Lettuce and chicory","2007","2007","kg/ha","19822.4","A","Official value",""
"QCL","Crops and livestock products","203","Czechia","5510","Production","01214","Lettuce and chicory","2007","2007","t","4242","A","Official value",""
"QCL","Crops and livestock products","203","Czechia","5312","Area harvested","01214","Lettuce and chicory","2008","2008","ha","219","A","Official value",""
"QCL","Crops and livestock products","203","Czechia","5412","Yield","01214","Lettuce and chicory","2008","2008","kg/ha","18484","A","Official value",""
"QCL","Crops and livestock products","203","Czechia","5510","Production","01214","Lettuce and chicory","2008","2008","t","4048","A","Official value",""
"QCL","Crops and livestock products","203","Czechia","5312","Area harvested","01214","Lettuce and chicory","2009","2009","ha","211","A","Official value",""
"QCL","Crops and livestock products","203","Czechia","5412","Yield","01214","Lettuce and chicory","2009","2009","kg/ha","18625.6","A","Official value",""
"QCL","Crops and livestock products","203","Czechia","5510","Production","01214","Lettuce and chicory","2009","2009","t","3930","A","Official value",""
"QCL","Crops and livestock products","203","Czechia","5312","Area harvested","01214","Lettuce and chicory","2010","2010","ha","245","I","Value imputed by a receiving agency",""
"QCL","Crops and livestock products","203","Czechia","5412","Yield","01214","Lettuce and chicory","2010","2010","kg/ha","17167.8","E","Estimated value",""
"QCL","Crops and livestock products","203","Czechia","5510","Production","01214","Lettuce and chicory","2010","2010","t","4201.62","I","Value imputed by a receiving agency",""
"QCL","Crops and livestock products","203","Czechia","5312","Area harvested","01214","Lettuce and chicory","2011","2011","ha","182","A","Official value",""
"QCL","Crops and livestock products","203","Czechia","5412","Yield","01214","Lettuce and chicory","2011","2011","kg/ha","8197.8","A","Official value",""
"QCL","Crops and livestock products","203","Czechia","5510","Production","01214","Lettuce and chicory","2011","2011","t","1492","A","Official value",""
"QCL","Crops and livestock products","203","Czechia","5312","Area harvested","01214","Lettuce and chicory","2012","2012","ha","139","A","Official value",""
"QCL","Crops and livestock products","203","Czechia","5412","Yield","01214","Lettuce and chicory","2012","2012","kg/ha","10021.6","A","Official value",""
"QCL","Crops and livestock products","203","Czechia","5510","Production","01214","Lettuce and chicory","2012","2012","t","1393","A","Official value",""
"QCL","Crops and livestock products","203","Czechia","5312","Area harvested","01214","Lettuce and chicory","2013","2013","ha","173","A","Official value",""
"QCL","Crops and livestock products","203","Czechia","5412","Yield","01214","Lettuce and chicory","2013","2013","kg/ha","10641.6","A","Official value",""
"QCL","Crops and livestock products","203","Czechia","5510","Production","01214","Lettuce and chicory","2013","2013","t","1841","A","Official value",""
"QCL","Crops and livestock products","203","Czechia","5312","Area harvested","01214","Lettuce and chicory","2014","2014","ha","176","A","Official value",""
"QCL","Crops and livestock products","203","Czechia","5412","Yield","01214","Lettuce and chicory","2014","2014","kg/ha","12562.5","A","Official value",""
"QCL","Crops and livestock products","203","Czechia","5510","Production","01214","Lettuce and chicory","2014","2014","t","2211","A","Official value",""
"QCL","Crops and livestock products","203","Czechia","5312","Area harvested","01214","Lettuce and chicory","2015","2015","ha","142","A","Official value",""
"QCL","Crops and livestock products","203","Czechia","5412","Yield","01214","Lettuce and chicory","2015","2015","kg/ha","35464.8","A","Official value",""
"QCL","Crops and livestock products","203","Czechia","5510","Production","01214","Lettuce and chicory","2015","2015","t","5036","A","Official value",""
"QCL","Crops and livestock products","203","Czechia","5312","Area harvested","01214","Lettuce and chicory","2016","2016","ha","152","A","Official value",""
"QCL","Crops and livestock products","203","Czechia","5412","Yield","01214","Lettuce and chicory","2016","2016","kg/ha","12230.3","A","Official value",""
"QCL","Crops and livestock products","203","Czechia","5510","Production","01214","Lettuce and chicory","2016","2016","t","1859","A","Official value",""
"QCL","Crops and livestock products","203","Czechia","5312","Area harvested","01214","Lettuce and chicory","2017","2017","ha","589","A","Official value",""
"QCL","Crops and livestock products","203","Czechia","5412","Yield","01214","Lettuce and chicory","2017","2017","kg/ha","37503.5","A","Official value",""
"QCL","Crops and livestock products","203","Czechia","5510","Production","01214","Lettuce and chicory","2017","2017","t","22089.91","A","Official value",""
"QCL","Crops and livestock products","203","Czechia","5312","Area harvested","01214","Lettuce and chicory","2018","2018","ha","620","A","Official value",""
"QCL","Crops and livestock products","203","Czechia","5412","Yield","01214","Lettuce and chicory","2018","2018","kg/ha","18000","A","Official value",""
"QCL","Crops and livestock products","203","Czechia","5510","Production","01214","Lettuce and chicory","2018","2018","t","11160","A","Official value",""
"QCL","Crops and livestock products","203","Czechia","5312","Area harvested","01214","Lettuce and chicory","2019","2019","ha","620","A","Official value",""
"QCL","Crops and livestock products","203","Czechia","5412","Yield","01214","Lettuce and chicory","2019","2019","kg/ha","24871","A","Official value",""
"QCL","Crops and livestock products","203","Czechia","5510","Production","01214","Lettuce and chicory","2019","2019","t","15420","A","Official value",""
"QCL","Crops and livestock products","203","Czechia","5312","Area harvested","01214","Lettuce and chicory","2020","2020","ha","620","A","Official value",""
"QCL","Crops and livestock products","203","Czechia","5412","Yield","01214","Lettuce and chicory","2020","2020","kg/ha","24983.9","A","Official value",""
"QCL","Crops and livestock products","203","Czechia","5510","Production","01214","Lettuce and chicory","2020","2020","t","15490","A","Official value",""
"QCL","Crops and livestock products","203","Czechia","5312","Area harvested","01214","Lettuce and chicory","2021","2021","ha","660","A","Official value",""
"QCL","Crops and livestock products","203","Czechia","5412","Yield","01214","Lettuce and chicory","2021","2021","kg/ha","29909.1","A","Official value",""
"QCL","Crops and livestock products","203","Czechia","5510","Production","01214","Lettuce and chicory","2021","2021","t","19740","A","Official value",""
"QCL","Crops and livestock products","203","Czechia","5312","Area harvested","01214","Lettuce and chicory","2022","2022","ha","620","A","Official value",""
"QCL","Crops and livestock products","203","Czechia","5412","Yield","01214","Lettuce and chicory","2022","2022","kg/ha","18709.7","A","Official value",""
"QCL","Crops and livestock products","203","Czechia","5510","Production","01214","Lettuce and chicory","2022","2022","t","11600","A","Official value",""
"QCL","Crops and livestock products","203","Czechia","5312","Area harvested","01214","Lettuce and chicory","2023","2023","ha","660","A","Official value",""
"QCL","Crops and livestock products","203","Czechia","5412","Yield","01214","Lettuce and chicory","2023","2023","kg/ha","22530.3","A","Official value",""
"QCL","Crops and livestock products","203","Czechia","5510","Production","01214","Lettuce and chicory","2023","2023","t","14870","A","Official value",""
"QCL","Crops and livestock products","203","Czechia","5312","Area harvested","01214","Lettuce and chicory","2024","2024","ha","650","A","Official value",""
"QCL","Crops and livestock products","203","Czechia","5412","Yield","01214","Lettuce and chicory","2024","2024","kg/ha","25107.7","A","Official value",""
"QCL","Crops and livestock products","203","Czechia","5510","Production","01214","Lettuce and chicory","2024","2024","t","16320","A","Official value",""
"QCL","Crops and livestock products","203","Czechia","5312","Area harvested","01441","Linseed","1993","1993","ha","7571","A","Official value",""
"QCL","Crops and livestock products","203","Czechia","5412","Yield","01441","Linseed","1993","1993","kg/ha","531","A","Official value",""
"QCL","Crops and livestock products","203","Czechia","5510","Production","01441","Linseed","1993","1993","t","4020","A","Official value",""
"QCL","Crops and livestock products","203","Czechia","5312","Area harvested","01441","Linseed","1994","1994","ha","10118","A","Official value",""
"QCL","Crops and livestock products","203","Czechia","5412","Yield","01441","Linseed","1994","1994","kg/ha","264.6","A","Official value",""
"QCL","Crops and livestock products","203","Czechia","5510","Production","01441","Linseed","1994","1994","t","2677","A","Official value",""
"QCL","Crops and livestock products","203","Czechia","5312","Area harvested","01441","Linseed","1995","1995","ha","4214","A","Official value",""
"QCL","Crops and livestock products","203","Czechia","5412","Yield","01441","Linseed","1995","1995","kg/ha","640.7","E","Estimated value",""
"QCL","Crops and livestock products","203","Czechia","5510","Production","01441","Linseed","1995","1995","t","2700","X","Value from external organization","Unofficial figure"
"QCL","Crops and livestock products","203","Czechia","5312","Area harvested","01441","Linseed","1996","1996","ha","5899","A","Official value",""
"QCL","Crops and livestock products","203","Czechia","5412","Yield","01441","Linseed","1996","1996","kg/ha","474.7","E","Estimated value",""
"QCL","Crops and livestock products","203","Czechia","5510","Production","01441","Linseed","1996","1996","t","2800","X","Value from external organization","Unofficial figure"
"QCL","Crops and livestock products","203","Czechia","5312","Area harvested","01441","Linseed","1997","1997","ha","4000","X","Value from external organization","Unofficial figure"
"QCL","Crops and livestock products","203","Czechia","5412","Yield","01441","Linseed","1997","1997","kg/ha","700","X","Value from external organization",""
"QCL","Crops and livestock products","203","Czechia","5510","Production","01441","Linseed","1997","1997","t","2800","X","Value from external organization","Unofficial figure"
"QCL","Crops and livestock products","203","Czechia","5312","Area harvested","01441","Linseed","1998","1998","ha","4365","A","Official value",""
"QCL","Crops and livestock products","203","Czechia","5412","Yield","01441","Linseed","1998","1998","kg/ha","481.8","A","Official value",""
"QCL","Crops and livestock products","203","Czechia","5510","Production","01441","Linseed","1998","1998","t","2103","A","Official value",""
"QCL","Crops and livestock products","203","Czechia","5312","Area harvested","01441","Linseed","1999","1999","ha","7543","A","Official value",""
"QCL","Crops and livestock products","203","Czechia","5412","Yield","01441","Linseed","1999","1999","kg/ha","1013.1","A","Official value",""
"QCL","Crops and livestock products","203","Czechia","5510","Production","01441","Linseed","1999","1999","t","7642","A","Official value",""
"QCL","Crops and livestock products","203","Czechia","5312","Area harvested","01441","Linseed","2000","2000","ha","10032","A","Official value",""
"QCL","Crops and livestock products","203","Czechia","5412","Yield","01441","Linseed","2000","2000","kg/ha","752.8","A","Official value",""
"QCL","Crops and livestock products","203","Czechia","5510","Production","01441","Linseed","2000","2000","t","7552","A","Official value",""
"QCL","Crops and livestock products","203","Czechia","5312","Area harvested","01441","Linseed","2001","2001","ha","3046","A","Official value",""
"QCL","Crops and livestock products","203","Czechia","5412","Yield","01441","Linseed","2001","2001","kg/ha","854.6","A","Official value",""
"QCL","Crops and livestock products","203","Czechia","5510","Production","01441","Linseed","2001","2001","t","2603","A","Official value",""
"QCL","Crops and livestock products","203","Czechia","5312","Area harvested","01441","Linseed","2002","2002","ha","2385","A","Official value",""
"QCL","Crops and livestock products","203","Czechia","5412","Yield","01441","Linseed","2002","2002","kg/ha","1000.4","A","Official value",""
"QCL","Crops and livestock products","203","Czechia","5510","Production","01441","Linseed","2002","2002","t","2386","A","Official value",""
"QCL","Crops and livestock products","203","Czechia","5312","Area harvested","01441","Linseed","2003","2003","ha","5345","A","Official value",""
"QCL","Crops and livestock products","203","Czechia","5412","Yield","01441","Linseed","2003","2003","kg/ha","907","A","Official value",""
"QCL","Crops and livestock products","203","Czechia","5510","Production","01441","Linseed","2003","2003","t","4848","A","Official value",""
"QCL","Crops and livestock products","203","Czechia","5312","Area harvested","01441","Linseed","2004","2004","ha","2154","A","Official value",""
"QCL","Crops and livestock products","203","Czechia","5412","Yield","01441","Linseed","2004","2004","kg/ha","1448","A","Official value",""
"QCL","Crops and livestock products","203","Czechia","5510","Production","01441","Linseed","2004","2004","t","3119","A","Official value",""
"QCL","Crops and livestock products","203","Czechia","5312","Area harvested","01441","Linseed","2005","2005","ha","7335","A","Official value",""
"QCL","Crops and livestock products","203","Czechia","5412","Yield","01441","Linseed","2005","2005","kg/ha","1206.7","A","Official value",""
"QCL","Crops and livestock products","203","Czechia","5510","Production","01441","Linseed","2005","2005","t","8851","A","Official value",""
"QCL","Crops and livestock products","203","Czechia","5312","Area harvested","01441","Linseed","2006","2006","ha","7869","A","Official value",""
"QCL","Crops and livestock products","203","Czechia","5412","Yield","01441","Linseed","2006","2006","kg/ha","1015.4","A","Official value",""
"QCL","Crops and livestock products","203","Czechia","5510","Production","01441","Linseed","2006","2006","t","7990","A","Official value",""
"QCL","Crops and livestock products","203","Czechia","5312","Area harvested","01441","Linseed","2007","2007","ha","2642","A","Official value",""
"QCL","Crops and livestock products","203","Czechia","5412","Yield","01441","Linseed","2007","2007","kg/ha","659.3","A","Official value",""
"QCL","Crops and livestock products","203","Czechia","5510","Production","01441","Linseed","2007","2007","t","1742","A","Official value",""
"QCL","Crops and livestock products","203","Czechia","5312","Area harvested","01441","Linseed","2008","2008","ha","1171","A","Official value",""
"QCL","Crops and livestock products","203","Czechia","5412","Yield","01441","Linseed","2008","2008","kg/ha","1199.8","A","Official value",""
"QCL","Crops and livestock products","203","Czechia","5510","Production","01441","Linseed","2008","2008","t","1405","A","Official value",""
"QCL","Crops and livestock products","203","Czechia","5312","Area harvested","01441","Linseed","2009","2009","ha","2631","A","Official value",""
"QCL","Crops and livestock products","203","Czechia","5412","Yield","01441","Linseed","2009","2009","kg/ha","1630.9","A","Official value",""
"QCL","Crops and livestock products","203","Czechia","5510","Production","01441","Linseed","2009","2009","t","4291","A","Official value",""
"QCL","Crops and livestock products","203","Czechia","5312","Area harvested","01441","Linseed","2010","2010","ha","4094","A","Official value",""
"QCL","Crops and livestock products","203","Czechia","5412","Yield","01441","Linseed","2010","2010","kg/ha","959.5","A","Official value",""
"QCL","Crops and livestock products","203","Czechia","5510","Production","01441","Linseed","2010","2010","t","3928","A","Official value",""
"QCL","Crops and livestock products","203","Czechia","5312","Area harvested","01441","Linseed","2011","2011","ha","2475","A","Official value",""
"QCL","Crops and livestock products","203","Czechia","5412","Yield","01441","Linseed","2011","2011","kg/ha","1387.1","A","Official value",""
"QCL","Crops and livestock products","203","Czechia","5510","Production","01441","Linseed","2011","2011","t","3433","A","Official value",""
"QCL","Crops and livestock products","203","Czechia","5312","Area harvested","01441","Linseed","2012","2012","ha","1683","A","Official value",""
"QCL","Crops and livestock products","203","Czechia","5412","Yield","01441","Linseed","2012","2012","kg/ha","1427.2","A","Official value",""
"QCL","Crops and livestock products","203","Czechia","5510","Production","01441","Linseed","2012","2012","t","2402","A","Official value",""
"QCL","Crops and livestock products","203","Czechia","5312","Area harvested","01441","Linseed","2013","2013","ha","1513","A","Official value",""
"QCL","Crops and livestock products","203","Czechia","5412","Yield","01441","Linseed","2013","2013","kg/ha","1365.5","A","Official value",""
"QCL","Crops and livestock products","203","Czechia","5510","Production","01441","Linseed","2013","2013","t","2066","A","Official value",""
"QCL","Crops and livestock products","203","Czechia","5312","Area harvested","01441","Linseed","2014","2014","ha","1813","A","Official value",""
"QCL","Crops and livestock products","203","Czechia","5412","Yield","01441","Linseed","2014","2014","kg/ha","1318.3","A","Official value",""
"QCL","Crops and livestock products","203","Czechia","5510","Production","01441","Linseed","2014","2014","t","2390","A","Official value",""
"QCL","Crops and livestock products","203","Czechia","5312","Area harvested","01441","Linseed","2015","2015","ha","1599","A","Official value",""
"QCL","Crops and livestock products","203","Czechia","5412","Yield","01441","Linseed","2015","2015","kg/ha","1330.2","A","Official value",""
"QCL","Crops and livestock products","203","Czechia","5510","Production","01441","Linseed","2015","2015","t","2127","A","Official value",""
"QCL","Crops and livestock products","203","Czechia","5312","Area harvested","01441","Linseed","2016","2016","ha","1481","A","Official value",""
"QCL","Crops and livestock products","203","Czechia","5412","Yield","01441","Linseed","2016","2016","kg/ha","1510.5","A","Official value",""
"QCL","Crops and livestock products","203","Czechia","5510","Production","01441","Linseed","2016","2016","t","2237","A","Official value",""
"QCL","Crops and livestock products","203","Czechia","5312","Area harvested","01441","Linseed","2017","2017","ha","1722","A","Official value",""
"QCL","Crops and livestock products","203","Czechia","5412","Yield","01441","Linseed","2017","2017","kg/ha","1364.1","A","Official value",""
"QCL","Crops and livestock products","203","Czechia","5510","Production","01441","Linseed","2017","2017","t","2348.73","A","Official value",""
"QCL","Crops and livestock products","203","Czechia","5312","Area harvested","01441","Linseed","2018","2018","ha","1260","A","Official value",""
"QCL","Crops and livestock products","203","Czechia","5412","Yield","01441","Linseed","2018","2018","kg/ha","1388.9","A","Official value",""
"QCL","Crops and livestock products","203","Czechia","5510","Production","01441","Linseed","2018","2018","t","1750","A","Official value",""
"QCL","Crops and livestock products","203","Czechia","5312","Area harvested","01441","Linseed","2019","2019","ha","1080","A","Official value",""
"QCL","Crops and livestock products","203","Czechia","5412","Yield","01441","Linseed","2019","2019","kg/ha","1250","A","Official value",""
"QCL","Crops and livestock products","203","Czechia","5510","Production","01441","Linseed","2019","2019","t","1350","A","Official value",""
"QCL","Crops and livestock products","203","Czechia","5312","Area harvested","01441","Linseed","2020","2020","ha","1290","A","Official value",""
"QCL","Crops and livestock products","203","Czechia","5412","Yield","01441","Linseed","2020","2020","kg/ha","1224.8","A","Official value",""
"QCL","Crops and livestock products","203","Czechia","5510","Production","01441","Linseed","2020","2020","t","1580","A","Official value",""
"QCL","Crops and livestock products","203","Czechia","5312","Area harvested","01441","Linseed","2021","2021","ha","1830","A","Official value",""
"QCL","Crops and livestock products","203","Czechia","5412","Yield","01441","Linseed","2021","2021","kg/ha","1382.5","A","Official value",""
"QCL","Crops and livestock products","203","Czechia","5510","Production","01441","Linseed","2021","2021","t","2530","A","Official value",""
"QCL","Crops and livestock products","203","Czechia","5312","Area harvested","01441","Linseed","2022","2022","ha","1930","A","Official value",""
"QCL","Crops and livestock products","203","Czechia","5412","Yield","01441","Linseed","2022","2022","kg/ha","1409.3","A","Official value",""
"QCL","Crops and livestock products","203","Czechia","5510","Production","01441","Linseed","2022","2022","t","2720","A","Official value",""
"QCL","Crops and livestock products","203","Czechia","5312","Area harvested","01441","Linseed","2023","2023","ha","1600","A","Official value",""
"QCL","Crops and livestock products","203","Czechia","5412","Yield","01441","Linseed","2023","2023","kg/ha","925","A","Official value",""
"QCL","Crops and livestock products","203","Czechia","5510","Production","01441","Linseed","2023","2023","t","1480","A","Official value",""
"QCL","Crops and livestock products","203","Czechia","5312","Area harvested","01441","Linseed","2024","2024","ha","1080","A","Official value",""
"QCL","Crops and livestock products","203","Czechia","5412","Yield","01441","Linseed","2024","2024","kg/ha","1296.3","A","Official value",""
"QCL","Crops and livestock products","203","Czechia","5510","Production","01441","Linseed","2024","2024","t","1400","A","Official value",""
"QCL","Crops and livestock products","203","Czechia","5312","Area harvested","01709.02","Lupins","2018","2018","ha","2980","A","Official value",""
"QCL","Crops and livestock products","203","Czechia","5412","Yield","01709.02","Lupins","2018","2018","kg/ha","1617.4","A","Official value",""
"QCL","Crops and livestock products","203","Czechia","5510","Production","01709.02","Lupins","2018","2018","t","4820","A","Official value",""
"QCL","Crops and livestock products","203","Czechia","5312","Area harvested","01709.02","Lupins","2019","2019","ha","2250","A","Official value",""
"QCL","Crops and livestock products","203","Czechia","5412","Yield","01709.02","Lupins","2019","2019","kg/ha","1355.6","A","Official value",""
"QCL","Crops and livestock products","203","Czechia","5510","Production","01709.02","Lupins","2019","2019","t","3050","A","Official value",""
"QCL","Crops and livestock products","203","Czechia","5312","Area harvested","01709.02","Lupins","2020","2020","ha","1910","A","Official value",""
"QCL","Crops and livestock products","203","Czechia","5412","Yield","01709.02","Lupins","2020","2020","kg/ha","1256.5","A","Official value",""
"QCL","Crops and livestock products","203","Czechia","5510","Production","01709.02","Lupins","2020","2020","t","2400","A","Official value",""
"QCL","Crops and livestock products","203","Czechia","5312","Area harvested","01709.02","Lupins","2021","2021","ha","2090","A","Official value",""
"QCL","Crops and livestock products","203","Czechia","5412","Yield","01709.02","Lupins","2021","2021","kg/ha","1258.4","A","Official value",""
"QCL","Crops and livestock products","203","Czechia","5510","Production","01709.02","Lupins","2021","2021","t","2630","A","Official value",""
"QCL","Crops and livestock products","203","Czechia","5312","Area harvested","01709.02","Lupins","2022","2022","ha","1990","A","Official value",""
"QCL","Crops and livestock products","203","Czechia","5412","Yield","01709.02","Lupins","2022","2022","kg/ha","1311.6","A","Official value",""
"QCL","Crops and livestock products","203","Czechia","5510","Production","01709.02","Lupins","2022","2022","t","2610","A","Official value",""
"QCL","Crops and livestock products","203","Czechia","5312","Area harvested","01709.02","Lupins","2023","2023","ha","1630","A","Official value",""
"QCL","Crops and livestock products","203","Czechia","5412","Yield","01709.02","Lupins","2023","2023","kg/ha","1116.6","A","Official value",""
"QCL","Crops and livestock products","203","Czechia","5510","Production","01709.02","Lupins","2023","2023","t","1820","A","Official value",""
"QCL","Crops and livestock products","203","Czechia","5312","Area harvested","01709.02","Lupins","2024","2024","ha","1550","A","Official value",""
"QCL","Crops and livestock products","203","Czechia","5412","Yield","01709.02","Lupins","2024","2024","kg/ha","1522.6","A","Official value",""
"QCL","Crops and livestock products","203","Czechia","5510","Production","01709.02","Lupins","2024","2024","t","2360","A","Official value",""
"QCL","Crops and livestock products","203","Czechia","5312","Area harvested","0112","Maize (corn)","1993","1993","ha","32217","A","Official value",""
"QCL","Crops and livestock products","203","Czechia","5412","Yield","0112","Maize (corn)","1993","1993","kg/ha","4874.6","A","Official value",""
"QCL","Crops and livestock products","203","Czechia","5510","Production","0112","Maize (corn)","1993","1993","t","157045","A","Official value",""
"QCL","Crops and livestock products","203","Czechia","5312","Area harvested","0112","Maize (corn)","1994","1994","ha","26964","A","Official value",""
"QCL","Crops and livestock products","203","Czechia","5412","Yield","0112","Maize (corn)","1994","1994","kg/ha","3389.6","A","Official value",""
"QCL","Crops and livestock products","203","Czechia","5510","Production","0112","Maize (corn)","1994","1994","t","91396","A","Official value",""
"QCL","Crops and livestock products","203","Czechia","5312","Area harvested","0112","Maize (corn)","1995","1995","ha","26441","A","Official value",""
"QCL","Crops and livestock products","203","Czechia","5412","Yield","0112","Maize (corn)","1995","1995","kg/ha","4284","A","Official value",""
"QCL","Crops and livestock products","203","Czechia","5510","Production","0112","Maize (corn)","1995","1995","t","113274","A","Official value",""
"QCL","Crops and livestock products","203","Czechia","5312","Area harvested","0112","Maize (corn)","1996","1996","ha","33123","A","Official value",""
"QCL","Crops and livestock products","203","Czechia","5412","Yield","0112","Maize (corn)","1996","1996","kg/ha","5092.7","A","Official value",""
"QCL","Crops and livestock products","203","Czechia","5510","Production","0112","Maize (corn)","1996","1996","t","168684","A","Official value",""
"QCL","Crops and livestock products","203","Czechia","5312","Area harvested","0112","Maize (corn)","1997","1997","ha","41184","A","Official value",""
"QCL","Crops and livestock products","203","Czechia","5412","Yield","0112","Maize (corn)","1997","1997","kg/ha","6925","A","Official value",""
"QCL","Crops and livestock products","203","Czechia","5510","Production","0112","Maize (corn)","1997","1997","t","285199","A","Official value",""
"QCL","Crops and livestock products","203","Czechia","5312","Area harvested","0112","Maize (corn)","1998","1998","ha","32907","A","Official value",""
"QCL","Crops and livestock products","203","Czechia","5412","Yield","0112","Maize (corn)","1998","1998","kg/ha","6094.8","A","Official value",""
"QCL","Crops and livestock products","203","Czechia","5510","Production","0112","Maize (corn)","1998","1998","t","200562","A","Official value",""
"QCL","Crops and livestock products","203","Czechia","5312","Area harvested","0112","Maize (corn)","1999","1999","ha","39447","A","Official value",""
"QCL","Crops and livestock products","203","Czechia","5412","Yield","0112","Maize (corn)","1999","1999","kg/ha","6603.7","A","Official value",""
"QCL","Crops and livestock products","203","Czechia","5510","Production","0112","Maize (corn)","1999","1999","t","260495","A","Official value",""
"QCL","Crops and livestock products","203","Czechia","5312","Area harvested","0112","Maize (corn)","2000","2000","ha","47283","A","Official value",""
"QCL","Crops and livestock products","203","Czechia","5412","Yield","0112","Maize (corn)","2000","2000","kg/ha","6428.5","A","Official value",""
"QCL","Crops and livestock products","203","Czechia","5510","Production","0112","Maize (corn)","2000","2000","t","303957","A","Official value",""
"QCL","Crops and livestock products","203","Czechia","5312","Area harvested","0112","Maize (corn)","2001","2001","ha","61938","A","Official value",""
"QCL","Crops and livestock products","203","Czechia","5412","Yield","0112","Maize (corn)","2001","2001","kg/ha","6597.8","A","Official value",""
"QCL","Crops and livestock products","203","Czechia","5510","Production","0112","Maize (corn)","2001","2001","t","408653","A","Official value",""
"QCL","Crops and livestock products","203","Czechia","5312","Area harvested","0112","Maize (corn)","2002","2002","ha","70570","A","Official value",""
"QCL","Crops and livestock products","203","Czechia","5412","Yield","0112","Maize (corn)","2002","2002","kg/ha","8732.2","A","Official value",""
"QCL","Crops and livestock products","203","Czechia","5510","Production","0112","Maize (corn)","2002","2002","t","616234","A","Official value",""
"QCL","Crops and livestock products","203","Czechia","5312","Area harvested","0112","Maize (corn)","2003","2003","ha","85426","A","Official value",""
"QCL","Crops and livestock products","203","Czechia","5412","Yield","0112","Maize (corn)","2003","2003","kg/ha","5576.4","A","Official value",""
"QCL","Crops and livestock products","203","Czechia","5510","Production","0112","Maize (corn)","2003","2003","t","476371","A","Official value",""
"QCL","Crops and livestock products","203","Czechia","5312","Area harvested","0112","Maize (corn)","2004","2004","ha","89921","A","Official value",""
"QCL","Crops and livestock products","203","Czechia","5412","Yield","0112","Maize (corn)","2004","2004","kg/ha","6134.6","A","Official value",""
"QCL","Crops and livestock products","203","Czechia","5510","Production","0112","Maize (corn)","2004","2004","t","551628","A","Official value",""
"QCL","Crops and livestock products","203","Czechia","5312","Area harvested","0112","Maize (corn)","2005","2005","ha","98044","A","Official value",""
"QCL","Crops and livestock products","203","Czechia","5412","Yield","0112","Maize (corn)","2005","2005","kg/ha","7169.6","A","Official value",""
"QCL","Crops and livestock products","203","Czechia","5510","Production","0112","Maize (corn)","2005","2005","t","702933","A","Official value",""
"QCL","Crops and livestock products","203","Czechia","5312","Area harvested","0112","Maize (corn)","2006","2006","ha","89798","A","Official value",""
"QCL","Crops and livestock products","203","Czechia","5412","Yield","0112","Maize (corn)","2006","2006","kg/ha","6752.6","A","Official value",""
"QCL","Crops and livestock products","203","Czechia","5510","Production","0112","Maize (corn)","2006","2006","t","606366","A","Official value",""
"QCL","Crops and livestock products","203","Czechia","5312","Area harvested","0112","Maize (corn)","2007","2007","ha","111660","A","Official value",""
"QCL","Crops and livestock products","203","Czechia","5412","Yield","0112","Maize (corn)","2007","2007","kg/ha","6795.5","A","Official value",""
"QCL","Crops and livestock products","203","Czechia","5510","Production","0112","Maize (corn)","2007","2007","t","758781","A","Official value",""
"QCL","Crops and livestock products","203","Czechia","5312","Area harvested","0112","Maize (corn)","2008","2008","ha","113777","A","Official value",""
"QCL","Crops and livestock products","203","Czechia","5412","Yield","0112","Maize (corn)","2008","2008","kg/ha","7544.6","A","Official value",""
"QCL","Crops and livestock products","203","Czechia","5510","Production","0112","Maize (corn)","2008","2008","t","858407","A","Official value",""
"QCL","Crops and livestock products","203","Czechia","5312","Area harvested","0112","Maize (corn)","2009","2009","ha","105268","A","Official value",""
"QCL","Crops and livestock products","203","Czechia","5412","Yield","0112","Maize (corn)","2009","2009","kg/ha","8450.6","A","Official value",""
"QCL","Crops and livestock products","203","Czechia","5510","Production","0112","Maize (corn)","2009","2009","t","889574","A","Official value",""
"QCL","Crops and livestock products","203","Czechia","5312","Area harvested","0112","Maize (corn)","2010","2010","ha","103276","A","Official value",""
"QCL","Crops and livestock products","203","Czechia","5412","Yield","0112","Maize (corn)","2010","2010","kg/ha","6706.2","A","Official value",""
"QCL","Crops and livestock products","203","Czechia","5510","Production","0112","Maize (corn)","2010","2010","t","692589","A","Official value",""
"QCL","Crops and livestock products","203","Czechia","5312","Area harvested","0112","Maize (corn)","2011","2011","ha","121006","A","Official value",""
"QCL","Crops and livestock products","203","Czechia","5412","Yield","0112","Maize (corn)","2011","2011","kg/ha","8790.8","A","Official value",""
"QCL","Crops and livestock products","203","Czechia","5510","Production","0112","Maize (corn)","2011","2011","t","1063736","A","Official value",""
"QCL","Crops and livestock products","203","Czechia","5312","Area harvested","0112","Maize (corn)","2012","2012","ha","119333","A","Official value",""
"QCL","Crops and livestock products","203","Czechia","5412","Yield","0112","Maize (corn)","2012","2012","kg/ha","7777.8","A","Official value",""
"QCL","Crops and livestock products","203","Czechia","5510","Production","0112","Maize (corn)","2012","2012","t","928147","A","Official value",""
"QCL","Crops and livestock products","203","Czechia","5312","Area harvested","0112","Maize (corn)","2013","2013","ha","96902","A","Official value",""
"QCL","Crops and livestock products","203","Czechia","5412","Yield","0112","Maize (corn)","2013","2013","kg/ha","6969.7","A","Official value",""
"QCL","Crops and livestock products","203","Czechia","5510","Production","0112","Maize (corn)","2013","2013","t","675380","A","Official value",""
"QCL","Crops and livestock products","203","Czechia","5312","Area harvested","0112","Maize (corn)","2014","2014","ha","98749","A","Official value",""
"QCL","Crops and livestock products","203","Czechia","5412","Yield","0112","Maize (corn)","2014","2014","kg/ha","8427.8","A","Official value",""
"QCL","Crops and livestock products","203","Czechia","5510","Production","0112","Maize (corn)","2014","2014","t","832235","A","Official value",""
"QCL","Crops and livestock products","203","Czechia","5312","Area harvested","0112","Maize (corn)","2015","2015","ha","79972","A","Official value",""
"QCL","Crops and livestock products","203","Czechia","5412","Yield","0112","Maize (corn)","2015","2015","kg/ha","5535.8","A","Official value",""
"QCL","Crops and livestock products","203","Czechia","5510","Production","0112","Maize (corn)","2015","2015","t","442709","A","Official value",""
"QCL","Crops and livestock products","203","Czechia","5312","Area harvested","0112","Maize (corn)","2016","2016","ha","86407","A","Official value",""
"QCL","Crops and livestock products","203","Czechia","5412","Yield","0112","Maize (corn)","2016","2016","kg/ha","9788.2","A","Official value",""
"QCL","Crops and livestock products","203","Czechia","5510","Production","0112","Maize (corn)","2016","2016","t","845765","A","Official value",""
"QCL","Crops and livestock products","203","Czechia","5312","Area harvested","0112","Maize (corn)","2017","2017","ha","85995","A","Official value",""
"QCL","Crops and livestock products","203","Czechia","5412","Yield","0112","Maize (corn)","2017","2017","kg/ha","6838.9","A","Official value",""
"QCL","Crops and livestock products","203","Czechia","5510","Production","0112","Maize (corn)","2017","2017","t","588105.44","A","Official value",""
"QCL","Crops and livestock products","203","Czechia","5312","Area harvested","0112","Maize (corn)","2018","2018","ha","81850","A","Official value",""
"QCL","Crops and livestock products","203","Czechia","5412","Yield","0112","Maize (corn)","2018","2018","kg/ha","5976.2","A","Official value",""
"QCL","Crops and livestock products","203","Czechia","5510","Production","0112","Maize (corn)","2018","2018","t","489150","A","Official value",""
"QCL","Crops and livestock products","203","Czechia","5312","Area harvested","0112","Maize (corn)","2019","2019","ha","74830","A","Official value",""
"QCL","Crops and livestock products","203","Czechia","5412","Yield","0112","Maize (corn)","2019","2019","kg/ha","8288.9","A","Official value",""
"QCL","Crops and livestock products","203","Czechia","5510","Production","0112","Maize (corn)","2019","2019","t","620260","A","Official value",""
"QCL","Crops and livestock products","203","Czechia","5312","Area harvested","0112","Maize (corn)","2020","2020","ha","87230","A","Official value",""
"QCL","Crops and livestock products","203","Czechia","5412","Yield","0112","Maize (corn)","2020","2020","kg/ha","9463.5","A","Official value",""
"QCL","Crops and livestock products","203","Czechia","5510","Production","0112","Maize (corn)","2020","2020","t","825500","A","Official value",""
"QCL","Crops and livestock products","203","Czechia","5312","Area harvested","0112","Maize (corn)","2021","2021","ha","102440","A","Official value",""
"QCL","Crops and livestock products","203","Czechia","5412","Yield","0112","Maize (corn)","2021","2021","kg/ha","9645.1","A","Official value",""
"QCL","Crops and livestock products","203","Czechia","5510","Production","0112","Maize (corn)","2021","2021","t","988040","A","Official value",""
"QCL","Crops and livestock products","203","Czechia","5312","Area harvested","0112","Maize (corn)","2022","2022","ha","80450","A","Official value",""
"QCL","Crops and livestock products","203","Czechia","5412","Yield","0112","Maize (corn)","2022","2022","kg/ha","7948.7","A","Official value",""
"QCL","Crops and livestock products","203","Czechia","5510","Production","0112","Maize (corn)","2022","2022","t","639470","A","Official value",""
"QCL","Crops and livestock products","203","Czechia","5312","Area harvested","0112","Maize (corn)","2023","2023","ha","64370","A","Official value",""
"QCL","Crops and livestock products","203","Czechia","5412","Yield","0112","Maize (corn)","2023","2023","kg/ha","7884.7","A","Official value",""
"QCL","Crops and livestock products","203","Czechia","5510","Production","0112","Maize (corn)","2023","2023","t","507540","A","Official value",""
"QCL","Crops and livestock products","203","Czechia","5312","Area harvested","0112","Maize (corn)","2024","2024","ha","87480","A","Official value",""
"QCL","Crops and livestock products","203","Czechia","5412","Yield","0112","Maize (corn)","2024","2024","kg/ha","8141.7","A","Official value",""
"QCL","Crops and livestock products","203","Czechia","5510","Production","0112","Maize (corn)","2024","2024","t","712240","A","Official value",""
"QCL","Crops and livestock products","203","Czechia","5312","Area harvested","0118","Millet","1993","1993","ha","2000","X","Value from external organization","Unofficial figure"
"QCL","Crops and livestock products","203","Czechia","5412","Yield","0118","Millet","1993","1993","kg/ha","2000","X","Value from external organization",""
"QCL","Crops and livestock products","203","Czechia","5510","Production","0118","Millet","1993","1993","t","4000","X","Value from external organization","Unofficial figure"
"QCL","Crops and livestock products","203","Czechia","5312","Area harvested","0118","Millet","1994","1994","ha","2000","A","Official value",""
"QCL","Crops and livestock products","203","Czechia","5412","Yield","0118","Millet","1994","1994","kg/ha","3000","A","Official value",""
"QCL","Crops and livestock products","203","Czechia","5510","Production","0118","Millet","1994","1994","t","6000","A","Official value",""
"QCL","Crops and livestock products","203","Czechia","5312","Area harvested","0118","Millet","1995","1995","ha","2000","A","Official value",""
"QCL","Crops and livestock products","203","Czechia","5412","Yield","0118","Millet","1995","1995","kg/ha","2500","A","Official value",""
"QCL","Crops and livestock products","203","Czechia","5510","Production","0118","Millet","1995","1995","t","5000","A","Official value",""
"QCL","Crops and livestock products","203","Czechia","5312","Area harvested","0118","Millet","1996","1996","ha","2000","A","Official value",""
"QCL","Crops and livestock products","203","Czechia","5412","Yield","0118","Millet","1996","1996","kg/ha","2500","A","Official value",""
"QCL","Crops and livestock products","203","Czechia","5510","Production","0118","Millet","1996","1996","t","5000","A","Official value",""
"QCL","Crops and livestock products","203","Czechia","5312","Area harvested","0118","Millet","1997","1997","ha","1867","I","Value imputed by a receiving agency",""
"QCL","Crops and livestock products","203","Czechia","5412","Yield","0118","Millet","1997","1997","kg/ha","2160.7","E","Estimated value",""
"QCL","Crops and livestock products","203","Czechia","5510","Production","0118","Millet","1997","1997","t","4034.76","I","Value imputed by a receiving agency",""
"QCL","Crops and livestock products","203","Czechia","5312","Area harvested","0118","Millet","1998","1998","ha","2000","A","Official value",""
"QCL","Crops and livestock products","203","Czechia","5412","Yield","0118","Millet","1998","1998","kg/ha","2000","A","Official value",""
"QCL","Crops and livestock products","203","Czechia","5510","Production","0118","Millet","1998","1998","t","4000","A","Official value",""
"QCL","Crops and livestock products","203","Czechia","5312","Area harvested","0118","Millet","1999","1999","ha","2000","A","Official value",""
"QCL","Crops and livestock products","203","Czechia","5412","Yield","0118","Millet","1999","1999","kg/ha","2000","A","Official value",""
"QCL","Crops and livestock products","203","Czechia","5510","Production","0118","Millet","1999","1999","t","4000","A","Official value",""
"QCL","Crops and livestock products","203","Czechia","5312","Area harvested","0118","Millet","2000","2000","ha","2000","A","Official value",""
"QCL","Crops and livestock products","203","Czechia","5412","Yield","0118","Millet","2000","2000","kg/ha","1200","A","Official value",""
"QCL","Crops and livestock products","203","Czechia","5510","Production","0118","Millet","2000","2000","t","2400","A","Official value",""
"QCL","Crops and livestock products","203","Czechia","5312","Area harvested","0118","Millet","2001","2001","ha","2000","A","Official value",""
"QCL","Crops and livestock products","203","Czechia","5412","Yield","0118","Millet","2001","2001","kg/ha","1200","A","Official value",""
"QCL","Crops and livestock products","203","Czechia","5510","Production","0118","Millet","2001","2001","t","2400","A","Official value",""
"QCL","Crops and livestock products","203","Czechia","5312","Area harvested","0118","Millet","2002","2002","ha","2000","A","Official value",""
"QCL","Crops and livestock products","203","Czechia","5412","Yield","0118","Millet","2002","2002","kg/ha","1000","E","Estimated value",""
"QCL","Crops and livestock products","203","Czechia","5510","Production","0118","Millet","2002","2002","t","2000","E","Estimated value",""
"QCL","Crops and livestock products","203","Czechia","5312","Area harvested","0118","Millet","2003","2003","ha","1500","E","Estimated value",""
"QCL","Crops and livestock products","203","Czechia","5412","Yield","0118","Millet","2003","2003","kg/ha","2000","E","Estimated value",""
"QCL","Crops and livestock products","203","Czechia","5510","Production","0118","Millet","2003","2003","t","3000","E","Estimated value",""
"QCL","Crops and livestock products","203","Czechia","5312","Area harvested","0118","Millet","2004","2004","ha","1392","I","Value imputed by a receiving agency",""
"QCL","Crops and livestock products","203","Czechia","5412","Yield","0118","Millet","2004","2004","kg/ha","1437.1","E","Estimated value",""
"QCL","Crops and livestock products","203","Czechia","5510","Production","0118","Millet","2004","2004","t","2000","E","Estimated value",""
"QCL","Crops and livestock products","203","Czechia","5312","Area harvested","0118","Millet","2005","2005","ha","1332","I","Value imputed by a receiving agency",""
"QCL","Crops and livestock products","203","Czechia","5412","Yield","0118","Millet","2005","2005","kg/ha","1351.9","E","Estimated value",""
"QCL","Crops and livestock products","203","Czechia","5510","Production","0118","Millet","2005","2005","t","1800","E","Estimated value",""
"QCL","Crops and livestock products","203","Czechia","5312","Area harvested","0118","Millet","2006","2006","ha","1332","I","Value imputed by a receiving agency",""
"QCL","Crops and livestock products","203","Czechia","5412","Yield","0118","Millet","2006","2006","kg/ha","1364.2","E","Estimated value",""
"QCL","Crops and livestock products","203","Czechia","5510","Production","0118","Millet","2006","2006","t","1816.64","I","Value imputed by a receiving agency",""
"QCL","Crops and livestock products","203","Czechia","5312","Area harvested","0118","Millet","2007","2007","ha","1352","I","Value imputed by a receiving agency",""
"QCL","Crops and livestock products","203","Czechia","5412","Yield","0118","Millet","2007","2007","kg/ha","1330.6","E","Estimated value",""
"QCL","Crops and livestock products","203","Czechia","5510","Production","0118","Millet","2007","2007","t","1799.63","I","Value imputed by a receiving agency",""
"QCL","Crops and livestock products","203","Czechia","5312","Area harvested","0118","Millet","2008","2008","ha","1209","I","Value imputed by a receiving agency",""
"QCL","Crops and livestock products","203","Czechia","5412","Yield","0118","Millet","2008","2008","kg/ha","1297","E","Estimated value",""
"QCL","Crops and livestock products","203","Czechia","5510","Production","0118","Millet","2008","2008","t","1568.25","I","Value imputed by a receiving agency",""
"QCL","Crops and livestock products","203","Czechia","5312","Area harvested","0118","Millet","2009","2009","ha","1090","I","Value imputed by a receiving agency",""
"QCL","Crops and livestock products","203","Czechia","5412","Yield","0118","Millet","2009","2009","kg/ha","1263.4","E","Estimated value",""
"QCL","Crops and livestock products","203","Czechia","5510","Production","0118","Millet","2009","2009","t","1376.7","I","Value imputed by a receiving agency",""
"QCL","Crops and livestock products","203","Czechia","5312","Area harvested","0118","Millet","2010","2010","ha","1057","I","Value imputed by a receiving agency",""
"QCL","Crops and livestock products","203","Czechia","5412","Yield","0118","Millet","2010","2010","kg/ha","1256.2","E","Estimated value",""
"QCL","Crops and livestock products","203","Czechia","5510","Production","0118","Millet","2010","2010","t","1328.22","I","Value imputed by a receiving agency",""
"QCL","Crops and livestock products","203","Czechia","5312","Area harvested","0118","Millet","2011","2011","ha","1024","I","Value imputed by a receiving agency",""
"QCL","Crops and livestock products","203","Czechia","5412","Yield","0118","Millet","2011","2011","kg/ha","1250.2","E","Estimated value",""
"QCL","Crops and livestock products","203","Czechia","5510","Production","0118","Millet","2011","2011","t","1279.75","I","Value imputed by a receiving agency",""
"QCL","Crops and livestock products","203","Czechia","5312","Area harvested","0118","Millet","2012","2012","ha","990","I","Value imputed by a receiving agency",""
"QCL","Crops and livestock products","203","Czechia","5412","Yield","0118","Millet","2012","2012","kg/ha","1244.2","E","Estimated value",""
"QCL","Crops and livestock products","203","Czechia","5510","Production","0118","Millet","2012","2012","t","1231.27","I","Value imputed by a receiving agency",""
"QCL","Crops and livestock products","203","Czechia","5312","Area harvested","0118","Millet","2013","2013","ha","955","I","Value imputed by a receiving agency",""
"QCL","Crops and livestock products","203","Czechia","5412","Yield","0118","Millet","2013","2013","kg/ha","1238.2","E","Estimated value",""
"QCL","Crops and livestock products","203","Czechia","5510","Production","0118","Millet","2013","2013","t","1182.8","I","Value imputed by a receiving agency",""
"QCL","Crops and livestock products","203","Czechia","5312","Area harvested","0118","Millet","2014","2014","ha","900","I","Value imputed by a receiving agency",""
"QCL","Crops and livestock products","203","Czechia","5412","Yield","0118","Millet","2014","2014","kg/ha","1161.2","E","Estimated value",""
"QCL","Crops and livestock products","203","Czechia","5510","Production","0118","Millet","2014","2014","t","1045.41","I","Value imputed by a receiving agency",""
"QCL","Crops and livestock products","203","Czechia","5312","Area harvested","0118","Millet","2015","2015","ha","829","I","Value imputed by a receiving agency",""
"QCL","Crops and livestock products","203","Czechia","5412","Yield","0118","Millet","2015","2015","kg/ha","1160.4","E","Estimated value",""
"QCL","Crops and livestock products","203","Czechia","5510","Production","0118","Millet","2015","2015","t","961.96","I","Value imputed by a receiving agency",""
"QCL","Crops and livestock products","203","Czechia","5312","Area harvested","0118","Millet","2016","2016","ha","882","I","Value imputed by a receiving agency",""
"QCL","Crops and livestock products","203","Czechia","5412","Yield","0118","Millet","2016","2016","kg/ha","1205.6","E","Estimated value",""
"QCL","Crops and livestock products","203","Czechia","5510","Production","0118","Millet","2016","2016","t","1063.39","E","Estimated value",""
"QCL","Crops and livestock products","203","Czechia","5312","Area harvested","0118","Millet","2017","2017","ha","862","I","Value imputed by a receiving agency",""
"QCL","Crops and livestock products","203","Czechia","5412","Yield","0118","Millet","2017","2017","kg/ha","1187.7","E","Estimated value",""
"QCL","Crops and livestock products","203","Czechia","5510","Production","0118","Millet","2017","2017","t","1023.59","E","Estimated value",""
"QCL","Crops and livestock products","203","Czechia","5312","Area harvested","01199.02","Mixed grain","1993","1993","ha","4000","E","Estimated value",""
"QCL","Crops and livestock products","203","Czechia","5412","Yield","01199.02","Mixed grain","1993","1993","kg/ha","2750","E","Estimated value",""
"QCL","Crops and livestock products","203","Czechia","5510","Production","01199.02","Mixed grain","1993","1993","t","11000","E","Estimated value",""
"QCL","Crops and livestock products","203","Czechia","5312","Area harvested","01199.02","Mixed grain","1994","1994","ha","6204","A","Official value",""
"QCL","Crops and livestock products","203","Czechia","5412","Yield","01199.02","Mixed grain","1994","1994","kg/ha","2701.6","A","Official value",""
"QCL","Crops and livestock products","203","Czechia","5510","Production","01199.02","Mixed grain","1994","1994","t","16761","A","Official value",""
"QCL","Crops and livestock products","203","Czechia","5312","Area harvested","01199.02","Mixed grain","1995","1995","ha","5936","A","Official value",""
"QCL","Crops and livestock products","203","Czechia","5412","Yield","01199.02","Mixed grain","1995","1995","kg/ha","2150.3","A","Official value",""
"QCL","Crops and livestock products","203","Czechia","5510","Production","01199.02","Mixed grain","1995","1995","t","12764","A","Official value",""
"QCL","Crops and livestock products","203","Czechia","5312","Area harvested","01199.02","Mixed grain","1996","1996","ha","7166","A","Official value",""
"QCL","Crops and livestock products","203","Czechia","5412","Yield","01199.02","Mixed grain","1996","1996","kg/ha","2146.2","A","Official value",""
"QCL","Crops and livestock products","203","Czechia","5510","Production","01199.02","Mixed grain","1996","1996","t","15380","A","Official value",""
"QCL","Crops and livestock products","203","Czechia","5312","Area harvested","01199.02","Mixed grain","1997","1997","ha","5121","A","Official value",""
"QCL","Crops and livestock products","203","Czechia","5412","Yield","01199.02","Mixed grain","1997","1997","kg/ha","1867.4","A","Official value",""
"QCL","Crops and livestock products","203","Czechia","5510","Production","01199.02","Mixed grain","1997","1997","t","9563","A","Official value",""
"QCL","Crops and livestock products","203","Czechia","5312","Area harvested","01199.02","Mixed grain","1998","1998","ha","3526","A","Official value",""
"QCL","Crops and livestock products","203","Czechia","5412","Yield","01199.02","Mixed grain","1998","1998","kg/ha","1855.1","A","Official value",""
"QCL","Crops and livestock products","203","Czechia","5510","Production","01199.02","Mixed grain","1998","1998","t","6541","A","Official value",""
"QCL","Crops and livestock products","203","Czechia","5312","Area harvested","01199.02","Mixed grain","1999","1999","ha","4629","A","Official value",""
"QCL","Crops and livestock products","203","Czechia","5412","Yield","01199.02","Mixed grain","1999","1999","kg/ha","2007.8","A","Official value",""
"QCL","Crops and livestock products","203","Czechia","5510","Production","01199.02","Mixed grain","1999","1999","t","9294","A","Official value",""
"QCL","Crops and livestock products","203","Czechia","5312","Area harvested","01199.02","Mixed grain","2000","2000","ha","4661","A","Official value",""
"QCL","Crops and livestock products","203","Czechia","5412","Yield","01199.02","Mixed grain","2000","2000","kg/ha","1807.1","A","Official value",""
"QCL","Crops and livestock products","203","Czechia","5510","Production","01199.02","Mixed grain","2000","2000","t","8423","A","Official value",""
"QCL","Crops and livestock products","203","Czechia","5312","Area harvested","01199.02","Mixed grain","2001","2001","ha","5892","A","Official value",""
"QCL","Crops and livestock products","203","Czechia","5412","Yield","01199.02","Mixed grain","2001","2001","kg/ha","1665.8","A","Official value",""
"QCL","Crops and livestock products","203","Czechia","5510","Production","01199.02","Mixed grain","2001","2001","t","9815","A","Official value",""
"QCL","Crops and livestock products","203","Czechia","5312","Area harvested","01199.02","Mixed grain","2002","2002","ha","5195","A","Official value",""
"QCL","Crops and livestock products","203","Czechia","5412","Yield","01199.02","Mixed grain","2002","2002","kg/ha","1688.4","A","Official value",""
"QCL","Crops and livestock products","203","Czechia","5510","Production","01199.02","Mixed grain","2002","2002","t","8771","A","Official value",""
"QCL","Crops and livestock products","203","Czechia","5312","Area harvested","01199.02","Mixed grain","2003","2003","ha","10700","A","Official value",""
"QCL","Crops and livestock products","203","Czechia","5412","Yield","01199.02","Mixed grain","2003","2003","kg/ha","2308.4","A","Official value",""
"QCL","Crops and livestock products","203","Czechia","5510","Production","01199.02","Mixed grain","2003","2003","t","24700","A","Official value",""
"QCL","Crops and livestock products","203","Czechia","5312","Area harvested","01199.02","Mixed grain","2004","2004","ha","6718","A","Official value",""
"QCL","Crops and livestock products","203","Czechia","5412","Yield","01199.02","Mixed grain","2004","2004","kg/ha","1980.8","A","Official value",""
"QCL","Crops and livestock products","203","Czechia","5510","Production","01199.02","Mixed grain","2004","2004","t","13307","A","Official value",""
"QCL","Crops and livestock products","203","Czechia","5312","Area harvested","01199.02","Mixed grain","2005","2005","ha","8157","A","Official value",""
"QCL","Crops and livestock products","203","Czechia","5412","Yield","01199.02","Mixed grain","2005","2005","kg/ha","1656","A","Official value",""
"QCL","Crops and livestock products","203","Czechia","5510","Production","01199.02","Mixed grain","2005","2005","t","13508","A","Official value",""
"QCL","Crops and livestock products","203","Czechia","5312","Area harvested","01199.02","Mixed grain","2006","2006","ha","11338","A","Official value",""
"QCL","Crops and livestock products","203","Czechia","5412","Yield","01199.02","Mixed grain","2006","2006","kg/ha","1295.4","A","Official value",""
"QCL","Crops and livestock products","203","Czechia","5510","Production","01199.02","Mixed grain","2006","2006","t","14687","A","Official value",""
"QCL","Crops and livestock products","203","Czechia","5312","Area harvested","01199.02","Mixed grain","2007","2007","ha","3393","A","Official value",""
"QCL","Crops and livestock products","203","Czechia","5412","Yield","01199.02","Mixed grain","2007","2007","kg/ha","2033.3","A","Official value",""
"QCL","Crops and livestock products","203","Czechia","5510","Production","01199.02","Mixed grain","2007","2007","t","6899","A","Official value",""
"QCL","Crops and livestock products","203","Czechia","5312","Area harvested","01199.02","Mixed grain","2008","2008","ha","3551","A","Official value",""
"QCL","Crops and livestock products","203","Czechia","5412","Yield","01199.02","Mixed grain","2008","2008","kg/ha","1661.5","A","Official value",""
"QCL","Crops and livestock products","203","Czechia","5510","Production","01199.02","Mixed grain","2008","2008","t","5900","A","Official value",""
"QCL","Crops and livestock products","203","Czechia","5312","Area harvested","01199.02","Mixed grain","2009","2009","ha","2532","A","Official value",""
"QCL","Crops and livestock products","203","Czechia","5412","Yield","01199.02","Mixed grain","2009","2009","kg/ha","1293.4","A","Official value",""
"QCL","Crops and livestock products","203","Czechia","5510","Production","01199.02","Mixed grain","2009","2009","t","3275","A","Official value",""
"QCL","Crops and livestock products","203","Czechia","5312","Area harvested","01199.02","Mixed grain","2010","2010","ha","2573","A","Official value",""
"QCL","Crops and livestock products","203","Czechia","5412","Yield","01199.02","Mixed grain","2010","2010","kg/ha","1418.2","A","Official value",""
"QCL","Crops and livestock products","203","Czechia","5510","Production","01199.02","Mixed grain","2010","2010","t","3649","A","Official value",""
"QCL","Crops and livestock products","203","Czechia","5312","Area harvested","01199.02","Mixed grain","2011","2011","ha","3300","A","Official value",""
"QCL","Crops and livestock products","203","Czechia","5412","Yield","01199.02","Mixed grain","2011","2011","kg/ha","2009.4","A","Official value",""
"QCL","Crops and livestock products","203","Czechia","5510","Production","01199.02","Mixed grain","2011","2011","t","6631","A","Official value",""
"QCL","Crops and livestock products","203","Czechia","5312","Area harvested","01199.02","Mixed grain","2012","2012","ha","4462","A","Official value",""
"QCL","Crops and livestock products","203","Czechia","5412","Yield","01199.02","Mixed grain","2012","2012","kg/ha","2158.9","A","Official value",""
"QCL","Crops and livestock products","203","Czechia","5510","Production","01199.02","Mixed grain","2012","2012","t","9633","A","Official value",""
"QCL","Crops and livestock products","203","Czechia","5312","Area harvested","01199.02","Mixed grain","2013","2013","ha","4440","A","Official value",""
"QCL","Crops and livestock products","203","Czechia","5412","Yield","01199.02","Mixed grain","2013","2013","kg/ha","1183.1","A","Official value",""
"QCL","Crops and livestock products","203","Czechia","5510","Production","01199.02","Mixed grain","2013","2013","t","5253","A","Official value",""
"QCL","Crops and livestock products","203","Czechia","5312","Area harvested","01199.02","Mixed grain","2014","2014","ha","4230","A","Official value",""
"QCL","Crops and livestock products","203","Czechia","5412","Yield","01199.02","Mixed grain","2014","2014","kg/ha","1662.9","A","Official value",""
"QCL","Crops and livestock products","203","Czechia","5510","Production","01199.02","Mixed grain","2014","2014","t","7034","A","Official value",""
"QCL","Crops and livestock products","203","Czechia","5312","Area harvested","01199.02","Mixed grain","2015","2015","ha","2821","A","Official value",""
"QCL","Crops and livestock products","203","Czechia","5412","Yield","01199.02","Mixed grain","2015","2015","kg/ha","1073","A","Official value",""
"QCL","Crops and livestock products","203","Czechia","5510","Production","01199.02","Mixed grain","2015","2015","t","3027","A","Official value",""
"QCL","Crops and livestock products","203","Czechia","5312","Area harvested","01199.02","Mixed grain","2016","2016","ha","3833","A","Official value",""
"QCL","Crops and livestock products","203","Czechia","5412","Yield","01199.02","Mixed grain","2016","2016","kg/ha","3446.6","A","Official value",""
"QCL","Crops and livestock products","203","Czechia","5510","Production","01199.02","Mixed grain","2016","2016","t","13211","A","Official value",""
"QCL","Crops and livestock products","203","Czechia","5312","Area harvested","01199.02","Mixed grain","2017","2017","ha","1680","A","Official value",""
"QCL","Crops and livestock products","203","Czechia","5412","Yield","01199.02","Mixed grain","2017","2017","kg/ha","1052.9","A","Official value",""
"QCL","Crops and livestock products","203","Czechia","5510","Production","01199.02","Mixed grain","2017","2017","t","1768.94","A","Official value",""
"QCL","Crops and livestock products","203","Czechia","5312","Area harvested","01199.02","Mixed grain","2018","2018","ha","1990","A","Official value",""
"QCL","Crops and livestock products","203","Czechia","5412","Yield","01199.02","Mixed grain","2018","2018","kg/ha","2437.2","A","Official value",""
"QCL","Crops and livestock products","203","Czechia","5510","Production","01199.02","Mixed grain","2018","2018","t","4850","A","Official value",""
"QCL","Crops and livestock products","203","Czechia","5312","Area harvested","01199.02","Mixed grain","2019","2019","ha","840","A","Official value",""
"QCL","Crops and livestock products","203","Czechia","5412","Yield","01199.02","Mixed grain","2019","2019","kg/ha","2095.2","A","Official value",""
"QCL","Crops and livestock products","203","Czechia","5510","Production","01199.02","Mixed grain","2019","2019","t","1760","A","Official value",""
"QCL","Crops and livestock products","203","Czechia","5312","Area harvested","01199.02","Mixed grain","2020","2020","ha","1380","A","Official value",""
"QCL","Crops and livestock products","203","Czechia","5412","Yield","01199.02","Mixed grain","2020","2020","kg/ha","2246.4","A","Official value",""
"QCL","Crops and livestock products","203","Czechia","5510","Production","01199.02","Mixed grain","2020","2020","t","3100","A","Official value",""
"QCL","Crops and livestock products","203","Czechia","5312","Area harvested","01199.02","Mixed grain","2021","2021","ha","1300","A","Official value",""
"QCL","Crops and livestock products","203","Czechia","5412","Yield","01199.02","Mixed grain","2021","2021","kg/ha","2869.2","A","Official value",""
"QCL","Crops and livestock products","203","Czechia","5510","Production","01199.02","Mixed grain","2021","2021","t","3730","A","Official value",""
"QCL","Crops and livestock products","203","Czechia","5312","Area harvested","01199.02","Mixed grain","2022","2022","ha","1190","A","Official value",""
"QCL","Crops and livestock products","203","Czechia","5412","Yield","01199.02","Mixed grain","2022","2022","kg/ha","1075.6","A","Official value",""
"QCL","Crops and livestock products","203","Czechia","5510","Production","01199.02","Mixed grain","2022","2022","t","1280","A","Official value",""
"QCL","Crops and livestock products","203","Czechia","5312","Area harvested","01199.02","Mixed grain","2023","2023","ha","50","A","Official value",""
"QCL","Crops and livestock products","203","Czechia","5412","Yield","01199.02","Mixed grain","2023","2023","kg/ha","1800","A","Official value",""
"QCL","Crops and livestock products","203","Czechia","5510","Production","01199.02","Mixed grain","2023","2023","t","90","A","Official value",""
"QCL","Crops and livestock products","203","Czechia","5312","Area harvested","01199.02","Mixed grain","2024","2024","ha","70","A","Official value",""
"QCL","Crops and livestock products","203","Czechia","5412","Yield","01199.02","Mixed grain","2024","2024","kg/ha","2428.6","A","Official value",""
"QCL","Crops and livestock products","203","Czechia","5510","Production","01199.02","Mixed grain","2024","2024","t","170","A","Official value",""
"QCL","Crops and livestock products","203","Czechia","5510","Production","01270","Mushrooms and truffles","1993","1993","t","100","E","Estimated value",""
"QCL","Crops and livestock products","203","Czechia","5510","Production","01270","Mushrooms and truffles","1994","1994","t","300","E","Estimated value",""
"QCL","Crops and livestock products","203","Czechia","5510","Production","01270","Mushrooms and truffles","1995","1995","t","500","E","Estimated value",""
"QCL","Crops and livestock products","203","Czechia","5510","Production","01270","Mushrooms and truffles","1996","1996","t","200","E","Estimated value",""
"QCL","Crops and livestock products","203","Czechia","5510","Production","01270","Mushrooms and truffles","1997","1997","t","300","E","Estimated value",""
"QCL","Crops and livestock products","203","Czechia","5510","Production","01270","Mushrooms and truffles","1998","1998","t","100","E","Estimated value",""
"QCL","Crops and livestock products","203","Czechia","5510","Production","01270","Mushrooms and truffles","1999","1999","t","200","E","Estimated value",""
"QCL","Crops and livestock products","203","Czechia","5510","Production","01270","Mushrooms and truffles","2000","2000","t","1000","E","Estimated value",""
"QCL","Crops and livestock products","203","Czechia","5510","Production","01270","Mushrooms and truffles","2001","2001","t","500","A","Official value",""
"QCL","Crops and livestock products","203","Czechia","5510","Production","01270","Mushrooms and truffles","2002","2002","t","800","A","Official value",""
"QCL","Crops and livestock products","203","Czechia","5510","Production","01270","Mushrooms and truffles","2003","2003","t","800","A","Official value",""
"QCL","Crops and livestock products","203","Czechia","5510","Production","01270","Mushrooms and truffles","2004","2004","t","350","A","Official value",""
"QCL","Crops and livestock products","203","Czechia","5510","Production","01270","Mushrooms and truffles","2005","2005","t","350","A","Official value",""
"QCL","Crops and livestock products","203","Czechia","5510","Production","01270","Mushrooms and truffles","2006","2006","t","350","A","Official value",""
"QCL","Crops and livestock products","203","Czechia","5510","Production","01270","Mushrooms and truffles","2007","2007","t","452.72","I","Value imputed by a receiving agency",""
"QCL","Crops and livestock products","203","Czechia","5510","Production","01270","Mushrooms and truffles","2008","2008","t","400","E","Estimated value",""
"QCL","Crops and livestock products","203","Czechia","5510","Production","01270","Mushrooms and truffles","2009","2009","t","502.34","I","Value imputed by a receiving agency",""
"QCL","Crops and livestock products","203","Czechia","5510","Production","01270","Mushrooms and truffles","2010","2010","t","525.97","I","Value imputed by a receiving agency",""
"QCL","Crops and livestock products","203","Czechia","5510","Production","01270","Mushrooms and truffles","2011","2011","t","512.17","I","Value imputed by a receiving agency",""
"QCL","Crops and livestock products","203","Czechia","5510","Production","01270","Mushrooms and truffles","2012","2012","t","521.96","I","Value imputed by a receiving agency",""
"QCL","Crops and livestock products","203","Czechia","5510","Production","01270","Mushrooms and truffles","2013","2013","t","531.74","I","Value imputed by a receiving agency",""
"QCL","Crops and livestock products","203","Czechia","5510","Production","01270","Mushrooms and truffles","2014","2014","t","541.53","I","Value imputed by a receiving agency",""
"QCL","Crops and livestock products","203","Czechia","5510","Production","01270","Mushrooms and truffles","2015","2015","t","551.32","I","Value imputed by a receiving agency",""
"QCL","Crops and livestock products","203","Czechia","5510","Production","01270","Mushrooms and truffles","2016","2016","t","561.11","I","Value imputed by a receiving agency",""
"QCL","Crops and livestock products","203","Czechia","5510","Production","01270","Mushrooms and truffles","2017","2017","t","540","E","Estimated value",""
"QCL","Crops and livestock products","203","Czechia","5312","Area harvested","01442","Mustard seed","1993","1993","ha","5500","E","Estimated value",""
"QCL","Crops and livestock products","203","Czechia","5412","Yield","01442","Mustard seed","1993","1993","kg/ha","987.5","E","Estimated value",""
"QCL","Crops and livestock products","203","Czechia","5510","Production","01442","Mustard seed","1993","1993","t","5431","A","Official value",""
"QCL","Crops and livestock products","203","Czechia","5312","Area harvested","01442","Mustard seed","1994","1994","ha","6000","E","Estimated value",""
"QCL","Crops and livestock products","203","Czechia","5412","Yield","01442","Mustard seed","1994","1994","kg/ha","916.7","E","Estimated value",""
"QCL","Crops and livestock products","203","Czechia","5510","Production","01442","Mustard seed","1994","1994","t","5500","A","Official value",""
"QCL","Crops and livestock products","203","Czechia","5312","Area harvested","01442","Mustard seed","1995","1995","ha","6398","I","Value imputed by a receiving agency",""
"QCL","Crops and livestock products","203","Czechia","5412","Yield","01442","Mustard seed","1995","1995","kg/ha","937.8","E","Estimated value",""
"QCL","Crops and livestock products","203","Czechia","5510","Production","01442","Mustard seed","1995","1995","t","6000","A","Official value",""
"QCL","Crops and livestock products","203","Czechia","5312","Area harvested","01442","Mustard seed","1996","1996","ha","6998","I","Value imputed by a receiving agency",""
"QCL","Crops and livestock products","203","Czechia","5412","Yield","01442","Mustard seed","1996","1996","kg/ha","943.1","E","Estimated value",""
"QCL","Crops and livestock products","203","Czechia","5510","Production","01442","Mustard seed","1996","1996","t","6600","A","Official value",""
"QCL","Crops and livestock products","203","Czechia","5312","Area harvested","01442","Mustard seed","1997","1997","ha","18000","E","Estimated value",""
"QCL","Crops and livestock products","203","Czechia","5412","Yield","01442","Mustard seed","1997","1997","kg/ha","972.2","E","Estimated value",""
"QCL","Crops and livestock products","203","Czechia","5510","Production","01442","Mustard seed","1997","1997","t","17500","A","Official value",""
"QCL","Crops and livestock products","203","Czechia","5312","Area harvested","01442","Mustard seed","1998","1998","ha","5000","E","Estimated value",""
"QCL","Crops and livestock products","203","Czechia","5412","Yield","01442","Mustard seed","1998","1998","kg/ha","1041","E","Estimated value",""
"QCL","Crops and livestock products","203","Czechia","5510","Production","01442","Mustard seed","1998","1998","t","5205","A","Official value",""
"QCL","Crops and livestock products","203","Czechia","5312","Area harvested","01442","Mustard seed","1999","1999","ha","39423","A","Official value",""
"QCL","Crops and livestock products","203","Czechia","5412","Yield","01442","Mustard seed","1999","1999","kg/ha","1139.7","A","Official value",""
"QCL","Crops and livestock products","203","Czechia","5510","Production","01442","Mustard seed","1999","1999","t","44930","A","Official value",""
"QCL","Crops and livestock products","203","Czechia","5312","Area harvested","01442","Mustard seed","2000","2000","ha","14986","A","Official value",""
"QCL","Crops and livestock products","203","Czechia","5412","Yield","01442","Mustard seed","2000","2000","kg/ha","944.7","A","Official value",""
"QCL","Crops and livestock products","203","Czechia","5510","Production","01442","Mustard seed","2000","2000","t","14158","A","Official value",""
"QCL","Crops and livestock products","203","Czechia","5312","Area harvested","01442","Mustard seed","2001","2001","ha","19720","A","Official value",""
"QCL","Crops and livestock products","203","Czechia","5412","Yield","01442","Mustard seed","2001","2001","kg/ha","953.3","A","Official value",""
"QCL","Crops and livestock products","203","Czechia","5510","Production","01442","Mustard seed","2001","2001","t","18800","A","Official value",""
"QCL","Crops and livestock products","203","Czechia","5312","Area harvested","01442","Mustard seed","2002","2002","ha","35798","A","Official value",""
"QCL","Crops and livestock products","203","Czechia","5412","Yield","01442","Mustard seed","2002","2002","kg/ha","899.9","A","Official value",""
"QCL","Crops and livestock products","203","Czechia","5510","Production","01442","Mustard seed","2002","2002","t","32213","A","Official value",""
"QCL","Crops and livestock products","203","Czechia","5312","Area harvested","01442","Mustard seed","2003","2003","ha","67458","A","Official value",""
"QCL","Crops and livestock products","203","Czechia","5412","Yield","01442","Mustard seed","2003","2003","kg/ha","883.3","A","Official value",""
"QCL","Crops and livestock products","203","Czechia","5510","Production","01442","Mustard seed","2003","2003","t","59589","A","Official value",""
"QCL","Crops and livestock products","203","Czechia","5312","Area harvested","01442","Mustard seed","2004","2004","ha","41289","A","Official value",""
"QCL","Crops and livestock products","203","Czechia","5412","Yield","01442","Mustard seed","2004","2004","kg/ha","1047.1","A","Official value",""
"QCL","Crops and livestock products","203","Czechia","5510","Production","01442","Mustard seed","2004","2004","t","43234","A","Official value",""
"QCL","Crops and livestock products","203","Czechia","5312","Area harvested","01442","Mustard seed","2005","2005","ha","27086","A","Official value",""
"QCL","Crops and livestock products","203","Czechia","5412","Yield","01442","Mustard seed","2005","2005","kg/ha","948.8","A","Official value",""
"QCL","Crops and livestock products","203","Czechia","5510","Production","01442","Mustard seed","2005","2005","t","25700","A","Official value",""
"QCL","Crops and livestock products","203","Czechia","5312","Area harvested","01442","Mustard seed","2006","2006","ha","21166","A","Official value",""
"QCL","Crops and livestock products","203","Czechia","5412","Yield","01442","Mustard seed","2006","2006","kg/ha","758","A","Official value",""
"QCL","Crops and livestock products","203","Czechia","5510","Production","01442","Mustard seed","2006","2006","t","16044","A","Official value",""
"QCL","Crops and livestock products","203","Czechia","5312","Area harvested","01442","Mustard seed","2007","2007","ha","21348","A","Official value",""
"QCL","Crops and livestock products","203","Czechia","5412","Yield","01442","Mustard seed","2007","2007","kg/ha","599.7","A","Official value",""
"QCL","Crops and livestock products","203","Czechia","5510","Production","01442","Mustard seed","2007","2007","t","12802","A","Official value",""
"QCL","Crops and livestock products","203","Czechia","5312","Area harvested","01442","Mustard seed","2008","2008","ha","26246","A","Official value",""
"QCL","Crops and livestock products","203","Czechia","5412","Yield","01442","Mustard seed","2008","2008","kg/ha","887.4","A","Official value",""
"QCL","Crops and livestock products","203","Czechia","5510","Production","01442","Mustard seed","2008","2008","t","23290","A","Official value",""
"QCL","Crops and livestock products","203","Czechia","5312","Area harvested","01442","Mustard seed","2009","2009","ha","41790","A","Official value",""
"QCL","Crops and livestock products","203","Czechia","5412","Yield","01442","Mustard seed","2009","2009","kg/ha","924.9","A","Official value",""
"QCL","Crops and livestock products","203","Czechia","5510","Production","01442","Mustard seed","2009","2009","t","38651","A","Official value",""
"QCL","Crops and livestock products","203","Czechia","5312","Area harvested","01442","Mustard seed","2010","2010","ha","26819","A","Official value",""
"QCL","Crops and livestock products","203","Czechia","5412","Yield","01442","Mustard seed","2010","2010","kg/ha","581.2","A","Official value",""
"QCL","Crops and livestock products","203","Czechia","5510","Production","01442","Mustard seed","2010","2010","t","15586","A","Official value",""
"QCL","Crops and livestock products","203","Czechia","5312","Area harvested","01442","Mustard seed","2011","2011","ha","18122","A","Official value",""
"QCL","Crops and livestock products","203","Czechia","5412","Yield","01442","Mustard seed","2011","2011","kg/ha","928.9","A","Official value",""
"QCL","Crops and livestock products","203","Czechia","5510","Production","01442","Mustard seed","2011","2011","t","16833","A","Official value",""
"QCL","Crops and livestock products","203","Czechia","5312","Area harvested","01442","Mustard seed","2012","2012","ha","16949","A","Official value",""
"QCL","Crops and livestock products","203","Czechia","5412","Yield","01442","Mustard seed","2012","2012","kg/ha","912.5","A","Official value",""
"QCL","Crops and livestock products","203","Czechia","5510","Production","01442","Mustard seed","2012","2012","t","15466","A","Official value",""
"QCL","Crops and livestock products","203","Czechia","5312","Area harvested","01442","Mustard seed","2013","2013","ha","16472","A","Official value",""
"QCL","Crops and livestock products","203","Czechia","5412","Yield","01442","Mustard seed","2013","2013","kg/ha","812.2","A","Official value",""
"QCL","Crops and livestock products","203","Czechia","5510","Production","01442","Mustard seed","2013","2013","t","13378","A","Official value",""
"QCL","Crops and livestock products","203","Czechia","5312","Area harvested","01442","Mustard seed","2014","2014","ha","18452","A","Official value",""
"QCL","Crops and livestock products","203","Czechia","5412","Yield","01442","Mustard seed","2014","2014","kg/ha","1075","A","Official value",""
"QCL","Crops and livestock products","203","Czechia","5510","Production","01442","Mustard seed","2014","2014","t","19835","A","Official value",""
"QCL","Crops and livestock products","203","Czechia","5312","Area harvested","01442","Mustard seed","2015","2015","ha","15874","A","Official value",""
"QCL","Crops and livestock products","203","Czechia","5412","Yield","01442","Mustard seed","2015","2015","kg/ha","1067.2","A","Official value",""
"QCL","Crops and livestock products","203","Czechia","5510","Production","01442","Mustard seed","2015","2015","t","16941","A","Official value",""
"QCL","Crops and livestock products","203","Czechia","5312","Area harvested","01442","Mustard seed","2016","2016","ha","11770","A","Official value",""
"QCL","Crops and livestock products","203","Czechia","5412","Yield","01442","Mustard seed","2016","2016","kg/ha","1052.8","A","Official value",""
"QCL","Crops and livestock products","203","Czechia","5510","Production","01442","Mustard seed","2016","2016","t","12391","A","Official value",""
"QCL","Crops and livestock products","203","Czechia","5312","Area harvested","01442","Mustard seed","2017","2017","ha","11825","A","Official value",""
"QCL","Crops and livestock products","203","Czechia","5412","Yield","01442","Mustard seed","2017","2017","kg/ha","806.9","A","Official value",""
"QCL","Crops and livestock products","203","Czechia","5510","Production","01442","Mustard seed","2017","2017","t","9542.02","A","Official value",""
"QCL","Crops and livestock products","203","Czechia","5312","Area harvested","0117","Oats","1993","1993","ha","69509","A","Official value",""
"QCL","Crops and livestock products","203","Czechia","5412","Yield","0117","Oats","1993","1993","kg/ha","3777.8","A","Official value",""
"QCL","Crops and livestock products","203","Czechia","5510","Production","0117","Oats","1993","1993","t","262594","A","Official value",""
"QCL","Crops and livestock products","203","Czechia","5312","Area harvested","0117","Oats","1994","1994","ha","76306","A","Official value",""
"QCL","Crops and livestock products","203","Czechia","5412","Yield","0117","Oats","1994","1994","kg/ha","2720.1","A","Official value",""
"QCL","Crops and livestock products","203","Czechia","5510","Production","0117","Oats","1994","1994","t","207562","A","Official value",""
"QCL","Crops and livestock products","203","Czechia","5312","Area harvested","0117","Oats","1995","1995","ha","60236","A","Official value",""
"QCL","Crops and livestock products","203","Czechia","5412","Yield","0117","Oats","1995","1995","kg/ha","3099.4","A","Official value",""
"QCL","Crops and livestock products","203","Czechia","5510","Production","0117","Oats","1995","1995","t","186693","A","Official value",""
"QCL","Crops and livestock products","203","Czechia","5312","Area harvested","0117","Oats","1996","1996","ha","65541","A","Official value",""
"QCL","Crops and livestock products","203","Czechia","5412","Yield","0117","Oats","1996","1996","kg/ha","3267.6","A","Official value",""
"QCL","Crops and livestock products","203","Czechia","5510","Production","0117","Oats","1996","1996","t","214163","A","Official value",""
"QCL","Crops and livestock products","203","Czechia","5312","Area harvested","0117","Oats","1997","1997","ha","77570","A","Official value",""
"QCL","Crops and livestock products","203","Czechia","5412","Yield","0117","Oats","1997","1997","kg/ha","3179.5","A","Official value",""
"QCL","Crops and livestock products","203","Czechia","5510","Production","0117","Oats","1997","1997","t","246637","A","Official value",""
"QCL","Crops and livestock products","203","Czechia","5312","Area harvested","0117","Oats","1998","1998","ha","57688","A","Official value",""
"QCL","Crops and livestock products","203","Czechia","5412","Yield","0117","Oats","1998","1998","kg/ha","3114.5","A","Official value",""
"QCL","Crops and livestock products","203","Czechia","5510","Production","0117","Oats","1998","1998","t","179671","A","Official value",""
"QCL","Crops and livestock products","203","Czechia","5312","Area harvested","0117","Oats","1999","1999","ha","53988","A","Official value",""
"QCL","Crops and livestock products","203","Czechia","5412","Yield","0117","Oats","1999","1999","kg/ha","3318","A","Official value",""
"QCL","Crops and livestock products","203","Czechia","5510","Production","0117","Oats","1999","1999","t","179130","A","Official value",""
"QCL","Crops and livestock products","203","Czechia","5312","Area harvested","0117","Oats","2000","2000","ha","50117","A","Official value",""
"QCL","Crops and livestock products","203","Czechia","5412","Yield","0117","Oats","2000","2000","kg/ha","2710.8","A","Official value",""
"QCL","Crops and livestock products","203","Czechia","5510","Production","0117","Oats","2000","2000","t","135858","A","Official value",""
"QCL","Crops and livestock products","203","Czechia","5312","Area harvested","0117","Oats","2001","2001","ha","47802","A","Official value",""
"QCL","Crops and livestock products","203","Czechia","5412","Yield","0117","Oats","2001","2001","kg/ha","2852.7","A","Official value",""
"QCL","Crops and livestock products","203","Czechia","5510","Production","0117","Oats","2001","2001","t","136363","A","Official value",""
"QCL","Crops and livestock products","203","Czechia","5312","Area harvested","0117","Oats","2002","2002","ha","61026","A","Official value",""
"QCL","Crops and livestock products","203","Czechia","5412","Yield","0117","Oats","2002","2002","kg/ha","2748.1","A","Official value",""
"QCL","Crops and livestock products","203","Czechia","5510","Production","0117","Oats","2002","2002","t","167708","A","Official value",""
"QCL","Crops and livestock products","203","Czechia","5312","Area harvested","0117","Oats","2003","2003","ha","77370","A","Official value",""
"QCL","Crops and livestock products","203","Czechia","5412","Yield","0117","Oats","2003","2003","kg/ha","3018.7","A","Official value",""
"QCL","Crops and livestock products","203","Czechia","5510","Production","0117","Oats","2003","2003","t","233560","A","Official value",""
"QCL","Crops and livestock products","203","Czechia","5312","Area harvested","0117","Oats","2004","2004","ha","58572","A","Official value",""
"QCL","Crops and livestock products","203","Czechia","5412","Yield","0117","Oats","2004","2004","kg/ha","3875.9","A","Official value",""
"QCL","Crops and livestock products","203","Czechia","5510","Production","0117","Oats","2004","2004","t","227017","A","Official value",""
"QCL","Crops and livestock products","203","Czechia","5312","Area harvested","0117","Oats","2005","2005","ha","51666","A","Official value",""
"QCL","Crops and livestock products","203","Czechia","5412","Yield","0117","Oats","2005","2005","kg/ha","2923.7","A","Official value",""
"QCL","Crops and livestock products","203","Czechia","5510","Production","0117","Oats","2005","2005","t","151054","A","Official value",""
"QCL","Crops and livestock products","203","Czechia","5312","Area harvested","0117","Oats","2006","2006","ha","57697","A","Official value",""
"QCL","Crops and livestock products","203","Czechia","5412","Yield","0117","Oats","2006","2006","kg/ha","2684.8","A","Official value",""
"QCL","Crops and livestock products","203","Czechia","5510","Production","0117","Oats","2006","2006","t","154906","A","Official value",""
"QCL","Crops and livestock products","203","Czechia","5312","Area harvested","0117","Oats","2007","2007","ha","59016","A","Official value",""
"QCL","Crops and livestock products","203","Czechia","5412","Yield","0117","Oats","2007","2007","kg/ha","2701.1","A","Official value",""
"QCL","Crops and livestock products","203","Czechia","5510","Production","0117","Oats","2007","2007","t","159408","A","Official value",""
"QCL","Crops and livestock products","203","Czechia","5312","Area harvested","0117","Oats","2008","2008","ha","49049","A","Official value",""
"QCL","Crops and livestock products","203","Czechia","5412","Yield","0117","Oats","2008","2008","kg/ha","3177.8","A","Official value",""
"QCL","Crops and livestock products","203","Czechia","5510","Production","0117","Oats","2008","2008","t","155868","A","Official value",""
"QCL","Crops and livestock products","203","Czechia","5312","Area harvested","0117","Oats","2009","2009","ha","50021","A","Official value",""
"QCL","Crops and livestock products","203","Czechia","5412","Yield","0117","Oats","2009","2009","kg/ha","3318.5","A","Official value",""
"QCL","Crops and livestock products","203","Czechia","5510","Production","0117","Oats","2009","2009","t","165993","A","Official value",""
"QCL","Crops and livestock products","203","Czechia","5312","Area harvested","0117","Oats","2010","2010","ha","52278","A","Official value",""
"QCL","Crops and livestock products","203","Czechia","5412","Yield","0117","Oats","2010","2010","kg/ha","2644.4","A","Official value",""
"QCL","Crops and livestock products","203","Czechia","5510","Production","0117","Oats","2010","2010","t","138244","A","Official value",""
"QCL","Crops and livestock products","203","Czechia","5312","Area harvested","0117","Oats","2011","2011","ha","45236","A","Official value",""
"QCL","Crops and livestock products","203","Czechia","5412","Yield","0117","Oats","2011","2011","kg/ha","3632","A","Official value",""
"QCL","Crops and livestock products","203","Czechia","5510","Production","0117","Oats","2011","2011","t","164298","A","Official value",""
"QCL","Crops and livestock products","203","Czechia","5312","Area harvested","0117","Oats","2012","2012","ha","50770","A","Official value",""
"QCL","Crops and livestock products","203","Czechia","5412","Yield","0117","Oats","2012","2012","kg/ha","3387.4","A","Official value",""
"QCL","Crops and livestock products","203","Czechia","5510","Production","0117","Oats","2012","2012","t","171976","A","Official value",""
"QCL","Crops and livestock products","203","Czechia","5312","Area harvested","0117","Oats","2013","2013","ha","43559","A","Official value",""
"QCL","Crops and livestock products","203","Czechia","5412","Yield","0117","Oats","2013","2013","kg/ha","3193.8","A","Official value",""
"QCL","Crops and livestock products","203","Czechia","5510","Production","0117","Oats","2013","2013","t","139120","A","Official value",""
"QCL","Crops and livestock products","203","Czechia","5312","Area harvested","0117","Oats","2014","2014","ha","42289","A","Official value",""
"QCL","Crops and livestock products","203","Czechia","5412","Yield","0117","Oats","2014","2014","kg/ha","3599.8","A","Official value",""
"QCL","Crops and livestock products","203","Czechia","5510","Production","0117","Oats","2014","2014","t","152232","A","Official value",""
"QCL","Crops and livestock products","203","Czechia","5312","Area harvested","0117","Oats","2015","2015","ha","42395","A","Official value",""
"QCL","Crops and livestock products","203","Czechia","5412","Yield","0117","Oats","2015","2015","kg/ha","3646.1","A","Official value",""
"QCL","Crops and livestock products","203","Czechia","5510","Production","0117","Oats","2015","2015","t","154576","A","Official value",""
"QCL","Crops and livestock products","203","Czechia","5312","Area harvested","0117","Oats","2016","2016","ha","37566","A","Official value",""
"QCL","Crops and livestock products","203","Czechia","5412","Yield","0117","Oats","2016","2016","kg/ha","3519.7","A","Official value",""
"QCL","Crops and livestock products","203","Czechia","5510","Production","0117","Oats","2016","2016","t","132220","A","Official value",""
"QCL","Crops and livestock products","203","Czechia","5312","Area harvested","0117","Oats","2017","2017","ha","44065","A","Official value",""
"QCL","Crops and livestock products","203","Czechia","5412","Yield","0117","Oats","2017","2017","kg/ha","3232.5","A","Official value",""
"QCL","Crops and livestock products","203","Czechia","5510","Production","0117","Oats","2017","2017","t","142441.38","A","Official value",""
"QCL","Crops and livestock products","203","Czechia","5312","Area harvested","0117","Oats","2018","2018","ha","42820","A","Official value",""
"QCL","Crops and livestock products","203","Czechia","5412","Yield","0117","Oats","2018","2018","kg/ha","3565.2","A","Official value",""
"QCL","Crops and livestock products","203","Czechia","5510","Production","0117","Oats","2018","2018","t","152660","A","Official value",""
"QCL","Crops and livestock products","203","Czechia","5312","Area harvested","0117","Oats","2019","2019","ha","42530","A","Official value",""
"QCL","Crops and livestock products","203","Czechia","5412","Yield","0117","Oats","2019","2019","kg/ha","3160.4","A","Official value",""
"QCL","Crops and livestock products","203","Czechia","5510","Production","0117","Oats","2019","2019","t","134410","A","Official value",""
"QCL","Crops and livestock products","203","Czechia","5312","Area harvested","0117","Oats","2020","2020","ha","46740","A","Official value",""
"QCL","Crops and livestock products","203","Czechia","5412","Yield","0117","Oats","2020","2020","kg/ha","3923","A","Official value",""
"QCL","Crops and livestock products","203","Czechia","5510","Production","0117","Oats","2020","2020","t","183360","A","Official value",""
"QCL","Crops and livestock products","203","Czechia","5312","Area harvested","0117","Oats","2021","2021","ha","57720","A","Official value",""
"QCL","Crops and livestock products","203","Czechia","5412","Yield","0117","Oats","2021","2021","kg/ha","3374","A","Official value",""
"QCL","Crops and livestock products","203","Czechia","5510","Production","0117","Oats","2021","2021","t","194750","A","Official value",""
"QCL","Crops and livestock products","203","Czechia","5312","Area harvested","0117","Oats","2022","2022","ha","45150","A","Official value",""
"QCL","Crops and livestock products","203","Czechia","5412","Yield","0117","Oats","2022","2022","kg/ha","3720.9","A","Official value",""
"QCL","Crops and livestock products","203","Czechia","5510","Production","0117","Oats","2022","2022","t","168000","A","Official value",""
"QCL","Crops and livestock products","203","Czechia","5312","Area harvested","0117","Oats","2023","2023","ha","43000","A","Official value",""
"QCL","Crops and livestock products","203","Czechia","5412","Yield","0117","Oats","2023","2023","kg/ha","2757.9","A","Official value",""
"QCL","Crops and livestock products","203","Czechia","5510","Production","0117","Oats","2023","2023","t","118590","A","Official value",""
"QCL","Crops and livestock products","203","Czechia","5312","Area harvested","0117","Oats","2024","2024","ha","52620","A","Official value",""
"QCL","Crops and livestock products","203","Czechia","5412","Yield","0117","Oats","2024","2024","kg/ha","3813","A","Official value",""
"QCL","Crops and livestock products","203","Czechia","5510","Production","0117","Oats","2024","2024","t","200640","A","Official value",""
"QCL","Crops and livestock products","203","Czechia","5312","Area harvested","01450","Olives","2018","2018","ha","0","A","Official value",""
"QCL","Crops and livestock products","203","Czechia","5510","Production","01450","Olives","2018","2018","t","0","A","Official value",""
"QCL","Crops and livestock products","203","Czechia","5312","Area harvested","01450","Olives","2019","2019","ha","0","A","Official value",""
"QCL","Crops and livestock products","203","Czechia","5510","Production","01450","Olives","2019","2019","t","0","A","Official value",""
"QCL","Crops and livestock products","203","Czechia","5312","Area harvested","01450","Olives","2020","2020","ha","0","A","Official value",""
"QCL","Crops and livestock products","203","Czechia","5510","Production","01450","Olives","2020","2020","t","0","A","Official value",""
"QCL","Crops and livestock products","203","Czechia","5312","Area harvested","01450","Olives","2021","2021","ha","0","A","Official value",""
"QCL","Crops and livestock products","203","Czechia","5510","Production","01450","Olives","2021","2021","t","0","A","Official value",""
"QCL","Crops and livestock products","203","Czechia","5312","Area harvested","01450","Olives","2022","2022","ha","0","A","Official value",""
"QCL","Crops and livestock products","203","Czechia","5510","Production","01450","Olives","2022","2022","t","0","A","Official value",""
"QCL","Crops and livestock products","203","Czechia","5312","Area harvested","01450","Olives","2023","2023","ha","0","A","Official value",""
"QCL","Crops and livestock products","203","Czechia","5510","Production","01450","Olives","2023","2023","t","0","A","Official value",""
"QCL","Crops and livestock products","203","Czechia","5312","Area harvested","01450","Olives","2024","2024","ha","0","A","Official value",""
"QCL","Crops and livestock products","203","Czechia","5510","Production","01450","Olives","2024","2024","t","0","A","Official value",""
"QCL","Crops and livestock products","203","Czechia","5312","Area harvested","01253.02","Onions and shallots, dry (excluding dehydrated)","1993","1993","ha","5860","A","Official value",""
"QCL","Crops and livestock products","203","Czechia","5412","Yield","01253.02","Onions and shallots, dry (excluding dehydrated)","1993","1993","kg/ha","14992.8","A","Official value",""
"QCL","Crops and livestock products","203","Czechia","5510","Production","01253.02","Onions and shallots, dry (excluding dehydrated)","1993","1993","t","87858","A","Official value",""
"QCL","Crops and livestock products","203","Czechia","5312","Area harvested","01253.02","Onions and shallots, dry (excluding dehydrated)","1994","1994","ha","5698","A","Official value",""
"QCL","Crops and livestock products","203","Czechia","5412","Yield","01253.02","Onions and shallots, dry (excluding dehydrated)","1994","1994","kg/ha","13632","A","Official value",""
"QCL","Crops and livestock products","203","Czechia","5510","Production","01253.02","Onions and shallots, dry (excluding dehydrated)","1994","1994","t","77675","A","Official value",""
"QCL","Crops and livestock products","203","Czechia","5312","Area harvested","01253.02","Onions and shallots, dry (excluding dehydrated)","1995","1995","ha","6045","A","Official value",""
"QCL","Crops and livestock products","203","Czechia","5412","Yield","01253.02","Onions and shallots, dry (excluding dehydrated)","1995","1995","kg/ha","15623.5","A","Official value",""
"QCL","Crops and livestock products","203","Czechia","5510","Production","01253.02","Onions and shallots, dry (excluding dehydrated)","1995","1995","t","94444","A","Official value",""
"QCL","Crops and livestock products","203","Czechia","5312","Area harvested","01253.02","Onions and shallots, dry (excluding dehydrated)","1996","1996","ha","6017","A","Official value",""
"QCL","Crops and livestock products","203","Czechia","5412","Yield","01253.02","Onions and shallots, dry (excluding dehydrated)","1996","1996","kg/ha","16687.6","A","Official value",""
"QCL","Crops and livestock products","203","Czechia","5510","Production","01253.02","Onions and shallots, dry (excluding dehydrated)","1996","1996","t","100409","A","Official value",""
"QCL","Crops and livestock products","203","Czechia","5312","Area harvested","01253.02","Onions and shallots, dry (excluding dehydrated)","1997","1997","ha","5294","A","Official value",""
"QCL","Crops and livestock products","203","Czechia","5412","Yield","01253.02","Onions and shallots, dry (excluding dehydrated)","1997","1997","kg/ha","15694.2","A","Official value",""
"QCL","Crops and livestock products","203","Czechia","5510","Production","01253.02","Onions and shallots, dry (excluding dehydrated)","1997","1997","t","83085","A","Official value",""
"QCL","Crops and livestock products","203","Czechia","5312","Area harvested","01253.02","Onions and shallots, dry (excluding dehydrated)","1998","1998","ha","5699","A","Official value",""
"QCL","Crops and livestock products","203","Czechia","5412","Yield","01253.02","Onions and shallots, dry (excluding dehydrated)","1998","1998","kg/ha","15471.5","A","Official value",""
"QCL","Crops and livestock products","203","Czechia","5510","Production","01253.02","Onions and shallots, dry (excluding dehydrated)","1998","1998","t","88172","A","Official value",""
"QCL","Crops and livestock products","203","Czechia","5312","Area harvested","01253.02","Onions and shallots, dry (excluding dehydrated)","1999","1999","ha","6019","A","Official value",""
"QCL","Crops and livestock products","203","Czechia","5412","Yield","01253.02","Onions and shallots, dry (excluding dehydrated)","1999","1999","kg/ha","16472","A","Official value",""
"QCL","Crops and livestock products","203","Czechia","5510","Production","01253.02","Onions and shallots, dry (excluding dehydrated)","1999","1999","t","99145","A","Official value",""
"QCL","Crops and livestock products","203","Czechia","5312","Area harvested","01253.02","Onions and shallots, dry (excluding dehydrated)","2000","2000","ha","5457","A","Official value",""
"QCL","Crops and livestock products","203","Czechia","5412","Yield","01253.02","Onions and shallots, dry (excluding dehydrated)","2000","2000","kg/ha","14000.7","A","Official value",""
"QCL","Crops and livestock products","203","Czechia","5510","Production","01253.02","Onions and shallots, dry (excluding dehydrated)","2000","2000","t","76402","A","Official value",""
"QCL","Crops and livestock products","203","Czechia","5312","Area harvested","01253.02","Onions and shallots, dry (excluding dehydrated)","2001","2001","ha","4797","A","Official value",""
"QCL","Crops and livestock products","203","Czechia","5412","Yield","01253.02","Onions and shallots, dry (excluding dehydrated)","2001","2001","kg/ha","17528.9","A","Official value",""
"QCL","Crops and livestock products","203","Czechia","5510","Production","01253.02","Onions and shallots, dry (excluding dehydrated)","2001","2001","t","84086","A","Official value",""
"QCL","Crops and livestock products","203","Czechia","5312","Area harvested","01253.02","Onions and shallots, dry (excluding dehydrated)","2002","2002","ha","2467","A","Official value",""
"QCL","Crops and livestock products","203","Czechia","5412","Yield","01253.02","Onions and shallots, dry (excluding dehydrated)","2002","2002","kg/ha","18355.9","A","Official value",""
"QCL","Crops and livestock products","203","Czechia","5510","Production","01253.02","Onions and shallots, dry (excluding dehydrated)","2002","2002","t","45284","A","Official value",""
"QCL","Crops and livestock products","203","Czechia","5312","Area harvested","01253.02","Onions and shallots, dry (excluding dehydrated)","2003","2003","ha","2755","A","Official value",""
"QCL","Crops and livestock products","203","Czechia","5412","Yield","01253.02","Onions and shallots, dry (excluding dehydrated)","2003","2003","kg/ha","12245","A","Official value",""
"QCL","Crops and livestock products","203","Czechia","5510","Production","01253.02","Onions and shallots, dry (excluding dehydrated)","2003","2003","t","33735","A","Official value",""
"QCL","Crops and livestock products","203","Czechia","5312","Area harvested","01253.02","Onions and shallots, dry (excluding dehydrated)","2004","2004","ha","2867","A","Official value",""
"QCL","Crops and livestock products","203","Czechia","5412","Yield","01253.02","Onions and shallots, dry (excluding dehydrated)","2004","2004","kg/ha","22150.3","A","Official value",""
"QCL","Crops and livestock products","203","Czechia","5510","Production","01253.02","Onions and shallots, dry (excluding dehydrated)","2004","2004","t","63505","A","Official value",""
"QCL","Crops and livestock products","203","Czechia","5312","Area harvested","01253.02","Onions and shallots, dry (excluding dehydrated)","2005","2005","ha","1838","A","Official value",""
"QCL","Crops and livestock products","203","Czechia","5412","Yield","01253.02","Onions and shallots, dry (excluding dehydrated)","2005","2005","kg/ha","25891.2","A","Official value",""
"QCL","Crops and livestock products","203","Czechia","5510","Production","01253.02","Onions and shallots, dry (excluding dehydrated)","2005","2005","t","47588","A","Official value",""
"QCL","Crops and livestock products","203","Czechia","5312","Area harvested","01253.02","Onions and shallots, dry (excluding dehydrated)","2006","2006","ha","2235","A","Official value",""
"QCL","Crops and livestock products","203","Czechia","5412","Yield","01253.02","Onions and shallots, dry (excluding dehydrated)","2006","2006","kg/ha","16061.7","A","Official value",""
"QCL","Crops and livestock products","203","Czechia","5510","Production","01253.02","Onions and shallots, dry (excluding dehydrated)","2006","2006","t","35898","A","Official value",""
"QCL","Crops and livestock products","203","Czechia","5312","Area harvested","01253.02","Onions and shallots, dry (excluding dehydrated)","2007","2007","ha","2152","A","Official value",""
"QCL","Crops and livestock products","203","Czechia","5412","Yield","01253.02","Onions and shallots, dry (excluding dehydrated)","2007","2007","kg/ha","13433.1","A","Official value",""
"QCL","Crops and livestock products","203","Czechia","5510","Production","01253.02","Onions and shallots, dry (excluding dehydrated)","2007","2007","t","28908","A","Official value",""
"QCL","Crops and livestock products","203","Czechia","5312","Area harvested","01253.02","Onions and shallots, dry (excluding dehydrated)","2008","2008","ha","2072","A","Official value",""
"QCL","Crops and livestock products","203","Czechia","5412","Yield","01253.02","Onions and shallots, dry (excluding dehydrated)","2008","2008","kg/ha","20031.4","A","Official value",""
"QCL","Crops and livestock products","203","Czechia","5510","Production","01253.02","Onions and shallots, dry (excluding dehydrated)","2008","2008","t","41505","A","Official value",""
"QCL","Crops and livestock products","203","Czechia","5312","Area harvested","01253.02","Onions and shallots, dry (excluding dehydrated)","2009","2009","ha","1732","A","Official value",""
"QCL","Crops and livestock products","203","Czechia","5412","Yield","01253.02","Onions and shallots, dry (excluding dehydrated)","2009","2009","kg/ha","22381.6","A","Official value",""
"QCL","Crops and livestock products","203","Czechia","5510","Production","01253.02","Onions and shallots, dry (excluding dehydrated)","2009","2009","t","38765","A","Official value",""
"QCL","Crops and livestock products","203","Czechia","5312","Area harvested","01253.02","Onions and shallots, dry (excluding dehydrated)","2010","2010","ha","1832","A","Official value",""
"QCL","Crops and livestock products","203","Czechia","5412","Yield","01253.02","Onions and shallots, dry (excluding dehydrated)","2010","2010","kg/ha","18915.4","A","Official value",""
"QCL","Crops and livestock products","203","Czechia","5510","Production","01253.02","Onions and shallots, dry (excluding dehydrated)","2010","2010","t","34653","A","Official value",""
"QCL","Crops and livestock products","203","Czechia","5312","Area harvested","01253.02","Onions and shallots, dry (excluding dehydrated)","2011","2011","ha","1830","A","Official value",""
"QCL","Crops and livestock products","203","Czechia","5412","Yield","01253.02","Onions and shallots, dry (excluding dehydrated)","2011","2011","kg/ha","24935","A","Official value",""
"QCL","Crops and livestock products","203","Czechia","5510","Production","01253.02","Onions and shallots, dry (excluding dehydrated)","2011","2011","t","45631","A","Official value",""
"QCL","Crops and livestock products","203","Czechia","5312","Area harvested","01253.02","Onions and shallots, dry (excluding dehydrated)","2012","2012","ha","1515","A","Official value",""
"QCL","Crops and livestock products","203","Czechia","5412","Yield","01253.02","Onions and shallots, dry (excluding dehydrated)","2012","2012","kg/ha","21196","A","Official value",""
"QCL","Crops and livestock products","203","Czechia","5510","Production","01253.02","Onions and shallots, dry (excluding dehydrated)","2012","2012","t","32112","A","Official value",""
"QCL","Crops and livestock products","203","Czechia","5312","Area harvested","01253.02","Onions and shallots, dry (excluding dehydrated)","2013","2013","ha","1527","A","Official value",""
"QCL","Crops and livestock products","203","Czechia","5412","Yield","01253.02","Onions and shallots, dry (excluding dehydrated)","2013","2013","kg/ha","21495.1","A","Official value",""
"QCL","Crops and livestock products","203","Czechia","5510","Production","01253.02","Onions and shallots, dry (excluding dehydrated)","2013","2013","t","32823","A","Official value",""
"QCL","Crops and livestock products","203","Czechia","5312","Area harvested","01253.02","Onions and shallots, dry (excluding dehydrated)","2014","2014","ha","1730","A","Official value",""
"QCL","Crops and livestock products","203","Czechia","5412","Yield","01253.02","Onions and shallots, dry (excluding dehydrated)","2014","2014","kg/ha","22100.6","A","Official value",""
"QCL","Crops and livestock products","203","Czechia","5510","Production","01253.02","Onions and shallots, dry (excluding dehydrated)","2014","2014","t","38234","A","Official value",""
"QCL","Crops and livestock products","203","Czechia","5312","Area harvested","01253.02","Onions and shallots, dry (excluding dehydrated)","2015","2015","ha","1581","A","Official value",""
"QCL","Crops and livestock products","203","Czechia","5412","Yield","01253.02","Onions and shallots, dry (excluding dehydrated)","2015","2015","kg/ha","17211.9","A","Official value",""
"QCL","Crops and livestock products","203","Czechia","5510","Production","01253.02","Onions and shallots, dry (excluding dehydrated)","2015","2015","t","27212","A","Official value",""
"QCL","Crops and livestock products","203","Czechia","5312","Area harvested","01253.02","Onions and shallots, dry (excluding dehydrated)","2016","2016","ha","1545","A","Official value",""
"QCL","Crops and livestock products","203","Czechia","5412","Yield","01253.02","Onions and shallots, dry (excluding dehydrated)","2016","2016","kg/ha","27196.1","A","Official value",""
"QCL","Crops and livestock products","203","Czechia","5510","Production","01253.02","Onions and shallots, dry (excluding dehydrated)","2016","2016","t","42018","A","Official value",""
"QCL","Crops and livestock products","203","Czechia","5312","Area harvested","01253.02","Onions and shallots, dry (excluding dehydrated)","2017","2017","ha","1704","A","Official value",""
"QCL","Crops and livestock products","203","Czechia","5412","Yield","01253.02","Onions and shallots, dry (excluding dehydrated)","2017","2017","kg/ha","24205.6","A","Official value",""
"QCL","Crops and livestock products","203","Czechia","5510","Production","01253.02","Onions and shallots, dry (excluding dehydrated)","2017","2017","t","41235.92","A","Official value",""
"QCL","Crops and livestock products","203","Czechia","5312","Area harvested","01253.02","Onions and shallots, dry (excluding dehydrated)","2018","2018","ha","1660","A","Official value",""
"QCL","Crops and livestock products","203","Czechia","5412","Yield","01253.02","Onions and shallots, dry (excluding dehydrated)","2018","2018","kg/ha","22108.4","A","Official value",""
"QCL","Crops and livestock products","203","Czechia","5510","Production","01253.02","Onions and shallots, dry (excluding dehydrated)","2018","2018","t","36700","A","Official value",""
"QCL","Crops and livestock products","203","Czechia","5312","Area harvested","01253.02","Onions and shallots, dry (excluding dehydrated)","2019","2019","ha","1760","A","Official value",""
"QCL","Crops and livestock products","203","Czechia","5412","Yield","01253.02","Onions and shallots, dry (excluding dehydrated)","2019","2019","kg/ha","25346.6","A","Official value",""
"QCL","Crops and livestock products","203","Czechia","5510","Production","01253.02","Onions and shallots, dry (excluding dehydrated)","2019","2019","t","44610","A","Official value",""
"QCL","Crops and livestock products","203","Czechia","5312","Area harvested","01253.02","Onions and shallots, dry (excluding dehydrated)","2020","2020","ha","1780","A","Official value",""
"QCL","Crops and livestock products","203","Czechia","5412","Yield","01253.02","Onions and shallots, dry (excluding dehydrated)","2020","2020","kg/ha","29696.6","A","Official value",""
"QCL","Crops and livestock products","203","Czechia","5510","Production","01253.02","Onions and shallots, dry (excluding dehydrated)","2020","2020","t","52860","A","Official value",""
"QCL","Crops and livestock products","203","Czechia","5312","Area harvested","01253.02","Onions and shallots, dry (excluding dehydrated)","2021","2021","ha","1840","A","Official value",""
"QCL","Crops and livestock products","203","Czechia","5412","Yield","01253.02","Onions and shallots, dry (excluding dehydrated)","2021","2021","kg/ha","28282.6","A","Official value",""
"QCL","Crops and livestock products","203","Czechia","5510","Production","01253.02","Onions and shallots, dry (excluding dehydrated)","2021","2021","t","52040","A","Official value",""
"QCL","Crops and livestock products","203","Czechia","5312","Area harvested","01253.02","Onions and shallots, dry (excluding dehydrated)","2022","2022","ha","1680","A","Official value",""
"QCL","Crops and livestock products","203","Czechia","5412","Yield","01253.02","Onions and shallots, dry (excluding dehydrated)","2022","2022","kg/ha","26190.5","A","Official value",""
"QCL","Crops and livestock products","203","Czechia","5510","Production","01253.02","Onions and shallots, dry (excluding dehydrated)","2022","2022","t","44000","A","Official value",""
"QCL","Crops and livestock products","203","Czechia","5312","Area harvested","01253.02","Onions and shallots, dry (excluding dehydrated)","2023","2023","ha","1920","A","Official value",""
"QCL","Crops and livestock products","203","Czechia","5412","Yield","01253.02","Onions and shallots, dry (excluding dehydrated)","2023","2023","kg/ha","30479.2","A","Official value",""
"QCL","Crops and livestock products","203","Czechia","5510","Production","01253.02","Onions and shallots, dry (excluding dehydrated)","2023","2023","t","58520","A","Official value",""
"QCL","Crops and livestock products","203","Czechia","5312","Area harvested","01253.02","Onions and shallots, dry (excluding dehydrated)","2024","2024","ha","2090","A","Official value",""
"QCL","Crops and livestock products","203","Czechia","5412","Yield","01253.02","Onions and shallots, dry (excluding dehydrated)","2024","2024","kg/ha","23325.4","A","Official value",""
"QCL","Crops and livestock products","203","Czechia","5510","Production","01253.02","Onions and shallots, dry (excluding dehydrated)","2024","2024","t","48750","A","Official value",""
"QCL","Crops and livestock products","203","Czechia","5312","Area harvested","01323","Oranges","2018","2018","ha","0","A","Official value",""
"QCL","Crops and livestock products","203","Czechia","5510","Production","01323","Oranges","2018","2018","t","0","A","Official value",""
"QCL","Crops and livestock products","203","Czechia","5312","Area harvested","01323","Oranges","2019","2019","ha","0","A","Official value",""
"QCL","Crops and livestock products","203","Czechia","5510","Production","01323","Oranges","2019","2019","t","0","A","Official value",""
"QCL","Crops and livestock products","203","Czechia","5312","Area harvested","01323","Oranges","2020","2020","ha","0","A","Official value",""
"QCL","Crops and livestock products","203","Czechia","5510","Production","01323","Oranges","2020","2020","t","0","A","Official value",""
"QCL","Crops and livestock products","203","Czechia","5312","Area harvested","01323","Oranges","2021","2021","ha","0","A","Official value",""
"QCL","Crops and livestock products","203","Czechia","5510","Production","01323","Oranges","2021","2021","t","0","A","Official value",""
"QCL","Crops and livestock products","203","Czechia","5312","Area harvested","01323","Oranges","2022","2022","ha","0","A","Official value",""
"QCL","Crops and livestock products","203","Czechia","5510","Production","01323","Oranges","2022","2022","t","0","A","Official value",""
"QCL","Crops and livestock products","203","Czechia","5312","Area harvested","01323","Oranges","2023","2023","ha","0","A","Official value",""
"QCL","Crops and livestock products","203","Czechia","5510","Production","01323","Oranges","2023","2023","t","0","A","Official value",""
"QCL","Crops and livestock products","203","Czechia","5312","Area harvested","01323","Oranges","2024","2024","ha","0","A","Official value",""
"QCL","Crops and livestock products","203","Czechia","5510","Production","01323","Oranges","2024","2024","t","0","A","Official value",""
"QCL","Crops and livestock products","203","Czechia","5312","Area harvested","01241.90","Other beans, green","1993","1993","ha","515","A","Official value",""
"QCL","Crops and livestock products","203","Czechia","5412","Yield","01241.90","Other beans, green","1993","1993","kg/ha","4831.1","A","Official value",""
"QCL","Crops and livestock products","203","Czechia","5510","Production","01241.90","Other beans, green","1993","1993","t","2488","A","Official value",""
"QCL","Crops and livestock products","203","Czechia","5312","Area harvested","01241.90","Other beans, green","1994","1994","ha","500","E","Estimated value",""
"QCL","Crops and livestock products","203","Czechia","5412","Yield","01241.90","Other beans, green","1994","1994","kg/ha","4980","E","Estimated value",""
"QCL","Crops and livestock products","203","Czechia","5510","Production","01241.90","Other beans, green","1994","1994","t","2490","A","Official value",""
"QCL","Crops and livestock products","203","Czechia","5312","Area harvested","01241.90","Other beans, green","1995","1995","ha","472","I","Value imputed by a receiving agency",""
"QCL","Crops and livestock products","203","Czechia","5412","Yield","01241.90","Other beans, green","1995","1995","kg/ha","5292.9","E","Estimated value",""
"QCL","Crops and livestock products","203","Czechia","5510","Production","01241.90","Other beans, green","1995","1995","t","2500","E","Estimated value",""
"QCL","Crops and livestock products","203","Czechia","5312","Area harvested","01241.90","Other beans, green","1996","1996","ha","412","I","Value imputed by a receiving agency",""
"QCL","Crops and livestock products","203","Czechia","5412","Yield","01241.90","Other beans, green","1996","1996","kg/ha","5206.8","E","Estimated value",""
"QCL","Crops and livestock products","203","Czechia","5510","Production","01241.90","Other beans, green","1996","1996","t","2142.8","I","Value imputed by a receiving agency",""
"QCL","Crops and livestock products","203","Czechia","5312","Area harvested","01241.90","Other beans, green","1997","1997","ha","379","I","Value imputed by a receiving agency",""
"QCL","Crops and livestock products","203","Czechia","5412","Yield","01241.90","Other beans, green","1997","1997","kg/ha","5179.7","E","Estimated value",""
"QCL","Crops and livestock products","203","Czechia","5510","Production","01241.90","Other beans, green","1997","1997","t","1962.82","I","Value imputed by a receiving agency",""
"QCL","Crops and livestock products","203","Czechia","5312","Area harvested","01241.90","Other beans, green","1998","1998","ha","410","A","Official value",""
"QCL","Crops and livestock products","203","Czechia","5412","Yield","01241.90","Other beans, green","1998","1998","kg/ha","4390.2","A","Official value",""
"QCL","Crops and livestock products","203","Czechia","5510","Production","01241.90","Other beans, green","1998","1998","t","1800","A","Official value",""
"QCL","Crops and livestock products","203","Czechia","5312","Area harvested","01241.90","Other beans, green","1999","1999","ha","250","A","Official value",""
"QCL","Crops and livestock products","203","Czechia","5412","Yield","01241.90","Other beans, green","1999","1999","kg/ha","5000","A","Official value",""
"QCL","Crops and livestock products","203","Czechia","5510","Production","01241.90","Other beans, green","1999","1999","t","1250","A","Official value",""
"QCL","Crops and livestock products","203","Czechia","5312","Area harvested","01241.90","Other beans, green","2000","2000","ha","200","A","Official value",""
"QCL","Crops and livestock products","203","Czechia","5412","Yield","01241.90","Other beans, green","2000","2000","kg/ha","4250","A","Official value",""
"QCL","Crops and livestock products","203","Czechia","5510","Production","01241.90","Other beans, green","2000","2000","t","850","A","Official value",""
"QCL","Crops and livestock products","203","Czechia","5312","Area harvested","01241.90","Other beans, green","2001","2001","ha","110","A","Official value",""
"QCL","Crops and livestock products","203","Czechia","5412","Yield","01241.90","Other beans, green","2001","2001","kg/ha","15000","A","Official value",""
"QCL","Crops and livestock products","203","Czechia","5510","Production","01241.90","Other beans, green","2001","2001","t","1650","A","Official value",""
"QCL","Crops and livestock products","203","Czechia","5312","Area harvested","01241.90","Other beans, green","2002","2002","ha","174","A","Official value",""
"QCL","Crops and livestock products","203","Czechia","5412","Yield","01241.90","Other beans, green","2002","2002","kg/ha","16000","A","Official value",""
"QCL","Crops and livestock products","203","Czechia","5510","Production","01241.90","Other beans, green","2002","2002","t","2784","A","Official value",""
"QCL","Crops and livestock products","203","Czechia","5312","Area harvested","01241.90","Other beans, green","2003","2003","ha","77","A","Official value",""
"QCL","Crops and livestock products","203","Czechia","5412","Yield","01241.90","Other beans, green","2003","2003","kg/ha","8000","A","Official value",""
"QCL","Crops and livestock products","203","Czechia","5510","Production","01241.90","Other beans, green","2003","2003","t","616","A","Official value",""
"QCL","Crops and livestock products","203","Czechia","5312","Area harvested","01241.90","Other beans, green","2004","2004","ha","58","A","Official value",""
"QCL","Crops and livestock products","203","Czechia","5412","Yield","01241.90","Other beans, green","2004","2004","kg/ha","6034.5","A","Official value",""
"QCL","Crops and livestock products","203","Czechia","5510","Production","01241.90","Other beans, green","2004","2004","t","350","A","Official value",""
"QCL","Crops and livestock products","203","Czechia","5312","Area harvested","01241.90","Other beans, green","2005","2005","ha","36","A","Official value",""
"QCL","Crops and livestock products","203","Czechia","5412","Yield","01241.90","Other beans, green","2005","2005","kg/ha","5000","A","Official value",""
"QCL","Crops and livestock products","203","Czechia","5510","Production","01241.90","Other beans, green","2005","2005","t","180","A","Official value",""
"QCL","Crops and livestock products","203","Czechia","5312","Area harvested","01241.90","Other beans, green","2006","2006","ha","60","A","Official value",""
"QCL","Crops and livestock products","203","Czechia","5412","Yield","01241.90","Other beans, green","2006","2006","kg/ha","6000","A","Official value",""
"QCL","Crops and livestock products","203","Czechia","5510","Production","01241.90","Other beans, green","2006","2006","t","360","A","Official value",""
"QCL","Crops and livestock products","203","Czechia","5312","Area harvested","01241.90","Other beans, green","2007","2007","ha","70","E","Estimated value",""
"QCL","Crops and livestock products","203","Czechia","5412","Yield","01241.90","Other beans, green","2007","2007","kg/ha","5428.6","E","Estimated value",""
"QCL","Crops and livestock products","203","Czechia","5510","Production","01241.90","Other beans, green","2007","2007","t","380","E","Estimated value",""
"QCL","Crops and livestock products","203","Czechia","5312","Area harvested","01241.90","Other beans, green","2008","2008","ha","60","E","Estimated value",""
"QCL","Crops and livestock products","203","Czechia","5412","Yield","01241.90","Other beans, green","2008","2008","kg/ha","5833.3","E","Estimated value",""
"QCL","Crops and livestock products","203","Czechia","5510","Production","01241.90","Other beans, green","2008","2008","t","350","E","Estimated value",""
"QCL","Crops and livestock products","203","Czechia","5312","Area harvested","01241.90","Other beans, green","2009","2009","ha","54","I","Value imputed by a receiving agency",""
"QCL","Crops and livestock products","203","Czechia","5412","Yield","01241.90","Other beans, green","2009","2009","kg/ha","6347.3","E","Estimated value",""
"QCL","Crops and livestock products","203","Czechia","5510","Production","01241.90","Other beans, green","2009","2009","t","345.15","I","Value imputed by a receiving agency",""
"QCL","Crops and livestock products","203","Czechia","5312","Area harvested","01241.90","Other beans, green","2010","2010","ha","55","E","Estimated value",""
"QCL","Crops and livestock products","203","Czechia","5412","Yield","01241.90","Other beans, green","2010","2010","kg/ha","6248.9","E","Estimated value",""
"QCL","Crops and livestock products","203","Czechia","5510","Production","01241.90","Other beans, green","2010","2010","t","343.69","I","Value imputed by a receiving agency",""
"QCL","Crops and livestock products","203","Czechia","5312","Area harvested","01241.90","Other beans, green","2011","2011","ha","42","I","Value imputed by a receiving agency",""
"QCL","Crops and livestock products","203","Czechia","5412","Yield","01241.90","Other beans, green","2011","2011","kg/ha","6252.5","E","Estimated value",""
"QCL","Crops and livestock products","203","Czechia","5510","Production","01241.90","Other beans, green","2011","2011","t","264.16","I","Value imputed by a receiving agency",""
"QCL","Crops and livestock products","203","Czechia","5312","Area harvested","01241.90","Other beans, green","2012","2012","ha","62","E","Estimated value",""
"QCL","Crops and livestock products","203","Czechia","5412","Yield","01241.90","Other beans, green","2012","2012","kg/ha","5645.2","E","Estimated value",""
"QCL","Crops and livestock products","203","Czechia","5510","Production","01241.90","Other beans, green","2012","2012","t","350","E","Estimated value",""
"QCL","Crops and livestock products","203","Czechia","5312","Area harvested","01241.90","Other beans, green","2013","2013","ha","35","I","Value imputed by a receiving agency",""
"QCL","Crops and livestock products","203","Czechia","5412","Yield","01241.90","Other beans, green","2013","2013","kg/ha","6207.2","E","Estimated value",""
"QCL","Crops and livestock products","203","Czechia","5510","Production","01241.90","Other beans, green","2013","2013","t","217.05","I","Value imputed by a receiving agency",""
"QCL","Crops and livestock products","203","Czechia","5312","Area harvested","01241.90","Other beans, green","2014","2014","ha","41","I","Value imputed by a receiving agency",""
"QCL","Crops and livestock products","203","Czechia","5412","Yield","01241.90","Other beans, green","2014","2014","kg/ha","6690.6","E","Estimated value",""
"QCL","Crops and livestock products","203","Czechia","5510","Production","01241.90","Other beans, green","2014","2014","t","277.07","E","Estimated value",""
"QCL","Crops and livestock products","203","Czechia","5312","Area harvested","01241.90","Other beans, green","2015","2015","ha","45","I","Value imputed by a receiving agency",""
"QCL","Crops and livestock products","203","Czechia","5412","Yield","01241.90","Other beans, green","2015","2015","kg/ha","6309.3","E","Estimated value",""
"QCL","Crops and livestock products","203","Czechia","5510","Production","01241.90","Other beans, green","2015","2015","t","281.37","E","Estimated value",""
"QCL","Crops and livestock products","203","Czechia","5312","Area harvested","01241.90","Other beans, green","2016","2016","ha","43","I","Value imputed by a receiving agency",""
"QCL","Crops and livestock products","203","Czechia","5412","Yield","01241.90","Other beans, green","2016","2016","kg/ha","6048.2","E","Estimated value",""
"QCL","Crops and livestock products","203","Czechia","5510","Production","01241.90","Other beans, green","2016","2016","t","258.5","E","Estimated value",""
"QCL","Crops and livestock products","203","Czechia","5312","Area harvested","01241.90","Other beans, green","2017","2017","ha","45","I","Value imputed by a receiving agency",""
"QCL","Crops and livestock products","203","Czechia","5412","Yield","01241.90","Other beans, green","2017","2017","kg/ha","5994.1","E","Estimated value",""
"QCL","Crops and livestock products","203","Czechia","5510","Production","01241.90","Other beans, green","2017","2017","t","272.31","E","Estimated value",""
"QCL","Crops and livestock products","203","Czechia","5312","Area harvested","01355.90","Other berries and fruits of the genus vaccinium n.e.c.","1993","1993","ha","905","E","Estimated value",""
"QCL","Crops and livestock products","203","Czechia","5412","Yield","01355.90","Other berries and fruits of the genus vaccinium n.e.c.","1993","1993","kg/ha","3314.9","E","Estimated value",""
"QCL","Crops and livestock products","203","Czechia","5510","Production","01355.90","Other berries and fruits of the genus vaccinium n.e.c.","1993","1993","t","3000","E","Estimated value",""
"QCL","Crops and livestock products","203","Czechia","5312","Area harvested","01355.90","Other berries and fruits of the genus vaccinium n.e.c.","1994","1994","ha","1100","E","Estimated value",""
"QCL","Crops and livestock products","203","Czechia","5412","Yield","01355.90","Other berries and fruits of the genus vaccinium n.e.c.","1994","1994","kg/ha","4545.5","E","Estimated value",""
"QCL","Crops and livestock products","203","Czechia","5510","Production","01355.90","Other berries and fruits of the genus vaccinium n.e.c.","1994","1994","t","5000","E","Estimated value",""
"QCL","Crops and livestock products","203","Czechia","5312","Area harvested","01355.90","Other berries and fruits of the genus vaccinium n.e.c.","1995","1995","ha","830","E","Estimated value",""
"QCL","Crops and livestock products","203","Czechia","5412","Yield","01355.90","Other berries and fruits of the genus vaccinium n.e.c.","1995","1995","kg/ha","4578.3","E","Estimated value",""
"QCL","Crops and livestock products","203","Czechia","5510","Production","01355.90","Other berries and fruits of the genus vaccinium n.e.c.","1995","1995","t","3800","E","Estimated value",""
"QCL","Crops and livestock products","203","Czechia","5312","Area harvested","01355.90","Other berries and fruits of the genus vaccinium n.e.c.","1996","1996","ha","825","I","Value imputed by a receiving agency",""
"QCL","Crops and livestock products","203","Czechia","5412","Yield","01355.90","Other berries and fruits of the genus vaccinium n.e.c.","1996","1996","kg/ha","4233.8","E","Estimated value",""
"QCL","Crops and livestock products","203","Czechia","5510","Production","01355.90","Other berries and fruits of the genus vaccinium n.e.c.","1996","1996","t","3492.88","I","Value imputed by a receiving agency",""
"QCL","Crops and livestock products","203","Czechia","5312","Area harvested","01355.90","Other berries and fruits of the genus vaccinium n.e.c.","1997","1997","ha","826","I","Value imputed by a receiving agency",""
"QCL","Crops and livestock products","203","Czechia","5412","Yield","01355.90","Other berries and fruits of the genus vaccinium n.e.c.","1997","1997","kg/ha","4038.7","E","Estimated value",""
"QCL","Crops and livestock products","203","Czechia","5510","Production","01355.90","Other berries and fruits of the genus vaccinium n.e.c.","1997","1997","t","3336.4","I","Value imputed by a receiving agency",""
"QCL","Crops and livestock products","203","Czechia","5312","Area harvested","01355.90","Other berries and fruits of the genus vaccinium n.e.c.","1998","1998","ha","814","I","Value imputed by a receiving agency",""
"QCL","Crops and livestock products","203","Czechia","5412","Yield","01355.90","Other berries and fruits of the genus vaccinium n.e.c.","1998","1998","kg/ha","3922.4","E","Estimated value",""
"QCL","Crops and livestock products","203","Czechia","5510","Production","01355.90","Other berries and fruits of the genus vaccinium n.e.c.","1998","1998","t","3193.86","I","Value imputed by a receiving agency",""
"QCL","Crops and livestock products","203","Czechia","5312","Area harvested","01355.90","Other berries and fruits of the genus vaccinium n.e.c.","1999","1999","ha","807","I","Value imputed by a receiving agency",""
"QCL","Crops and livestock products","203","Czechia","5412","Yield","01355.90","Other berries and fruits of the genus vaccinium n.e.c.","1999","1999","kg/ha","3826","E","Estimated value",""
"QCL","Crops and livestock products","203","Czechia","5510","Production","01355.90","Other berries and fruits of the genus vaccinium n.e.c.","1999","1999","t","3089.38","I","Value imputed by a receiving agency",""
"QCL","Crops and livestock products","203","Czechia","5312","Area harvested","01355.90","Other berries and fruits of the genus vaccinium n.e.c.","2000","2000","ha","800","E","Estimated value",""
"QCL","Crops and livestock products","203","Czechia","5412","Yield","01355.90","Other berries and fruits of the genus vaccinium n.e.c.","2000","2000","kg/ha","3750","E","Estimated value",""
"QCL","Crops and livestock products","203","Czechia","5510","Production","01355.90","Other berries and fruits of the genus vaccinium n.e.c.","2000","2000","t","3000","E","Estimated value",""
"QCL","Crops and livestock products","203","Czechia","5312","Area harvested","01355.90","Other berries and fruits of the genus vaccinium n.e.c.","2001","2001","ha","750","E","Estimated value",""
"QCL","Crops and livestock products","203","Czechia","5412","Yield","01355.90","Other berries and fruits of the genus vaccinium n.e.c.","2001","2001","kg/ha","3333.3","E","Estimated value",""
"QCL","Crops and livestock products","203","Czechia","5510","Production","01355.90","Other berries and fruits of the genus vaccinium n.e.c.","2001","2001","t","2500","E","Estimated value",""
"QCL","Crops and livestock products","203","Czechia","5312","Area harvested","01355.90","Other berries and fruits of the genus vaccinium n.e.c.","2002","2002","ha","700","E","Estimated value",""
"QCL","Crops and livestock products","203","Czechia","5412","Yield","01355.90","Other berries and fruits of the genus vaccinium n.e.c.","2002","2002","kg/ha","2857.1","E","Estimated value",""
"QCL","Crops and livestock products","203","Czechia","5510","Production","01355.90","Other berries and fruits of the genus vaccinium n.e.c.","2002","2002","t","2000","E","Estimated value",""
"QCL","Crops and livestock products","203","Czechia","5312","Area harvested","01355.90","Other berries and fruits of the genus vaccinium n.e.c.","2003","2003","ha","800","I","Value imputed by a receiving agency",""
"QCL","Crops and livestock products","203","Czechia","5412","Yield","01355.90","Other berries and fruits of the genus vaccinium n.e.c.","2003","2003","kg/ha","2816.8","E","Estimated value",""
"QCL","Crops and livestock products","203","Czechia","5510","Production","01355.90","Other berries and fruits of the genus vaccinium n.e.c.","2003","2003","t","2254.58","I","Value imputed by a receiving agency",""
"QCL","Crops and livestock products","203","Czechia","5312","Area harvested","01355.90","Other berries and fruits of the genus vaccinium n.e.c.","2004","2004","ha","803","I","Value imputed by a receiving agency",""
"QCL","Crops and livestock products","203","Czechia","5412","Yield","01355.90","Other berries and fruits of the genus vaccinium n.e.c.","2004","2004","kg/ha","2619.7","E","Estimated value",""
"QCL","Crops and livestock products","203","Czechia","5510","Production","01355.90","Other berries and fruits of the genus vaccinium n.e.c.","2004","2004","t","2102.97","I","Value imputed by a receiving agency",""
"QCL","Crops and livestock products","203","Czechia","5312","Area harvested","01355.90","Other berries and fruits of the genus vaccinium n.e.c.","2005","2005","ha","804","I","Value imputed by a receiving agency",""
"QCL","Crops and livestock products","203","Czechia","5412","Yield","01355.90","Other berries and fruits of the genus vaccinium n.e.c.","2005","2005","kg/ha","2431.9","E","Estimated value",""
"QCL","Crops and livestock products","203","Czechia","5510","Production","01355.90","Other berries and fruits of the genus vaccinium n.e.c.","2005","2005","t","1954.46","I","Value imputed by a receiving agency",""
"QCL","Crops and livestock products","203","Czechia","5312","Area harvested","01355.90","Other berries and fruits of the genus vaccinium n.e.c.","2006","2006","ha","795","I","Value imputed by a receiving agency",""
"QCL","Crops and livestock products","203","Czechia","5412","Yield","01355.90","Other berries and fruits of the genus vaccinium n.e.c.","2006","2006","kg/ha","2425.7","E","Estimated value",""
"QCL","Crops and livestock products","203","Czechia","5510","Production","01355.90","Other berries and fruits of the genus vaccinium n.e.c.","2006","2006","t","1928.89","I","Value imputed by a receiving agency",""
"QCL","Crops and livestock products","203","Czechia","5312","Area harvested","01355.90","Other berries and fruits of the genus vaccinium n.e.c.","2007","2007","ha","783","I","Value imputed by a receiving agency",""
"QCL","Crops and livestock products","203","Czechia","5412","Yield","01355.90","Other berries and fruits of the genus vaccinium n.e.c.","2007","2007","kg/ha","2315.5","E","Estimated value",""
"QCL","Crops and livestock products","203","Czechia","5510","Production","01355.90","Other berries and fruits of the genus vaccinium n.e.c.","2007","2007","t","1813.24","I","Value imputed by a receiving agency",""
"QCL","Crops and livestock products","203","Czechia","5312","Area harvested","01355.90","Other berries and fruits of the genus vaccinium n.e.c.","2008","2008","ha","766","I","Value imputed by a receiving agency",""
"QCL","Crops and livestock products","203","Czechia","5412","Yield","01355.90","Other berries and fruits of the genus vaccinium n.e.c.","2008","2008","kg/ha","2223","E","Estimated value",""
"QCL","Crops and livestock products","203","Czechia","5510","Production","01355.90","Other berries and fruits of the genus vaccinium n.e.c.","2008","2008","t","1701.76","I","Value imputed by a receiving agency",""
"QCL","Crops and livestock products","203","Czechia","5312","Area harvested","01355.90","Other berries and fruits of the genus vaccinium n.e.c.","2009","2009","ha","741","I","Value imputed by a receiving agency",""
"QCL","Crops and livestock products","203","Czechia","5412","Yield","01355.90","Other berries and fruits of the genus vaccinium n.e.c.","2009","2009","kg/ha","2156.7","E","Estimated value",""
"QCL","Crops and livestock products","203","Czechia","5510","Production","01355.90","Other berries and fruits of the genus vaccinium n.e.c.","2009","2009","t","1598.42","I","Value imputed by a receiving agency",""
"QCL","Crops and livestock products","203","Czechia","5312","Area harvested","01355.90","Other berries and fruits of the genus vaccinium n.e.c.","2010","2010","ha","650","E","Estimated value",""
"QCL","Crops and livestock products","203","Czechia","5412","Yield","01355.90","Other berries and fruits of the genus vaccinium n.e.c.","2010","2010","kg/ha","1846.2","E","Estimated value",""
"QCL","Crops and livestock products","203","Czechia","5510","Production","01355.90","Other berries and fruits of the genus vaccinium n.e.c.","2010","2010","t","1200","E","Estimated value",""
"QCL","Crops and livestock products","203","Czechia","5312","Area harvested","01355.90","Other berries and fruits of the genus vaccinium n.e.c.","2011","2011","ha","656","I","Value imputed by a receiving agency",""
"QCL","Crops and livestock products","203","Czechia","5412","Yield","01355.90","Other berries and fruits of the genus vaccinium n.e.c.","2011","2011","kg/ha","2124.1","E","Estimated value",""
"QCL","Crops and livestock products","203","Czechia","5510","Production","01355.90","Other berries and fruits of the genus vaccinium n.e.c.","2011","2011","t","1393.41","I","Value imputed by a receiving agency",""
"QCL","Crops and livestock products","203","Czechia","5312","Area harvested","01355.90","Other berries and fruits of the genus vaccinium n.e.c.","2012","2012","ha","670","E","Estimated value",""
"QCL","Crops and livestock products","203","Czechia","5412","Yield","01355.90","Other berries and fruits of the genus vaccinium n.e.c.","2012","2012","kg/ha","2238.8","E","Estimated value",""
"QCL","Crops and livestock products","203","Czechia","5510","Production","01355.90","Other berries and fruits of the genus vaccinium n.e.c.","2012","2012","t","1500","E","Estimated value",""
"QCL","Crops and livestock products","203","Czechia","5312","Area harvested","01355.90","Other berries and fruits of the genus vaccinium n.e.c.","2013","2013","ha","570","I","Value imputed by a receiving agency",""
"QCL","Crops and livestock products","203","Czechia","5412","Yield","01355.90","Other berries and fruits of the genus vaccinium n.e.c.","2013","2013","kg/ha","2159.9","E","Estimated value",""
"QCL","Crops and livestock products","203","Czechia","5510","Production","01355.90","Other berries and fruits of the genus vaccinium n.e.c.","2013","2013","t","1231.06","I","Value imputed by a receiving agency",""
"QCL","Crops and livestock products","203","Czechia","5312","Area harvested","01355.90","Other berries and fruits of the genus vaccinium n.e.c.","2014","2014","ha","542","I","Value imputed by a receiving agency",""
"QCL","Crops and livestock products","203","Czechia","5412","Yield","01355.90","Other berries and fruits of the genus vaccinium n.e.c.","2014","2014","kg/ha","1991.9","E","Estimated value",""
"QCL","Crops and livestock products","203","Czechia","5510","Production","01355.90","Other berries and fruits of the genus vaccinium n.e.c.","2014","2014","t","1078.95","I","Value imputed by a receiving agency",""
"QCL","Crops and livestock products","203","Czechia","5312","Area harvested","01355.90","Other berries and fruits of the genus vaccinium n.e.c.","2015","2015","ha","532","I","Value imputed by a receiving agency",""
"QCL","Crops and livestock products","203","Czechia","5412","Yield","01355.90","Other berries and fruits of the genus vaccinium n.e.c.","2015","2015","kg/ha","1897.2","E","Estimated value",""
"QCL","Crops and livestock products","203","Czechia","5510","Production","01355.90","Other berries and fruits of the genus vaccinium n.e.c.","2015","2015","t","1008.4","I","Value imputed by a receiving agency",""
"QCL","Crops and livestock products","203","Czechia","5312","Area harvested","01355.90","Other berries and fruits of the genus vaccinium n.e.c.","2016","2016","ha","586","I","Value imputed by a receiving agency",""
"QCL","Crops and livestock products","203","Czechia","5412","Yield","01355.90","Other berries and fruits of the genus vaccinium n.e.c.","2016","2016","kg/ha","1886.3","E","Estimated value",""
"QCL","Crops and livestock products","203","Czechia","5510","Production","01355.90","Other berries and fruits of the genus vaccinium n.e.c.","2016","2016","t","1106.13","E","Estimated value",""
"QCL","Crops and livestock products","203","Czechia","5312","Area harvested","01355.90","Other berries and fruits of the genus vaccinium n.e.c.","2017","2017","ha","580","I","Value imputed by a receiving agency",""
"QCL","Crops and livestock products","203","Czechia","5412","Yield","01355.90","Other berries and fruits of the genus vaccinium n.e.c.","2017","2017","kg/ha","1836.7","E","Estimated value",""
"QCL","Crops and livestock products","203","Czechia","5510","Production","01355.90","Other berries and fruits of the genus vaccinium n.e.c.","2017","2017","t","1064.49","E","Estimated value",""
"QCL","Crops and livestock products","203","Czechia","5312","Area harvested","01355.90","Other berries and fruits of the genus vaccinium n.e.c.","2018","2018","ha","10","A","Official value",""
"QCL","Crops and livestock products","203","Czechia","5412","Yield","01355.90","Other berries and fruits of the genus vaccinium n.e.c.","2018","2018","kg/ha","2000","A","Official value",""
"QCL","Crops and livestock products","203","Czechia","5510","Production","01355.90","Other berries and fruits of the genus vaccinium n.e.c.","2018","2018","t","20","A","Official value",""
"QCL","Crops and livestock products","203","Czechia","5312","Area harvested","01355.90","Other berries and fruits of the genus vaccinium n.e.c.","2019","2019","ha","10","A","Official value",""
"QCL","Crops and livestock products","203","Czechia","5412","Yield","01355.90","Other berries and fruits of the genus vaccinium n.e.c.","2019","2019","kg/ha","1000","A","Official value",""
"QCL","Crops and livestock products","203","Czechia","5510","Production","01355.90","Other berries and fruits of the genus vaccinium n.e.c.","2019","2019","t","10","A","Official value",""
"QCL","Crops and livestock products","203","Czechia","5312","Area harvested","01355.90","Other berries and fruits of the genus vaccinium n.e.c.","2020","2020","ha","0","A","Official value",""
"QCL","Crops and livestock products","203","Czechia","5510","Production","01355.90","Other berries and fruits of the genus vaccinium n.e.c.","2020","2020","t","0","A","Official value",""
"QCL","Crops and livestock products","203","Czechia","5312","Area harvested","01355.90","Other berries and fruits of the genus vaccinium n.e.c.","2021","2021","ha","10","A","Official value",""
"QCL","Crops and livestock products","203","Czechia","5412","Yield","01355.90","Other berries and fruits of the genus vaccinium n.e.c.","2021","2021","kg/ha","1000","A","Official value",""
"QCL","Crops and livestock products","203","Czechia","5510","Production","01355.90","Other berries and fruits of the genus vaccinium n.e.c.","2021","2021","t","10","A","Official value",""
"QCL","Crops and livestock products","203","Czechia","5312","Area harvested","01355.90","Other berries and fruits of the genus vaccinium n.e.c.","2022","2022","ha","10","A","Official value",""
"QCL","Crops and livestock products","203","Czechia","5412","Yield","01355.90","Other berries and fruits of the genus vaccinium n.e.c.","2022","2022","kg/ha","0","A","Official value",""
"QCL","Crops and livestock products","203","Czechia","5510","Production","01355.90","Other berries and fruits of the genus vaccinium n.e.c.","2022","2022","t","0","A","Official value",""
"QCL","Crops and livestock products","203","Czechia","5312","Area harvested","01355.90","Other berries and fruits of the genus vaccinium n.e.c.","2023","2023","ha","130","A","Official value",""
"QCL","Crops and livestock products","203","Czechia","5412","Yield","01355.90","Other berries and fruits of the genus vaccinium n.e.c.","2023","2023","kg/ha","538.5","A","Official value",""
"QCL","Crops and livestock products","203","Czechia","5510","Production","01355.90","Other berries and fruits of the genus vaccinium n.e.c.","2023","2023","t","70","A","Official value",""
"QCL","Crops and livestock products","203","Czechia","5312","Area harvested","01355.90","Other berries and fruits of the genus vaccinium n.e.c.","2024","2024","ha","130","A","Official value",""
"QCL","Crops and livestock products","203","Czechia","5412","Yield","01355.90","Other berries and fruits of the genus vaccinium n.e.c.","2024","2024","kg/ha","692.3","A","Official value",""
"QCL","Crops and livestock products","203","Czechia","5510","Production","01355.90","Other berries and fruits of the genus vaccinium n.e.c.","2024","2024","t","90","A","Official value",""
"QCL","Crops and livestock products","203","Czechia","5312","Area harvested","01329","Other citrus fruit, n.e.c.","2018","2018","ha","0","A","Official value",""
"QCL","Crops and livestock products","203","Czechia","5510","Production","01329","Other citrus fruit, n.e.c.","2018","2018","t","0","A","Official value",""
"QCL","Crops and livestock products","203","Czechia","5312","Area harvested","01329","Other citrus fruit, n.e.c.","2019","2019","ha","0","A","Official value",""
"QCL","Crops and livestock products","203","Czechia","5510","Production","01329","Other citrus fruit, n.e.c.","2019","2019","t","0","A","Official value",""
"QCL","Crops and livestock products","203","Czechia","5312","Area harvested","01329","Other citrus fruit, n.e.c.","2020","2020","ha","0","A","Official value",""
"QCL","Crops and livestock products","203","Czechia","5510","Production","01329","Other citrus fruit, n.e.c.","2020","2020","t","0","A","Official value",""
"QCL","Crops and livestock products","203","Czechia","5312","Area harvested","01329","Other citrus fruit, n.e.c.","2021","2021","ha","0","A","Official value",""
"QCL","Crops and livestock products","203","Czechia","5510","Production","01329","Other citrus fruit, n.e.c.","2021","2021","t","0","A","Official value",""
"QCL","Crops and livestock products","203","Czechia","5312","Area harvested","01329","Other citrus fruit, n.e.c.","2022","2022","ha","0","A","Official value",""
"QCL","Crops and livestock products","203","Czechia","5510","Production","01329","Other citrus fruit, n.e.c.","2022","2022","t","0","A","Official value",""
"QCL","Crops and livestock products","203","Czechia","5312","Area harvested","01329","Other citrus fruit, n.e.c.","2023","2023","ha","0","A","Official value",""
"QCL","Crops and livestock products","203","Czechia","5510","Production","01329","Other citrus fruit, n.e.c.","2023","2023","t","0","A","Official value",""
"QCL","Crops and livestock products","203","Czechia","5312","Area harvested","01329","Other citrus fruit, n.e.c.","2024","2024","ha","0","A","Official value",""
"QCL","Crops and livestock products","203","Czechia","5510","Production","01329","Other citrus fruit, n.e.c.","2024","2024","t","0","A","Official value",""
"QCL","Crops and livestock products","203","Czechia","5312","Area harvested","01359.90","Other fruits, n.e.c.","1993","1993","ha","3685","I","Value imputed by a receiving agency",""
"QCL","Crops and livestock products","203","Czechia","5412","Yield","01359.90","Other fruits, n.e.c.","1993","1993","kg/ha","7570.8","E","Estimated value",""
"QCL","Crops and livestock products","203","Czechia","5510","Production","01359.90","Other fruits, n.e.c.","1993","1993","t","27899.1","I","Value imputed by a receiving agency",""
"QCL","Crops and livestock products","203","Czechia","5312","Area harvested","01359.90","Other fruits, n.e.c.","1994","1994","ha","3482","I","Value imputed by a receiving agency",""
"QCL","Crops and livestock products","203","Czechia","5412","Yield","01359.90","Other fruits, n.e.c.","1994","1994","kg/ha","7466","E","Estimated value",""
"QCL","Crops and livestock products","203","Czechia","5510","Production","01359.90","Other fruits, n.e.c.","1994","1994","t","26000","E","Estimated value",""
"QCL","Crops and livestock products","203","Czechia","5312","Area harvested","01359.90","Other fruits, n.e.c.","1995","1995","ha","3133","I","Value imputed by a receiving agency",""
"QCL","Crops and livestock products","203","Czechia","5412","Yield","01359.90","Other fruits, n.e.c.","1995","1995","kg/ha","7341.5","E","Estimated value",""
"QCL","Crops and livestock products","203","Czechia","5510","Production","01359.90","Other fruits, n.e.c.","1995","1995","t","23000","E","Estimated value",""
"QCL","Crops and livestock products","203","Czechia","5312","Area harvested","01359.90","Other fruits, n.e.c.","1996","1996","ha","3326","I","Value imputed by a receiving agency",""
"QCL","Crops and livestock products","203","Czechia","5412","Yield","01359.90","Other fruits, n.e.c.","1996","1996","kg/ha","7194.6","E","Estimated value",""
"QCL","Crops and livestock products","203","Czechia","5510","Production","01359.90","Other fruits, n.e.c.","1996","1996","t","23929","I","Value imputed by a receiving agency",""
"QCL","Crops and livestock products","203","Czechia","5312","Area harvested","01359.90","Other fruits, n.e.c.","1997","1997","ha","3366","I","Value imputed by a receiving agency",""
"QCL","Crops and livestock products","203","Czechia","5412","Yield","01359.90","Other fruits, n.e.c.","1997","1997","kg/ha","6991.3","E","Estimated value",""
"QCL","Crops and livestock products","203","Czechia","5510","Production","01359.90","Other fruits, n.e.c.","1997","1997","t","23531.1","I","Value imputed by a receiving agency",""
"QCL","Crops and livestock products","203","Czechia","5312","Area harvested","01359.90","Other fruits, n.e.c.","1998","1998","ha","3552","I","Value imputed by a receiving agency",""
"QCL","Crops and livestock products","203","Czechia","5412","Yield","01359.90","Other fruits, n.e.c.","1998","1998","kg/ha","6826.9","E","Estimated value",""
"QCL","Crops and livestock products","203","Czechia","5510","Production","01359.90","Other fruits, n.e.c.","1998","1998","t","24252.16","I","Value imputed by a receiving agency",""
"QCL","Crops and livestock products","203","Czechia","5312","Area harvested","01359.90","Other fruits, n.e.c.","1999","1999","ha","3643","I","Value imputed by a receiving agency",""
"QCL","Crops and livestock products","203","Czechia","5412","Yield","01359.90","Other fruits, n.e.c.","1999","1999","kg/ha","6662.1","E","Estimated value",""
"QCL","Crops and livestock products","203","Czechia","5510","Production","01359.90","Other fruits, n.e.c.","1999","1999","t","24269.25","I","Value imputed by a receiving agency",""
"QCL","Crops and livestock products","203","Czechia","5312","Area harvested","01359.90","Other fruits, n.e.c.","2000","2000","ha","3729","I","Value imputed by a receiving agency",""
"QCL","Crops and livestock products","203","Czechia","5412","Yield","01359.90","Other fruits, n.e.c.","2000","2000","kg/ha","6501.3","E","Estimated value",""
"QCL","Crops and livestock products","203","Czechia","5510","Production","01359.90","Other fruits, n.e.c.","2000","2000","t","24245.93","I","Value imputed by a receiving agency",""
"QCL","Crops and livestock products","203","Czechia","5312","Area harvested","01359.90","Other fruits, n.e.c.","2001","2001","ha","3815","I","Value imputed by a receiving agency",""
"QCL","Crops and livestock products","203","Czechia","5412","Yield","01359.90","Other fruits, n.e.c.","2001","2001","kg/ha","6348.7","E","Estimated value",""
"QCL","Crops and livestock products","203","Czechia","5510","Production","01359.90","Other fruits, n.e.c.","2001","2001","t","24219.85","I","Value imputed by a receiving agency",""
"QCL","Crops and livestock products","203","Czechia","5312","Area harvested","01359.90","Other fruits, n.e.c.","2002","2002","ha","3895","I","Value imputed by a receiving agency",""
"QCL","Crops and livestock products","203","Czechia","5412","Yield","01359.90","Other fruits, n.e.c.","2002","2002","kg/ha","6206.6","E","Estimated value",""
"QCL","Crops and livestock products","203","Czechia","5510","Production","01359.90","Other fruits, n.e.c.","2002","2002","t","24175.64","I","Value imputed by a receiving agency",""
"QCL","Crops and livestock products","203","Czechia","5312","Area harvested","01359.90","Other fruits, n.e.c.","2003","2003","ha","4000","E","Estimated value",""
"QCL","Crops and livestock products","203","Czechia","5412","Yield","01359.90","Other fruits, n.e.c.","2003","2003","kg/ha","6000","E","Estimated value",""
"QCL","Crops and livestock products","203","Czechia","5510","Production","01359.90","Other fruits, n.e.c.","2003","2003","t","24000","E","Estimated value",""
"QCL","Crops and livestock products","203","Czechia","5312","Area harvested","01359.90","Other fruits, n.e.c.","2004","2004","ha","3927","I","Value imputed by a receiving agency",""
"QCL","Crops and livestock products","203","Czechia","5412","Yield","01359.90","Other fruits, n.e.c.","2004","2004","kg/ha","6005.4","E","Estimated value",""
"QCL","Crops and livestock products","203","Czechia","5510","Production","01359.90","Other fruits, n.e.c.","2004","2004","t","23583.4","I","Value imputed by a receiving agency",""
"QCL","Crops and livestock products","203","Czechia","5312","Area harvested","01359.90","Other fruits, n.e.c.","2005","2005","ha","3857","I","Value imputed by a receiving agency",""
"QCL","Crops and livestock products","203","Czechia","5412","Yield","01359.90","Other fruits, n.e.c.","2005","2005","kg/ha","5949.9","E","Estimated value",""
"QCL","Crops and livestock products","203","Czechia","5510","Production","01359.90","Other fruits, n.e.c.","2005","2005","t","22947.01","I","Value imputed by a receiving agency",""
"QCL","Crops and livestock products","203","Czechia","5312","Area harvested","01359.90","Other fruits, n.e.c.","2006","2006","ha","3770","I","Value imputed by a receiving agency",""
"QCL","Crops and livestock products","203","Czechia","5412","Yield","01359.90","Other fruits, n.e.c.","2006","2006","kg/ha","5917.1","E","Estimated value",""
"QCL","Crops and livestock products","203","Czechia","5510","Production","01359.90","Other fruits, n.e.c.","2006","2006","t","22309.19","I","Value imputed by a receiving agency",""
"QCL","Crops and livestock products","203","Czechia","5312","Area harvested","01359.90","Other fruits, n.e.c.","2007","2007","ha","3668","I","Value imputed by a receiving agency",""
"QCL","Crops and livestock products","203","Czechia","5412","Yield","01359.90","Other fruits, n.e.c.","2007","2007","kg/ha","5907.5","E","Estimated value",""
"QCL","Crops and livestock products","203","Czechia","5510","Production","01359.90","Other fruits, n.e.c.","2007","2007","t","21668.39","I","Value imputed by a receiving agency",""
"QCL","Crops and livestock products","203","Czechia","5312","Area harvested","01359.90","Other fruits, n.e.c.","2008","2008","ha","3362","I","Value imputed by a receiving agency",""
"QCL","Crops and livestock products","203","Czechia","5412","Yield","01359.90","Other fruits, n.e.c.","2008","2008","kg/ha","5921.5","E","Estimated value",""
"QCL","Crops and livestock products","203","Czechia","5510","Production","01359.90","Other fruits, n.e.c.","2008","2008","t","19905.48","I","Value imputed by a receiving agency",""
"QCL","Crops and livestock products","203","Czechia","5312","Area harvested","01359.90","Other fruits, n.e.c.","2009","2009","ha","3337","I","Value imputed by a receiving agency",""
"QCL","Crops and livestock products","203","Czechia","5412","Yield","01359.90","Other fruits, n.e.c.","2009","2009","kg/ha","5959.7","E","Estimated value",""
"QCL","Crops and livestock products","203","Czechia","5510","Production","01359.90","Other fruits, n.e.c.","2009","2009","t","19886.99","I","Value imputed by a receiving agency",""
"QCL","Crops and livestock products","203","Czechia","5312","Area harvested","01359.90","Other fruits, n.e.c.","2010","2010","ha","2823","I","Value imputed by a receiving agency",""
"QCL","Crops and livestock products","203","Czechia","5412","Yield","01359.90","Other fruits, n.e.c.","2010","2010","kg/ha","6022.5","E","Estimated value",""
"QCL","Crops and livestock products","203","Czechia","5510","Production","01359.90","Other fruits, n.e.c.","2010","2010","t","17000","E","Estimated value",""
"QCL","Crops and livestock products","203","Czechia","5312","Area harvested","01359.90","Other fruits, n.e.c.","2011","2011","ha","3338","I","Value imputed by a receiving agency",""
"QCL","Crops and livestock products","203","Czechia","5412","Yield","01359.90","Other fruits, n.e.c.","2011","2011","kg/ha","6110.6","E","Estimated value",""
"QCL","Crops and livestock products","203","Czechia","5510","Production","01359.90","Other fruits, n.e.c.","2011","2011","t","20395.68","I","Value imputed by a receiving agency",""
"QCL","Crops and livestock products","203","Czechia","5312","Area harvested","01359.90","Other fruits, n.e.c.","2012","2012","ha","3700","E","Estimated value",""
"QCL","Crops and livestock products","203","Czechia","5412","Yield","01359.90","Other fruits, n.e.c.","2012","2012","kg/ha","6216.2","E","Estimated value",""
"QCL","Crops and livestock products","203","Czechia","5510","Production","01359.90","Other fruits, n.e.c.","2012","2012","t","23000","E","Estimated value",""
"QCL","Crops and livestock products","203","Czechia","5312","Area harvested","01359.90","Other fruits, n.e.c.","2013","2013","ha","3750","E","Estimated value",""
"QCL","Crops and livestock products","203","Czechia","5412","Yield","01359.90","Other fruits, n.e.c.","2013","2013","kg/ha","6400","E","Estimated value",""
"QCL","Crops and livestock products","203","Czechia","5510","Production","01359.90","Other fruits, n.e.c.","2013","2013","t","24000","E","Estimated value",""
"QCL","Crops and livestock products","203","Czechia","5312","Area harvested","01359.90","Other fruits, n.e.c.","2014","2014","ha","3521","I","Value imputed by a receiving agency",""
"QCL","Crops and livestock products","203","Czechia","5412","Yield","01359.90","Other fruits, n.e.c.","2014","2014","kg/ha","6559.5","E","Estimated value",""
"QCL","Crops and livestock products","203","Czechia","5510","Production","01359.90","Other fruits, n.e.c.","2014","2014","t","23098.26","I","Value imputed by a receiving agency",""
"QCL","Crops and livestock products","203","Czechia","5312","Area harvested","01359.90","Other fruits, n.e.c.","2015","2015","ha","3499","I","Value imputed by a receiving agency",""
"QCL","Crops and livestock products","203","Czechia","5412","Yield","01359.90","Other fruits, n.e.c.","2015","2015","kg/ha","6233.8","E","Estimated value",""
"QCL","Crops and livestock products","203","Czechia","5510","Production","01359.90","Other fruits, n.e.c.","2015","2015","t","21810.73","I","Value imputed by a receiving agency",""
"QCL","Crops and livestock products","203","Czechia","5312","Area harvested","01359.90","Other fruits, n.e.c.","2016","2016","ha","3512","I","Value imputed by a receiving agency",""
"QCL","Crops and livestock products","203","Czechia","5412","Yield","01359.90","Other fruits, n.e.c.","2016","2016","kg/ha","6295.5","E","Estimated value",""
"QCL","Crops and livestock products","203","Czechia","5510","Production","01359.90","Other fruits, n.e.c.","2016","2016","t","22108.13","I","Value imputed by a receiving agency",""
"QCL","Crops and livestock products","203","Czechia","5312","Area harvested","01359.90","Other fruits, n.e.c.","2017","2017","ha","3476","I","Value imputed by a receiving agency",""
"QCL","Crops and livestock products","203","Czechia","5412","Yield","01359.90","Other fruits, n.e.c.","2017","2017","kg/ha","6328.1","E","Estimated value",""
"QCL","Crops and livestock products","203","Czechia","5510","Production","01359.90","Other fruits, n.e.c.","2017","2017","t","21993.88","I","Value imputed by a receiving agency",""
"QCL","Crops and livestock products","203","Czechia","5312","Area harvested","01379.90","Other nuts (excluding wild edible nuts and groundnuts), in shell, n.e.c.","1994","1994","ha","","M","Missing value; data cannot exist",""
"QCL","Crops and livestock products","203","Czechia","5510","Production","01379.90","Other nuts (excluding wild edible nuts and groundnuts), in shell, n.e.c.","1994","1994","t","","M","Missing value; data cannot exist",""
"QCL","Crops and livestock products","203","Czechia","5312","Area harvested","01379.90","Other nuts (excluding wild edible nuts and groundnuts), in shell, n.e.c.","1995","1995","ha","","M","Missing value; data cannot exist",""
"QCL","Crops and livestock products","203","Czechia","5510","Production","01379.90","Other nuts (excluding wild edible nuts and groundnuts), in shell, n.e.c.","1995","1995","t","","M","Missing value; data cannot exist",""
"QCL","Crops and livestock products","203","Czechia","5312","Area harvested","01379.90","Other nuts (excluding wild edible nuts and groundnuts), in shell, n.e.c.","1996","1996","ha","","M","Missing value; data cannot exist",""
"QCL","Crops and livestock products","203","Czechia","5510","Production","01379.90","Other nuts (excluding wild edible nuts and groundnuts), in shell, n.e.c.","1996","1996","t","","M","Missing value; data cannot exist",""
"QCL","Crops and livestock products","203","Czechia","5312","Area harvested","01379.90","Other nuts (excluding wild edible nuts and groundnuts), in shell, n.e.c.","1997","1997","ha","","M","Missing value; data cannot exist",""
"QCL","Crops and livestock products","203","Czechia","5510","Production","01379.90","Other nuts (excluding wild edible nuts and groundnuts), in shell, n.e.c.","1997","1997","t","","M","Missing value; data cannot exist",""
"QCL","Crops and livestock products","203","Czechia","5312","Area harvested","01379.90","Other nuts (excluding wild edible nuts and groundnuts), in shell, n.e.c.","1998","1998","ha","","M","Missing value; data cannot exist",""
"QCL","Crops and livestock products","203","Czechia","5510","Production","01379.90","Other nuts (excluding wild edible nuts and groundnuts), in shell, n.e.c.","1998","1998","t","","M","Missing value; data cannot exist",""
"QCL","Crops and livestock products","203","Czechia","5312","Area harvested","01379.90","Other nuts (excluding wild edible nuts and groundnuts), in shell, n.e.c.","1999","1999","ha","","M","Missing value; data cannot exist",""
"QCL","Crops and livestock products","203","Czechia","5510","Production","01379.90","Other nuts (excluding wild edible nuts and groundnuts), in shell, n.e.c.","1999","1999","t","","M","Missing value; data cannot exist",""
"QCL","Crops and livestock products","203","Czechia","5312","Area harvested","01379.90","Other nuts (excluding wild edible nuts and groundnuts), in shell, n.e.c.","2000","2000","ha","","M","Missing value; data cannot exist",""
"QCL","Crops and livestock products","203","Czechia","5510","Production","01379.90","Other nuts (excluding wild edible nuts and groundnuts), in shell, n.e.c.","2000","2000","t","","M","Missing value; data cannot exist",""
"QCL","Crops and livestock products","203","Czechia","5312","Area harvested","01379.90","Other nuts (excluding wild edible nuts and groundnuts), in shell, n.e.c.","2001","2001","ha","","M","Missing value; data cannot exist",""
"QCL","Crops and livestock products","203","Czechia","5510","Production","01379.90","Other nuts (excluding wild edible nuts and groundnuts), in shell, n.e.c.","2001","2001","t","","M","Missing value; data cannot exist",""
"QCL","Crops and livestock products","203","Czechia","5312","Area harvested","01379.90","Other nuts (excluding wild edible nuts and groundnuts), in shell, n.e.c.","2002","2002","ha","","M","Missing value; data cannot exist",""
"QCL","Crops and livestock products","203","Czechia","5510","Production","01379.90","Other nuts (excluding wild edible nuts and groundnuts), in shell, n.e.c.","2002","2002","t","","M","Missing value; data cannot exist",""
"QCL","Crops and livestock products","203","Czechia","5312","Area harvested","01379.90","Other nuts (excluding wild edible nuts and groundnuts), in shell, n.e.c.","2003","2003","ha","","M","Missing value; data cannot exist",""
"QCL","Crops and livestock products","203","Czechia","5510","Production","01379.90","Other nuts (excluding wild edible nuts and groundnuts), in shell, n.e.c.","2003","2003","t","","M","Missing value; data cannot exist",""
"QCL","Crops and livestock products","203","Czechia","5312","Area harvested","01379.90","Other nuts (excluding wild edible nuts and groundnuts), in shell, n.e.c.","2004","2004","ha","","M","Missing value; data cannot exist",""
"QCL","Crops and livestock products","203","Czechia","5510","Production","01379.90","Other nuts (excluding wild edible nuts and groundnuts), in shell, n.e.c.","2004","2004","t","","M","Missing value; data cannot exist",""
"QCL","Crops and livestock products","203","Czechia","5312","Area harvested","01379.90","Other nuts (excluding wild edible nuts and groundnuts), in shell, n.e.c.","2005","2005","ha","","M","Missing value; data cannot exist",""
"QCL","Crops and livestock products","203","Czechia","5510","Production","01379.90","Other nuts (excluding wild edible nuts and groundnuts), in shell, n.e.c.","2005","2005","t","","M","Missing value; data cannot exist",""
"QCL","Crops and livestock products","203","Czechia","5312","Area harvested","01379.90","Other nuts (excluding wild edible nuts and groundnuts), in shell, n.e.c.","2006","2006","ha","","M","Missing value; data cannot exist",""
"QCL","Crops and livestock products","203","Czechia","5510","Production","01379.90","Other nuts (excluding wild edible nuts and groundnuts), in shell, n.e.c.","2006","2006","t","","M","Missing value; data cannot exist",""
"QCL","Crops and livestock products","203","Czechia","5312","Area harvested","01379.90","Other nuts (excluding wild edible nuts and groundnuts), in shell, n.e.c.","2007","2007","ha","","M","Missing value; data cannot exist",""
"QCL","Crops and livestock products","203","Czechia","5510","Production","01379.90","Other nuts (excluding wild edible nuts and groundnuts), in shell, n.e.c.","2007","2007","t","","M","Missing value; data cannot exist",""
"QCL","Crops and livestock products","203","Czechia","5312","Area harvested","01379.90","Other nuts (excluding wild edible nuts and groundnuts), in shell, n.e.c.","2008","2008","ha","","M","Missing value; data cannot exist",""
"QCL","Crops and livestock products","203","Czechia","5510","Production","01379.90","Other nuts (excluding wild edible nuts and groundnuts), in shell, n.e.c.","2008","2008","t","","M","Missing value; data cannot exist",""
"QCL","Crops and livestock products","203","Czechia","5312","Area harvested","01379.90","Other nuts (excluding wild edible nuts and groundnuts), in shell, n.e.c.","2009","2009","ha","","M","Missing value; data cannot exist",""
"QCL","Crops and livestock products","203","Czechia","5510","Production","01379.90","Other nuts (excluding wild edible nuts and groundnuts), in shell, n.e.c.","2009","2009","t","","M","Missing value; data cannot exist",""
"QCL","Crops and livestock products","203","Czechia","5312","Area harvested","01379.90","Other nuts (excluding wild edible nuts and groundnuts), in shell, n.e.c.","2010","2010","ha","","M","Missing value; data cannot exist",""
"QCL","Crops and livestock products","203","Czechia","5510","Production","01379.90","Other nuts (excluding wild edible nuts and groundnuts), in shell, n.e.c.","2010","2010","t","","M","Missing value; data cannot exist",""
"QCL","Crops and livestock products","203","Czechia","5312","Area harvested","01379.90","Other nuts (excluding wild edible nuts and groundnuts), in shell, n.e.c.","2011","2011","ha","","M","Missing value; data cannot exist",""
"QCL","Crops and livestock products","203","Czechia","5510","Production","01379.90","Other nuts (excluding wild edible nuts and groundnuts), in shell, n.e.c.","2011","2011","t","","M","Missing value; data cannot exist",""
"QCL","Crops and livestock products","203","Czechia","5312","Area harvested","01379.90","Other nuts (excluding wild edible nuts and groundnuts), in shell, n.e.c.","2012","2012","ha","","M","Missing value; data cannot exist",""
"QCL","Crops and livestock products","203","Czechia","5510","Production","01379.90","Other nuts (excluding wild edible nuts and groundnuts), in shell, n.e.c.","2012","2012","t","","M","Missing value; data cannot exist",""
"QCL","Crops and livestock products","203","Czechia","5312","Area harvested","01379.90","Other nuts (excluding wild edible nuts and groundnuts), in shell, n.e.c.","2013","2013","ha","","M","Missing value; data cannot exist",""
"QCL","Crops and livestock products","203","Czechia","5510","Production","01379.90","Other nuts (excluding wild edible nuts and groundnuts), in shell, n.e.c.","2013","2013","t","","M","Missing value; data cannot exist",""
"QCL","Crops and livestock products","203","Czechia","5312","Area harvested","01379.90","Other nuts (excluding wild edible nuts and groundnuts), in shell, n.e.c.","2014","2014","ha","","M","Missing value; data cannot exist",""
"QCL","Crops and livestock products","203","Czechia","5510","Production","01379.90","Other nuts (excluding wild edible nuts and groundnuts), in shell, n.e.c.","2014","2014","t","","M","Missing value; data cannot exist",""
"QCL","Crops and livestock products","203","Czechia","5312","Area harvested","01379.90","Other nuts (excluding wild edible nuts and groundnuts), in shell, n.e.c.","2015","2015","ha","","M","Missing value; data cannot exist",""
"QCL","Crops and livestock products","203","Czechia","5510","Production","01379.90","Other nuts (excluding wild edible nuts and groundnuts), in shell, n.e.c.","2015","2015","t","","M","Missing value; data cannot exist",""
"QCL","Crops and livestock products","203","Czechia","5312","Area harvested","01379.90","Other nuts (excluding wild edible nuts and groundnuts), in shell, n.e.c.","2016","2016","ha","","M","Missing value; data cannot exist",""
"QCL","Crops and livestock products","203","Czechia","5510","Production","01379.90","Other nuts (excluding wild edible nuts and groundnuts), in shell, n.e.c.","2016","2016","t","","M","Missing value; data cannot exist",""
"QCL","Crops and livestock products","203","Czechia","5312","Area harvested","01379.90","Other nuts (excluding wild edible nuts and groundnuts), in shell, n.e.c.","2017","2017","ha","","M","Missing value; data cannot exist",""
"QCL","Crops and livestock products","203","Czechia","5510","Production","01379.90","Other nuts (excluding wild edible nuts and groundnuts), in shell, n.e.c.","2017","2017","t","","M","Missing value; data cannot exist",""
"QCL","Crops and livestock products","203","Czechia","5312","Area harvested","01379.90","Other nuts (excluding wild edible nuts and groundnuts), in shell, n.e.c.","2023","2023","ha","130","A","Official value",""
"QCL","Crops and livestock products","203","Czechia","5412","Yield","01379.90","Other nuts (excluding wild edible nuts and groundnuts), in shell, n.e.c.","2023","2023","kg/ha","0","A","Official value",""
"QCL","Crops and livestock products","203","Czechia","5510","Production","01379.90","Other nuts (excluding wild edible nuts and groundnuts), in shell, n.e.c.","2023","2023","t","0","A","Official value",""
"QCL","Crops and livestock products","203","Czechia","5312","Area harvested","01379.90","Other nuts (excluding wild edible nuts and groundnuts), in shell, n.e.c.","2024","2024","ha","10","A","Official value",""
"QCL","Crops and livestock products","203","Czechia","5412","Yield","01379.90","Other nuts (excluding wild edible nuts and groundnuts), in shell, n.e.c.","2024","2024","kg/ha","3000","A","Official value",""
"QCL","Crops and livestock products","203","Czechia","5510","Production","01379.90","Other nuts (excluding wild edible nuts and groundnuts), in shell, n.e.c.","2024","2024","t","30","A","Official value",""
"QCL","Crops and livestock products","203","Czechia","5312","Area harvested","01449.90","Other oil seeds, n.e.c.","1993","1993","ha","238","A","Official value",""
"QCL","Crops and livestock products","203","Czechia","5412","Yield","01449.90","Other oil seeds, n.e.c.","1993","1993","kg/ha","979","A","Official value",""
"QCL","Crops and livestock products","203","Czechia","5510","Production","01449.90","Other oil seeds, n.e.c.","1993","1993","t","233","A","Official value",""
"QCL","Crops and livestock products","203","Czechia","5312","Area harvested","01449.90","Other oil seeds, n.e.c.","1994","1994","ha","240","E","Estimated value",""
"QCL","Crops and livestock products","203","Czechia","5412","Yield","01449.90","Other oil seeds, n.e.c.","1994","1994","kg/ha","875","E","Estimated value",""
"QCL","Crops and livestock products","203","Czechia","5510","Production","01449.90","Other oil seeds, n.e.c.","1994","1994","t","210","E","Estimated value",""
"QCL","Crops and livestock products","203","Czechia","5312","Area harvested","01449.90","Other oil seeds, n.e.c.","1995","1995","ha","400","E","Estimated value",""
"QCL","Crops and livestock products","203","Czechia","5412","Yield","01449.90","Other oil seeds, n.e.c.","1995","1995","kg/ha","875","E","Estimated value",""
"QCL","Crops and livestock products","203","Czechia","5510","Production","01449.90","Other oil seeds, n.e.c.","1995","1995","t","350","E","Estimated value",""
"QCL","Crops and livestock products","203","Czechia","5312","Area harvested","01449.90","Other oil seeds, n.e.c.","1996","1996","ha","450","E","Estimated value",""
"QCL","Crops and livestock products","203","Czechia","5412","Yield","01449.90","Other oil seeds, n.e.c.","1996","1996","kg/ha","888.9","E","Estimated value",""
"QCL","Crops and livestock products","203","Czechia","5510","Production","01449.90","Other oil seeds, n.e.c.","1996","1996","t","400","E","Estimated value",""
"QCL","Crops and livestock products","203","Czechia","5312","Area harvested","01449.90","Other oil seeds, n.e.c.","1997","1997","ha","570","E","Estimated value",""
"QCL","Crops and livestock products","203","Czechia","5412","Yield","01449.90","Other oil seeds, n.e.c.","1997","1997","kg/ha","964.9","E","Estimated value",""
"QCL","Crops and livestock products","203","Czechia","5510","Production","01449.90","Other oil seeds, n.e.c.","1997","1997","t","550","E","Estimated value",""
"QCL","Crops and livestock products","203","Czechia","5312","Area harvested","01449.90","Other oil seeds, n.e.c.","1998","1998","ha","1257","I","Value imputed by a receiving agency",""
"QCL","Crops and livestock products","203","Czechia","5412","Yield","01449.90","Other oil seeds, n.e.c.","1998","1998","kg/ha","904.1","E","Estimated value",""
"QCL","Crops and livestock products","203","Czechia","5510","Production","01449.90","Other oil seeds, n.e.c.","1998","1998","t","1136.08","I","Value imputed by a receiving agency",""
"QCL","Crops and livestock products","203","Czechia","5312","Area harvested","01449.90","Other oil seeds, n.e.c.","1999","1999","ha","1202","I","Value imputed by a receiving agency",""
"QCL","Crops and livestock products","203","Czechia","5412","Yield","01449.90","Other oil seeds, n.e.c.","1999","1999","kg/ha","831.7","E","Estimated value",""
"QCL","Crops and livestock products","203","Czechia","5510","Production","01449.90","Other oil seeds, n.e.c.","1999","1999","t","1000","E","Estimated value",""
"QCL","Crops and livestock products","203","Czechia","5312","Area harvested","01449.90","Other oil seeds, n.e.c.","2000","2000","ha","3600","X","Value from external organization","Unofficial figure"
"QCL","Crops and livestock products","203","Czechia","5412","Yield","01449.90","Other oil seeds, n.e.c.","2000","2000","kg/ha","694.4","E","Estimated value",""
"QCL","Crops and livestock products","203","Czechia","5510","Production","01449.90","Other oil seeds, n.e.c.","2000","2000","t","2500","E","Estimated value",""
"QCL","Crops and livestock products","203","Czechia","5312","Area harvested","01449.90","Other oil seeds, n.e.c.","2001","2001","ha","3450","E","Estimated value",""
"QCL","Crops and livestock products","203","Czechia","5412","Yield","01449.90","Other oil seeds, n.e.c.","2001","2001","kg/ha","637.7","E","Estimated value",""
"QCL","Crops and livestock products","203","Czechia","5510","Production","01449.90","Other oil seeds, n.e.c.","2001","2001","t","2200","E","Estimated value",""
"QCL","Crops and livestock products","203","Czechia","5312","Area harvested","01449.90","Other oil seeds, n.e.c.","2002","2002","ha","3100","E","Estimated value",""
"QCL","Crops and livestock products","203","Czechia","5412","Yield","01449.90","Other oil seeds, n.e.c.","2002","2002","kg/ha","645.2","E","Estimated value",""
"QCL","Crops and livestock products","203","Czechia","5510","Production","01449.90","Other oil seeds, n.e.c.","2002","2002","t","2000","E","Estimated value",""
"QCL","Crops and livestock products","203","Czechia","5312","Area harvested","01449.90","Other oil seeds, n.e.c.","2003","2003","ha","2900","E","Estimated value",""
"QCL","Crops and livestock products","203","Czechia","5412","Yield","01449.90","Other oil seeds, n.e.c.","2003","2003","kg/ha","620.7","E","Estimated value",""
"QCL","Crops and livestock products","203","Czechia","5510","Production","01449.90","Other oil seeds, n.e.c.","2003","2003","t","1800","E","Estimated value",""
"QCL","Crops and livestock products","203","Czechia","5312","Area harvested","01449.90","Other oil seeds, n.e.c.","2004","2004","ha","3500","X","Value from external organization","Unofficial figure"
"QCL","Crops and livestock products","203","Czechia","5412","Yield","01449.90","Other oil seeds, n.e.c.","2004","2004","kg/ha","700","E","Estimated value",""
"QCL","Crops and livestock products","203","Czechia","5510","Production","01449.90","Other oil seeds, n.e.c.","2004","2004","t","2450","E","Estimated value",""
"QCL","Crops and livestock products","203","Czechia","5312","Area harvested","01449.90","Other oil seeds, n.e.c.","2005","2005","ha","4400","X","Value from external organization","Unofficial figure"
"QCL","Crops and livestock products","203","Czechia","5412","Yield","01449.90","Other oil seeds, n.e.c.","2005","2005","kg/ha","704.5","X","Value from external organization",""
"QCL","Crops and livestock products","203","Czechia","5510","Production","01449.90","Other oil seeds, n.e.c.","2005","2005","t","3100","X","Value from external organization","Unofficial figure"
"QCL","Crops and livestock products","203","Czechia","5312","Area harvested","01449.90","Other oil seeds, n.e.c.","2006","2006","ha","2163","A","Official value",""
"QCL","Crops and livestock products","203","Czechia","5412","Yield","01449.90","Other oil seeds, n.e.c.","2006","2006","kg/ha","706.4","A","Official value",""
"QCL","Crops and livestock products","203","Czechia","5510","Production","01449.90","Other oil seeds, n.e.c.","2006","2006","t","1528","A","Official value",""
"QCL","Crops and livestock products","203","Czechia","5312","Area harvested","01449.90","Other oil seeds, n.e.c.","2007","2007","ha","1234","A","Official value",""
"QCL","Crops and livestock products","203","Czechia","5412","Yield","01449.90","Other oil seeds, n.e.c.","2007","2007","kg/ha","637","A","Official value",""
"QCL","Crops and livestock products","203","Czechia","5510","Production","01449.90","Other oil seeds, n.e.c.","2007","2007","t","786","A","Official value",""
"QCL","Crops and livestock products","203","Czechia","5312","Area harvested","01449.90","Other oil seeds, n.e.c.","2008","2008","ha","910","A","Official value",""
"QCL","Crops and livestock products","203","Czechia","5412","Yield","01449.90","Other oil seeds, n.e.c.","2008","2008","kg/ha","867","A","Official value",""
"QCL","Crops and livestock products","203","Czechia","5510","Production","01449.90","Other oil seeds, n.e.c.","2008","2008","t","789","A","Official value",""
"QCL","Crops and livestock products","203","Czechia","5312","Area harvested","01449.90","Other oil seeds, n.e.c.","2009","2009","ha","1997","A","Official value",""
"QCL","Crops and livestock products","203","Czechia","5412","Yield","01449.90","Other oil seeds, n.e.c.","2009","2009","kg/ha","598.4","A","Official value",""
"QCL","Crops and livestock products","203","Czechia","5510","Production","01449.90","Other oil seeds, n.e.c.","2009","2009","t","1195","A","Official value",""
"QCL","Crops and livestock products","203","Czechia","5312","Area harvested","01449.90","Other oil seeds, n.e.c.","2010","2010","ha","2936","A","Official value",""
"QCL","Crops and livestock products","203","Czechia","5412","Yield","01449.90","Other oil seeds, n.e.c.","2010","2010","kg/ha","333.1","A","Official value",""
"QCL","Crops and livestock products","203","Czechia","5510","Production","01449.90","Other oil seeds, n.e.c.","2010","2010","t","978","A","Official value",""
"QCL","Crops and livestock products","203","Czechia","5312","Area harvested","01449.90","Other oil seeds, n.e.c.","2011","2011","ha","2789","A","Official value",""
"QCL","Crops and livestock products","203","Czechia","5412","Yield","01449.90","Other oil seeds, n.e.c.","2011","2011","kg/ha","590.9","A","Official value",""
"QCL","Crops and livestock products","203","Czechia","5510","Production","01449.90","Other oil seeds, n.e.c.","2011","2011","t","1648","A","Official value",""
"QCL","Crops and livestock products","203","Czechia","5312","Area harvested","01449.90","Other oil seeds, n.e.c.","2012","2012","ha","2131","A","Official value",""
"QCL","Crops and livestock products","203","Czechia","5412","Yield","01449.90","Other oil seeds, n.e.c.","2012","2012","kg/ha","375.4","A","Official value",""
"QCL","Crops and livestock products","203","Czechia","5510","Production","01449.90","Other oil seeds, n.e.c.","2012","2012","t","800","A","Official value",""
"QCL","Crops and livestock products","203","Czechia","5312","Area harvested","01449.90","Other oil seeds, n.e.c.","2013","2013","ha","2081","A","Official value",""
"QCL","Crops and livestock products","203","Czechia","5412","Yield","01449.90","Other oil seeds, n.e.c.","2013","2013","kg/ha","396","A","Official value",""
"QCL","Crops and livestock products","203","Czechia","5510","Production","01449.90","Other oil seeds, n.e.c.","2013","2013","t","824","A","Official value",""
"QCL","Crops and livestock products","203","Czechia","5312","Area harvested","01449.90","Other oil seeds, n.e.c.","2014","2014","ha","1842","A","Official value",""
"QCL","Crops and livestock products","203","Czechia","5412","Yield","01449.90","Other oil seeds, n.e.c.","2014","2014","kg/ha","565.1","A","Official value",""
"QCL","Crops and livestock products","203","Czechia","5510","Production","01449.90","Other oil seeds, n.e.c.","2014","2014","t","1041","A","Official value",""
"QCL","Crops and livestock products","203","Czechia","5312","Area harvested","01449.90","Other oil seeds, n.e.c.","2015","2015","ha","1957","A","Official value",""
"QCL","Crops and livestock products","203","Czechia","5412","Yield","01449.90","Other oil seeds, n.e.c.","2015","2015","kg/ha","573.3","A","Official value",""
"QCL","Crops and livestock products","203","Czechia","5510","Production","01449.90","Other oil seeds, n.e.c.","2015","2015","t","1122","A","Official value",""
"QCL","Crops and livestock products","203","Czechia","5312","Area harvested","01449.90","Other oil seeds, n.e.c.","2016","2016","ha","2137","A","Official value",""
"QCL","Crops and livestock products","203","Czechia","5412","Yield","01449.90","Other oil seeds, n.e.c.","2016","2016","kg/ha","724.8","A","Official value",""
"QCL","Crops and livestock products","203","Czechia","5510","Production","01449.90","Other oil seeds, n.e.c.","2016","2016","t","1549","A","Official value",""
"QCL","Crops and livestock products","203","Czechia","5312","Area harvested","01449.90","Other oil seeds, n.e.c.","2017","2017","ha","2185","A","Official value",""
"QCL","Crops and livestock products","203","Czechia","5412","Yield","01449.90","Other oil seeds, n.e.c.","2017","2017","kg/ha","506","A","Official value",""
"QCL","Crops and livestock products","203","Czechia","5510","Production","01449.90","Other oil seeds, n.e.c.","2017","2017","t","1105.47","A","Official value",""
"QCL","Crops and livestock products","203","Czechia","5312","Area harvested","01449.90","Other oil seeds, n.e.c.","2018","2018","ha","40840","A","Official value",""
"QCL","Crops and livestock products","203","Czechia","5412","Yield","01449.90","Other oil seeds, n.e.c.","2018","2018","kg/ha","635.7","A","Official value",""
"QCL","Crops and livestock products","203","Czechia","5510","Production","01449.90","Other oil seeds, n.e.c.","2018","2018","t","25960","A","Official value",""
"QCL","Crops and livestock products","203","Czechia","5312","Area harvested","01449.90","Other oil seeds, n.e.c.","2019","2019","ha","49840","A","Official value",""
"QCL","Crops and livestock products","203","Czechia","5412","Yield","01449.90","Other oil seeds, n.e.c.","2019","2019","kg/ha","666.1","A","Official value",""
"QCL","Crops and livestock products","203","Czechia","5510","Production","01449.90","Other oil seeds, n.e.c.","2019","2019","t","33200","A","Official value",""
"QCL","Crops and livestock products","203","Czechia","5312","Area harvested","01449.90","Other oil seeds, n.e.c.","2020","2020","ha","55290","A","Official value",""
"QCL","Crops and livestock products","203","Czechia","5412","Yield","01449.90","Other oil seeds, n.e.c.","2020","2020","kg/ha","695.6","A","Official value",""
"QCL","Crops and livestock products","203","Czechia","5510","Production","01449.90","Other oil seeds, n.e.c.","2020","2020","t","38460","A","Official value",""
"QCL","Crops and livestock products","203","Czechia","5312","Area harvested","01449.90","Other oil seeds, n.e.c.","2021","2021","ha","60510","A","Official value",""
"QCL","Crops and livestock products","203","Czechia","5412","Yield","01449.90","Other oil seeds, n.e.c.","2021","2021","kg/ha","748.3","A","Official value",""
"QCL","Crops and livestock products","203","Czechia","5510","Production","01449.90","Other oil seeds, n.e.c.","2021","2021","t","45280","A","Official value",""
"QCL","Crops and livestock products","203","Czechia","5312","Area harvested","01449.90","Other oil seeds, n.e.c.","2022","2022","ha","40160","A","Official value",""
"QCL","Crops and livestock products","203","Czechia","5412","Yield","01449.90","Other oil seeds, n.e.c.","2022","2022","kg/ha","866.5","A","Official value",""
"QCL","Crops and livestock products","203","Czechia","5510","Production","01449.90","Other oil seeds, n.e.c.","2022","2022","t","34800","A","Official value",""
"QCL","Crops and livestock products","203","Czechia","5312","Area harvested","01449.90","Other oil seeds, n.e.c.","2023","2023","ha","42550","A","Official value",""
"QCL","Crops and livestock products","203","Czechia","5412","Yield","01449.90","Other oil seeds, n.e.c.","2023","2023","kg/ha","720.8","A","Official value",""
"QCL","Crops and livestock products","203","Czechia","5510","Production","01449.90","Other oil seeds, n.e.c.","2023","2023","t","30670","A","Official value",""
"QCL","Crops and livestock products","203","Czechia","5312","Area harvested","01449.90","Other oil seeds, n.e.c.","2024","2024","ha","49230","A","Official value",""
"QCL","Crops and livestock products","203","Czechia","5412","Yield","01449.90","Other oil seeds, n.e.c.","2024","2024","kg/ha","693.7","A","Official value",""
"QCL","Crops and livestock products","203","Czechia","5510","Production","01449.90","Other oil seeds, n.e.c.","2024","2024","t","34150","A","Official value",""
"QCL","Crops and livestock products","203","Czechia","5312","Area harvested","01349.10","Other pome fruits","2023","2023","ha","10","A","Official value",""
"QCL","Crops and livestock products","203","Czechia","5412","Yield","01349.10","Other pome fruits","2023","2023","kg/ha","3000","A","Official value",""
"QCL","Crops and livestock products","203","Czechia","5510","Production","01349.10","Other pome fruits","2023","2023","t","30","A","Official value",""
"QCL","Crops and livestock products","203","Czechia","5312","Area harvested","01349.10","Other pome fruits","2024","2024","ha","10","A","Official value",""
"QCL","Crops and livestock products","203","Czechia","5412","Yield","01349.10","Other pome fruits","2024","2024","kg/ha","0","A","Official value",""
"QCL","Crops and livestock products","203","Czechia","5510","Production","01349.10","Other pome fruits","2024","2024","t","0","A","Official value",""
"QCL","Crops and livestock products","203","Czechia","5312","Area harvested","01709.90","Other pulses n.e.c.","1993","1993","ha","641","A","Official value",""
"QCL","Crops and livestock products","203","Czechia","5412","Yield","01709.90","Other pulses n.e.c.","1993","1993","kg/ha","2432.1","A","Official value",""
"QCL","Crops and livestock products","203","Czechia","5510","Production","01709.90","Other pulses n.e.c.","1993","1993","t","1559","A","Official value",""
"QCL","Crops and livestock products","203","Czechia","5312","Area harvested","01709.90","Other pulses n.e.c.","1994","1994","ha","8685","A","Official value",""
"QCL","Crops and livestock products","203","Czechia","5412","Yield","01709.90","Other pulses n.e.c.","1994","1994","kg/ha","1564.8","A","Official value",""
"QCL","Crops and livestock products","203","Czechia","5510","Production","01709.90","Other pulses n.e.c.","1994","1994","t","13590","A","Official value",""
"QCL","Crops and livestock products","203","Czechia","5312","Area harvested","01709.90","Other pulses n.e.c.","1995","1995","ha","3700","E","Estimated value",""
"QCL","Crops and livestock products","203","Czechia","5412","Yield","01709.90","Other pulses n.e.c.","1995","1995","kg/ha","2027","E","Estimated value",""
"QCL","Crops and livestock products","203","Czechia","5510","Production","01709.90","Other pulses n.e.c.","1995","1995","t","7500","X","Value from external organization","Unofficial figure"
"QCL","Crops and livestock products","203","Czechia","5312","Area harvested","01709.90","Other pulses n.e.c.","1996","1996","ha","3011","I","Value imputed by a receiving agency",""
"QCL","Crops and livestock products","203","Czechia","5412","Yield","01709.90","Other pulses n.e.c.","1996","1996","kg/ha","1992.8","E","Estimated value",""
"QCL","Crops and livestock products","203","Czechia","5510","Production","01709.90","Other pulses n.e.c.","1996","1996","t","6000","X","Value from external organization","Unofficial figure"
"QCL","Crops and livestock products","203","Czechia","5312","Area harvested","01709.90","Other pulses n.e.c.","1997","1997","ha","2120","I","Value imputed by a receiving agency",""
"QCL","Crops and livestock products","203","Czechia","5412","Yield","01709.90","Other pulses n.e.c.","1997","1997","kg/ha","1886.8","E","Estimated value",""
"QCL","Crops and livestock products","203","Czechia","5510","Production","01709.90","Other pulses n.e.c.","1997","1997","t","4000","X","Value from external organization","Unofficial figure"
"QCL","Crops and livestock products","203","Czechia","5312","Area harvested","01709.90","Other pulses n.e.c.","1998","1998","ha","3272","I","Value imputed by a receiving agency",""
"QCL","Crops and livestock products","203","Czechia","5412","Yield","01709.90","Other pulses n.e.c.","1998","1998","kg/ha","1833.7","E","Estimated value",""
"QCL","Crops and livestock products","203","Czechia","5510","Production","01709.90","Other pulses n.e.c.","1998","1998","t","6000","X","Value from external organization","Unofficial figure"
"QCL","Crops and livestock products","203","Czechia","5312","Area harvested","01709.90","Other pulses n.e.c.","1999","1999","ha","4900","E","Estimated value",""
"QCL","Crops and livestock products","203","Czechia","5412","Yield","01709.90","Other pulses n.e.c.","1999","1999","kg/ha","1612.2","E","Estimated value",""
"QCL","Crops and livestock products","203","Czechia","5510","Production","01709.90","Other pulses n.e.c.","1999","1999","t","7900","X","Value from external organization","Unofficial figure"
"QCL","Crops and livestock products","203","Czechia","5312","Area harvested","01709.90","Other pulses n.e.c.","2000","2000","ha","3000","E","Estimated value",""
"QCL","Crops and livestock products","203","Czechia","5412","Yield","01709.90","Other pulses n.e.c.","2000","2000","kg/ha","1633.3","E","Estimated value",""
"QCL","Crops and livestock products","203","Czechia","5510","Production","01709.90","Other pulses n.e.c.","2000","2000","t","4900","X","Value from external organization","Unofficial figure"
"QCL","Crops and livestock products","203","Czechia","5312","Area harvested","01709.90","Other pulses n.e.c.","2001","2001","ha","2504","I","Value imputed by a receiving agency",""
"QCL","Crops and livestock products","203","Czechia","5412","Yield","01709.90","Other pulses n.e.c.","2001","2001","kg/ha","1717.2","E","Estimated value",""
"QCL","Crops and livestock products","203","Czechia","5510","Production","01709.90","Other pulses n.e.c.","2001","2001","t","4300","X","Value from external organization","Unofficial figure"
"QCL","Crops and livestock products","203","Czechia","5312","Area harvested","01709.90","Other pulses n.e.c.","2002","2002","ha","2880","X","Value from external organization","Unofficial figure"
"QCL","Crops and livestock products","203","Czechia","5412","Yield","01709.90","Other pulses n.e.c.","2002","2002","kg/ha","1548.6","X","Value from external organization",""
"QCL","Crops and livestock products","203","Czechia","5510","Production","01709.90","Other pulses n.e.c.","2002","2002","t","4460","X","Value from external organization","Unofficial figure"
"QCL","Crops and livestock products","203","Czechia","5312","Area harvested","01709.90","Other pulses n.e.c.","2003","2003","ha","3980","X","Value from external organization","Unofficial figure"
"QCL","Crops and livestock products","203","Czechia","5412","Yield","01709.90","Other pulses n.e.c.","2003","2003","kg/ha","1005","X","Value from external organization",""
"QCL","Crops and livestock products","203","Czechia","5510","Production","01709.90","Other pulses n.e.c.","2003","2003","t","4000","X","Value from external organization","Unofficial figure"
"QCL","Crops and livestock products","203","Czechia","5312","Area harvested","01709.90","Other pulses n.e.c.","2004","2004","ha","3600","X","Value from external organization","Unofficial figure"
"QCL","Crops and livestock products","203","Czechia","5412","Yield","01709.90","Other pulses n.e.c.","2004","2004","kg/ha","2194.4","X","Value from external organization",""
"QCL","Crops and livestock products","203","Czechia","5510","Production","01709.90","Other pulses n.e.c.","2004","2004","t","7900","X","Value from external organization","Unofficial figure"
"QCL","Crops and livestock products","203","Czechia","5312","Area harvested","01709.90","Other pulses n.e.c.","2005","2005","ha","4500","X","Value from external organization","Unofficial figure"
"QCL","Crops and livestock products","203","Czechia","5412","Yield","01709.90","Other pulses n.e.c.","2005","2005","kg/ha","1888.9","X","Value from external organization",""
"QCL","Crops and livestock products","203","Czechia","5510","Production","01709.90","Other pulses n.e.c.","2005","2005","t","8500","X","Value from external organization","Unofficial figure"
"QCL","Crops and livestock products","203","Czechia","5312","Area harvested","01709.90","Other pulses n.e.c.","2006","2006","ha","9493","A","Official value",""
"QCL","Crops and livestock products","203","Czechia","5412","Yield","01709.90","Other pulses n.e.c.","2006","2006","kg/ha","1341","A","Official value",""
"QCL","Crops and livestock products","203","Czechia","5510","Production","01709.90","Other pulses n.e.c.","2006","2006","t","12730","A","Official value",""
"QCL","Crops and livestock products","203","Czechia","5312","Area harvested","01709.90","Other pulses n.e.c.","2007","2007","ha","6402","A","Official value",""
"QCL","Crops and livestock products","203","Czechia","5412","Yield","01709.90","Other pulses n.e.c.","2007","2007","kg/ha","1334.9","A","Official value",""
"QCL","Crops and livestock products","203","Czechia","5510","Production","01709.90","Other pulses n.e.c.","2007","2007","t","8546","A","Official value",""
"QCL","Crops and livestock products","203","Czechia","5312","Area harvested","01709.90","Other pulses n.e.c.","2008","2008","ha","4038","A","Official value",""
"QCL","Crops and livestock products","203","Czechia","5412","Yield","01709.90","Other pulses n.e.c.","2008","2008","kg/ha","1418.3","A","Official value",""
"QCL","Crops and livestock products","203","Czechia","5510","Production","01709.90","Other pulses n.e.c.","2008","2008","t","5727","A","Official value",""
"QCL","Crops and livestock products","203","Czechia","5312","Area harvested","01709.90","Other pulses n.e.c.","2009","2009","ha","7855","A","Official value",""
"QCL","Crops and livestock products","203","Czechia","5412","Yield","01709.90","Other pulses n.e.c.","2009","2009","kg/ha","1299.3","A","Official value",""
"QCL","Crops and livestock products","203","Czechia","5510","Production","01709.90","Other pulses n.e.c.","2009","2009","t","10206","A","Official value",""
"QCL","Crops and livestock products","203","Czechia","5312","Area harvested","01709.90","Other pulses n.e.c.","2010","2010","ha","6927","A","Official value",""
"QCL","Crops and livestock products","203","Czechia","5412","Yield","01709.90","Other pulses n.e.c.","2010","2010","kg/ha","1428.6","A","Official value",""
"QCL","Crops and livestock products","203","Czechia","5510","Production","01709.90","Other pulses n.e.c.","2010","2010","t","9896","A","Official value",""
"QCL","Crops and livestock products","203","Czechia","5312","Area harvested","01709.90","Other pulses n.e.c.","2011","2011","ha","5128","A","Official value",""
"QCL","Crops and livestock products","203","Czechia","5412","Yield","01709.90","Other pulses n.e.c.","2011","2011","kg/ha","2188.6","A","Official value",""
"QCL","Crops and livestock products","203","Czechia","5510","Production","01709.90","Other pulses n.e.c.","2011","2011","t","11223","A","Official value",""
"QCL","Crops and livestock products","203","Czechia","5312","Area harvested","01709.90","Other pulses n.e.c.","2012","2012","ha","5110","A","Official value",""
"QCL","Crops and livestock products","203","Czechia","5412","Yield","01709.90","Other pulses n.e.c.","2012","2012","kg/ha","1650.5","A","Official value",""
"QCL","Crops and livestock products","203","Czechia","5510","Production","01709.90","Other pulses n.e.c.","2012","2012","t","8434","A","Official value",""
"QCL","Crops and livestock products","203","Czechia","5312","Area harvested","01709.90","Other pulses n.e.c.","2013","2013","ha","4918","A","Official value",""
"QCL","Crops and livestock products","203","Czechia","5412","Yield","01709.90","Other pulses n.e.c.","2013","2013","kg/ha","1540.3","A","Official value",""
"QCL","Crops and livestock products","203","Czechia","5510","Production","01709.90","Other pulses n.e.c.","2013","2013","t","7575","A","Official value",""
"QCL","Crops and livestock products","203","Czechia","5312","Area harvested","01709.90","Other pulses n.e.c.","2014","2014","ha","5721","A","Official value",""
"QCL","Crops and livestock products","203","Czechia","5412","Yield","01709.90","Other pulses n.e.c.","2014","2014","kg/ha","1931.3","A","Official value",""
"QCL","Crops and livestock products","203","Czechia","5510","Production","01709.90","Other pulses n.e.c.","2014","2014","t","11049","A","Official value",""
"QCL","Crops and livestock products","203","Czechia","5312","Area harvested","01709.90","Other pulses n.e.c.","2015","2015","ha","9263","A","Official value",""
"QCL","Crops and livestock products","203","Czechia","5412","Yield","01709.90","Other pulses n.e.c.","2015","2015","kg/ha","1915.9","A","Official value",""
"QCL","Crops and livestock products","203","Czechia","5510","Production","01709.90","Other pulses n.e.c.","2015","2015","t","17747","A","Official value",""
"QCL","Crops and livestock products","203","Czechia","5312","Area harvested","01709.90","Other pulses n.e.c.","2016","2016","ha","9032","A","Official value",""
"QCL","Crops and livestock products","203","Czechia","5412","Yield","01709.90","Other pulses n.e.c.","2016","2016","kg/ha","1762.6","A","Official value",""
"QCL","Crops and livestock products","203","Czechia","5510","Production","01709.90","Other pulses n.e.c.","2016","2016","t","15920","A","Official value",""
"QCL","Crops and livestock products","203","Czechia","5312","Area harvested","01709.90","Other pulses n.e.c.","2017","2017","ha","8064","A","Official value",""
"QCL","Crops and livestock products","203","Czechia","5412","Yield","01709.90","Other pulses n.e.c.","2017","2017","kg/ha","1623.9","A","Official value",""
"QCL","Crops and livestock products","203","Czechia","5510","Production","01709.90","Other pulses n.e.c.","2017","2017","t","13094.62","A","Official value",""
"QCL","Crops and livestock products","203","Czechia","5312","Area harvested","01709.90","Other pulses n.e.c.","2018","2018","ha","2160","A","Official value",""
"QCL","Crops and livestock products","203","Czechia","5412","Yield","01709.90","Other pulses n.e.c.","2018","2018","kg/ha","1226.9","A","Official value",""
"QCL","Crops and livestock products","203","Czechia","5510","Production","01709.90","Other pulses n.e.c.","2018","2018","t","2650","A","Official value",""
"QCL","Crops and livestock products","203","Czechia","5312","Area harvested","01709.90","Other pulses n.e.c.","2019","2019","ha","1980","A","Official value",""
"QCL","Crops and livestock products","203","Czechia","5412","Yield","01709.90","Other pulses n.e.c.","2019","2019","kg/ha","1489.9","A","Official value",""
"QCL","Crops and livestock products","203","Czechia","5510","Production","01709.90","Other pulses n.e.c.","2019","2019","t","2950","A","Official value",""
"QCL","Crops and livestock products","203","Czechia","5312","Area harvested","01709.90","Other pulses n.e.c.","2020","2020","ha","1960","A","Official value",""
"QCL","Crops and livestock products","203","Czechia","5412","Yield","01709.90","Other pulses n.e.c.","2020","2020","kg/ha","1224.5","A","Official value",""
"QCL","Crops and livestock products","203","Czechia","5510","Production","01709.90","Other pulses n.e.c.","2020","2020","t","2400","A","Official value",""
"QCL","Crops and livestock products","203","Czechia","5312","Area harvested","01709.90","Other pulses n.e.c.","2021","2021","ha","1480","A","Official value",""
"QCL","Crops and livestock products","203","Czechia","5412","Yield","01709.90","Other pulses n.e.c.","2021","2021","kg/ha","1675.7","A","Official value",""
"QCL","Crops and livestock products","203","Czechia","5510","Production","01709.90","Other pulses n.e.c.","2021","2021","t","2480","A","Official value",""
"QCL","Crops and livestock products","203","Czechia","5312","Area harvested","01709.90","Other pulses n.e.c.","2022","2022","ha","1590","A","Official value",""
"QCL","Crops and livestock products","203","Czechia","5412","Yield","01709.90","Other pulses n.e.c.","2022","2022","kg/ha","1937.1","A","Official value",""
"QCL","Crops and livestock products","203","Czechia","5510","Production","01709.90","Other pulses n.e.c.","2022","2022","t","3080","A","Official value",""
"QCL","Crops and livestock products","203","Czechia","5312","Area harvested","01709.90","Other pulses n.e.c.","2023","2023","ha","1450","A","Official value",""
"QCL","Crops and livestock products","203","Czechia","5412","Yield","01709.90","Other pulses n.e.c.","2023","2023","kg/ha","903.4","A","Official value",""
"QCL","Crops and livestock products","203","Czechia","5510","Production","01709.90","Other pulses n.e.c.","2023","2023","t","1310","A","Official value",""
"QCL","Crops and livestock products","203","Czechia","5312","Area harvested","01709.90","Other pulses n.e.c.","2024","2024","ha","2190","A","Official value",""
"QCL","Crops and livestock products","203","Czechia","5412","Yield","01709.90","Other pulses n.e.c.","2024","2024","kg/ha","936.1","A","Official value",""
"QCL","Crops and livestock products","203","Czechia","5510","Production","01709.90","Other pulses n.e.c.","2024","2024","t","2050","A","Official value",""
"QCL","Crops and livestock products","203","Czechia","5312","Area harvested","01349.20","Other stone fruits","2023","2023","ha","0","A","Official value",""
"QCL","Crops and livestock products","203","Czechia","5510","Production","01349.20","Other stone fruits","2023","2023","t","0","A","Official value",""
"QCL","Crops and livestock products","203","Czechia","5312","Area harvested","01349.20","Other stone fruits","2024","2024","ha","0","A","Official value",""
"QCL","Crops and livestock products","203","Czechia","5510","Production","01349.20","Other stone fruits","2024","2024","t","0","A","Official value",""
"QCL","Crops and livestock products","203","Czechia","5312","Area harvested","01319","Other tropical fruits, n.e.c.","2018","2018","ha","0","A","Official value",""
"QCL","Crops and livestock products","203","Czechia","5510","Production","01319","Other tropical fruits, n.e.c.","2018","2018","t","0","A","Official value",""
"QCL","Crops and livestock products","203","Czechia","5312","Area harvested","01319","Other tropical fruits, n.e.c.","2019","2019","ha","0","A","Official value",""
"QCL","Crops and livestock products","203","Czechia","5510","Production","01319","Other tropical fruits, n.e.c.","2019","2019","t","0","A","Official value",""
"QCL","Crops and livestock products","203","Czechia","5312","Area harvested","01319","Other tropical fruits, n.e.c.","2020","2020","ha","0","A","Official value",""
"QCL","Crops and livestock products","203","Czechia","5510","Production","01319","Other tropical fruits, n.e.c.","2020","2020","t","0","A","Official value",""
"QCL","Crops and livestock products","203","Czechia","5312","Area harvested","01319","Other tropical fruits, n.e.c.","2021","2021","ha","0","A","Official value",""
"QCL","Crops and livestock products","203","Czechia","5510","Production","01319","Other tropical fruits, n.e.c.","2021","2021","t","0","A","Official value",""
"QCL","Crops and livestock products","203","Czechia","5312","Area harvested","01319","Other tropical fruits, n.e.c.","2022","2022","ha","0","A","Official value",""
"QCL","Crops and livestock products","203","Czechia","5510","Production","01319","Other tropical fruits, n.e.c.","2022","2022","t","0","A","Official value",""
"QCL","Crops and livestock products","203","Czechia","5312","Area harvested","01319","Other tropical fruits, n.e.c.","2023","2023","ha","0","A","Official value",""
"QCL","Crops and livestock products","203","Czechia","5510","Production","01319","Other tropical fruits, n.e.c.","2023","2023","t","0","A","Official value",""
"QCL","Crops and livestock products","203","Czechia","5312","Area harvested","01319","Other tropical fruits, n.e.c.","2024","2024","ha","0","A","Official value",""
"QCL","Crops and livestock products","203","Czechia","5510","Production","01319","Other tropical fruits, n.e.c.","2024","2024","t","0","A","Official value",""
"QCL","Crops and livestock products","203","Czechia","5312","Area harvested","01290.90","Other vegetables, fresh n.e.c.","1993","1993","ha","7478","A","Official value",""
"QCL","Crops and livestock products","203","Czechia","5412","Yield","01290.90","Other vegetables, fresh n.e.c.","1993","1993","kg/ha","15779.5","A","Official value",""
"QCL","Crops and livestock products","203","Czechia","5510","Production","01290.90","Other vegetables, fresh n.e.c.","1993","1993","t","117999","A","Official value",""
"QCL","Crops and livestock products","203","Czechia","5312","Area harvested","01290.90","Other vegetables, fresh n.e.c.","1994","1994","ha","9485","A","Official value",""
"QCL","Crops and livestock products","203","Czechia","5412","Yield","01290.90","Other vegetables, fresh n.e.c.","1994","1994","kg/ha","8592.5","E","Estimated value",""
"QCL","Crops and livestock products","203","Czechia","5510","Production","01290.90","Other vegetables, fresh n.e.c.","1994","1994","t","81500","X","Value from external organization","Unofficial figure"
"QCL","Crops and livestock products","203","Czechia","5312","Area harvested","01290.90","Other vegetables, fresh n.e.c.","1995","1995","ha","9409","A","Official value",""
"QCL","Crops and livestock products","203","Czechia","5412","Yield","01290.90","Other vegetables, fresh n.e.c.","1995","1995","kg/ha","13346.4","A","Official value",""
"QCL","Crops and livestock products","203","Czechia","5510","Production","01290.90","Other vegetables, fresh n.e.c.","1995","1995","t","125576","A","Official value",""
"QCL","Crops and livestock products","203","Czechia","5312","Area harvested","01290.90","Other vegetables, fresh n.e.c.","1996","1996","ha","9669","X","Value from external organization","Unofficial figure"
"QCL","Crops and livestock products","203","Czechia","5412","Yield","01290.90","Other vegetables, fresh n.e.c.","1996","1996","kg/ha","8696.6","X","Value from external organization",""
"QCL","Crops and livestock products","203","Czechia","5510","Production","01290.90","Other vegetables, fresh n.e.c.","1996","1996","t","84087","X","Value from external organization","Unofficial figure"
"QCL","Crops and livestock products","203","Czechia","5312","Area harvested","01290.90","Other vegetables, fresh n.e.c.","1997","1997","ha","9084","X","Value from external organization","Unofficial figure"
"QCL","Crops and livestock products","203","Czechia","5412","Yield","01290.90","Other vegetables, fresh n.e.c.","1997","1997","kg/ha","8424.7","X","Value from external organization",""
"QCL","Crops and livestock products","203","Czechia","5510","Production","01290.90","Other vegetables, fresh n.e.c.","1997","1997","t","76530","X","Value from external organization","Unofficial figure"
"QCL","Crops and livestock products","203","Czechia","5312","Area harvested","01290.90","Other vegetables, fresh n.e.c.","1998","1998","ha","9361","X","Value from external organization","Unofficial figure"
"QCL","Crops and livestock products","203","Czechia","5412","Yield","01290.90","Other vegetables, fresh n.e.c.","1998","1998","kg/ha","8216.5","X","Value from external organization",""
"QCL","Crops and livestock products","203","Czechia","5510","Production","01290.90","Other vegetables, fresh n.e.c.","1998","1998","t","76915","X","Value from external organization","Unofficial figure"
"QCL","Crops and livestock products","203","Czechia","5312","Area harvested","01290.90","Other vegetables, fresh n.e.c.","1999","1999","ha","7285","X","Value from external organization","Unofficial figure"
"QCL","Crops and livestock products","203","Czechia","5412","Yield","01290.90","Other vegetables, fresh n.e.c.","1999","1999","kg/ha","10865.8","X","Value from external organization",""
"QCL","Crops and livestock products","203","Czechia","5510","Production","01290.90","Other vegetables, fresh n.e.c.","1999","1999","t","79157","X","Value from external organization","Unofficial figure"
"QCL","Crops and livestock products","203","Czechia","5312","Area harvested","01290.90","Other vegetables, fresh n.e.c.","2000","2000","ha","6000","E","Estimated value",""
"QCL","Crops and livestock products","203","Czechia","5412","Yield","01290.90","Other vegetables, fresh n.e.c.","2000","2000","kg/ha","10333.3","E","Estimated value",""
"QCL","Crops and livestock products","203","Czechia","5510","Production","01290.90","Other vegetables, fresh n.e.c.","2000","2000","t","62000","E","Estimated value",""
"QCL","Crops and livestock products","203","Czechia","5312","Area harvested","01290.90","Other vegetables, fresh n.e.c.","2001","2001","ha","6773","I","Value imputed by a receiving agency",""
"QCL","Crops and livestock products","203","Czechia","5412","Yield","01290.90","Other vegetables, fresh n.e.c.","2001","2001","kg/ha","9449.1","E","Estimated value",""
"QCL","Crops and livestock products","203","Czechia","5510","Production","01290.90","Other vegetables, fresh n.e.c.","2001","2001","t","64000","E","Estimated value",""
"QCL","Crops and livestock products","203","Czechia","5312","Area harvested","01290.90","Other vegetables, fresh n.e.c.","2002","2002","ha","5000","E","Estimated value",""
"QCL","Crops and livestock products","203","Czechia","5412","Yield","01290.90","Other vegetables, fresh n.e.c.","2002","2002","kg/ha","6873.4","E","Estimated value",""
"QCL","Crops and livestock products","203","Czechia","5510","Production","01290.90","Other vegetables, fresh n.e.c.","2002","2002","t","34367","X","Value from external organization","Unofficial figure"
"QCL","Crops and livestock products","203","Czechia","5312","Area harvested","01290.90","Other vegetables, fresh n.e.c.","2003","2003","ha","3161","I","Value imputed by a receiving agency",""
"QCL","Crops and livestock products","203","Czechia","5412","Yield","01290.90","Other vegetables, fresh n.e.c.","2003","2003","kg/ha","9457.6","E","Estimated value",""
"QCL","Crops and livestock products","203","Czechia","5510","Production","01290.90","Other vegetables, fresh n.e.c.","2003","2003","t","29891","X","Value from external organization","Unofficial figure"
"QCL","Crops and livestock products","203","Czechia","5312","Area harvested","01290.90","Other vegetables, fresh n.e.c.","2004","2004","ha","4782","I","Value imputed by a receiving agency",""
"QCL","Crops and livestock products","203","Czechia","5412","Yield","01290.90","Other vegetables, fresh n.e.c.","2004","2004","kg/ha","10080.3","E","Estimated value",""
"QCL","Crops and livestock products","203","Czechia","5510","Production","01290.90","Other vegetables, fresh n.e.c.","2004","2004","t","48200","X","Value from external organization","Unofficial figure"
"QCL","Crops and livestock products","203","Czechia","5312","Area harvested","01290.90","Other vegetables, fresh n.e.c.","2005","2005","ha","4558","I","Value imputed by a receiving agency",""
"QCL","Crops and livestock products","203","Czechia","5412","Yield","01290.90","Other vegetables, fresh n.e.c.","2005","2005","kg/ha","10970.9","E","Estimated value",""
"QCL","Crops and livestock products","203","Czechia","5510","Production","01290.90","Other vegetables, fresh n.e.c.","2005","2005","t","50000","E","Estimated value",""
"QCL","Crops and livestock products","203","Czechia","5312","Area harvested","01290.90","Other vegetables, fresh n.e.c.","2006","2006","ha","3267","A","Official value",""
"QCL","Crops and livestock products","203","Czechia","5412","Yield","01290.90","Other vegetables, fresh n.e.c.","2006","2006","kg/ha","12160.1","A","Official value",""
"QCL","Crops and livestock products","203","Czechia","5510","Production","01290.90","Other vegetables, fresh n.e.c.","2006","2006","t","39727","A","Official value",""
"QCL","Crops and livestock products","203","Czechia","5312","Area harvested","01290.90","Other vegetables, fresh n.e.c.","2007","2007","ha","3390","A","Official value",""
"QCL","Crops and livestock products","203","Czechia","5412","Yield","01290.90","Other vegetables, fresh n.e.c.","2007","2007","kg/ha","13010.9","A","Official value",""
"QCL","Crops and livestock products","203","Czechia","5510","Production","01290.90","Other vegetables, fresh n.e.c.","2007","2007","t","44107","A","Official value",""
"QCL","Crops and livestock products","203","Czechia","5312","Area harvested","01290.90","Other vegetables, fresh n.e.c.","2008","2008","ha","3435","A","Official value",""
"QCL","Crops and livestock products","203","Czechia","5412","Yield","01290.90","Other vegetables, fresh n.e.c.","2008","2008","kg/ha","11070.7","A","Official value",""
"QCL","Crops and livestock products","203","Czechia","5510","Production","01290.90","Other vegetables, fresh n.e.c.","2008","2008","t","38028","A","Official value",""
"QCL","Crops and livestock products","203","Czechia","5312","Area harvested","01290.90","Other vegetables, fresh n.e.c.","2009","2009","ha","3167","A","Official value",""
"QCL","Crops and livestock products","203","Czechia","5412","Yield","01290.90","Other vegetables, fresh n.e.c.","2009","2009","kg/ha","12452.2","A","Official value",""
"QCL","Crops and livestock products","203","Czechia","5510","Production","01290.90","Other vegetables, fresh n.e.c.","2009","2009","t","39436","A","Official value",""
"QCL","Crops and livestock products","203","Czechia","5312","Area harvested","01290.90","Other vegetables, fresh n.e.c.","2010","2010","ha","2831","A","Official value",""
"QCL","Crops and livestock products","203","Czechia","5412","Yield","01290.90","Other vegetables, fresh n.e.c.","2010","2010","kg/ha","11907.1","A","Official value",""
"QCL","Crops and livestock products","203","Czechia","5510","Production","01290.90","Other vegetables, fresh n.e.c.","2010","2010","t","33709","A","Official value",""
"QCL","Crops and livestock products","203","Czechia","5312","Area harvested","01290.90","Other vegetables, fresh n.e.c.","2011","2011","ha","3215","A","Official value",""
"QCL","Crops and livestock products","203","Czechia","5412","Yield","01290.90","Other vegetables, fresh n.e.c.","2011","2011","kg/ha","13468.1","A","Official value",""
"QCL","Crops and livestock products","203","Czechia","5510","Production","01290.90","Other vegetables, fresh n.e.c.","2011","2011","t","43300","A","Official value",""
"QCL","Crops and livestock products","203","Czechia","5312","Area harvested","01290.90","Other vegetables, fresh n.e.c.","2012","2012","ha","2686","A","Official value",""
"QCL","Crops and livestock products","203","Czechia","5412","Yield","01290.90","Other vegetables, fresh n.e.c.","2012","2012","kg/ha","14222.3","A","Official value",""
"QCL","Crops and livestock products","203","Czechia","5510","Production","01290.90","Other vegetables, fresh n.e.c.","2012","2012","t","38201","A","Official value",""
"QCL","Crops and livestock products","203","Czechia","5312","Area harvested","01290.90","Other vegetables, fresh n.e.c.","2013","2013","ha","2946","A","Official value",""
"QCL","Crops and livestock products","203","Czechia","5412","Yield","01290.90","Other vegetables, fresh n.e.c.","2013","2013","kg/ha","16816.7","A","Official value",""
"QCL","Crops and livestock products","203","Czechia","5510","Production","01290.90","Other vegetables, fresh n.e.c.","2013","2013","t","49542","A","Official value",""
"QCL","Crops and livestock products","203","Czechia","5312","Area harvested","01290.90","Other vegetables, fresh n.e.c.","2014","2014","ha","3226","A","Official value",""
"QCL","Crops and livestock products","203","Czechia","5412","Yield","01290.90","Other vegetables, fresh n.e.c.","2014","2014","kg/ha","19727.5","A","Official value",""
"QCL","Crops and livestock products","203","Czechia","5510","Production","01290.90","Other vegetables, fresh n.e.c.","2014","2014","t","63641","A","Official value",""
"QCL","Crops and livestock products","203","Czechia","5312","Area harvested","01290.90","Other vegetables, fresh n.e.c.","2015","2015","ha","3587","A","Official value",""
"QCL","Crops and livestock products","203","Czechia","5412","Yield","01290.90","Other vegetables, fresh n.e.c.","2015","2015","kg/ha","15184.3","A","Official value",""
"QCL","Crops and livestock products","203","Czechia","5510","Production","01290.90","Other vegetables, fresh n.e.c.","2015","2015","t","54466","A","Official value",""
"QCL","Crops and livestock products","203","Czechia","5312","Area harvested","01290.90","Other vegetables, fresh n.e.c.","2016","2016","ha","4096","A","Official value",""
"QCL","Crops and livestock products","203","Czechia","5412","Yield","01290.90","Other vegetables, fresh n.e.c.","2016","2016","kg/ha","15578.6","A","Official value",""
"QCL","Crops and livestock products","203","Czechia","5510","Production","01290.90","Other vegetables, fresh n.e.c.","2016","2016","t","63810","A","Official value",""
"QCL","Crops and livestock products","203","Czechia","5312","Area harvested","01290.90","Other vegetables, fresh n.e.c.","2017","2017","ha","3446","A","Official value",""
"QCL","Crops and livestock products","203","Czechia","5412","Yield","01290.90","Other vegetables, fresh n.e.c.","2017","2017","kg/ha","16744.3","A","Official value",""
"QCL","Crops and livestock products","203","Czechia","5510","Production","01290.90","Other vegetables, fresh n.e.c.","2017","2017","t","57701","A","Official value",""
"QCL","Crops and livestock products","203","Czechia","5312","Area harvested","01290.90","Other vegetables, fresh n.e.c.","2023","2023","ha","750","A","Official value",""
"QCL","Crops and livestock products","203","Czechia","5412","Yield","01290.90","Other vegetables, fresh n.e.c.","2023","2023","kg/ha","6066.7","A","Official value",""
"QCL","Crops and livestock products","203","Czechia","5510","Production","01290.90","Other vegetables, fresh n.e.c.","2023","2023","t","4550","A","Official value",""
"QCL","Crops and livestock products","203","Czechia","5312","Area harvested","01290.90","Other vegetables, fresh n.e.c.","2024","2024","ha","710","A","Official value",""
"QCL","Crops and livestock products","203","Czechia","5412","Yield","01290.90","Other vegetables, fresh n.e.c.","2024","2024","kg/ha","7309.9","A","Official value",""
"QCL","Crops and livestock products","203","Czechia","5510","Production","01290.90","Other vegetables, fresh n.e.c.","2024","2024","t","5190","A","Official value",""
"QCL","Crops and livestock products","203","Czechia","5312","Area harvested","01345","Peaches and nectarines","1993","1993","ha","2240","E","Estimated value",""
"QCL","Crops and livestock products","203","Czechia","5412","Yield","01345","Peaches and nectarines","1993","1993","kg/ha","4915.6","E","Estimated value",""
"QCL","Crops and livestock products","203","Czechia","5510","Production","01345","Peaches and nectarines","1993","1993","t","11011","A","Official value",""
"QCL","Crops and livestock products","203","Czechia","5312","Area harvested","01345","Peaches and nectarines","1994","1994","ha","2300","E","Estimated value",""
"QCL","Crops and livestock products","203","Czechia","5412","Yield","01345","Peaches and nectarines","1994","1994","kg/ha","3721.7","E","Estimated value",""
"QCL","Crops and livestock products","203","Czechia","5510","Production","01345","Peaches and nectarines","1994","1994","t","8560","A","Official value",""
"QCL","Crops and livestock products","203","Czechia","5312","Area harvested","01345","Peaches and nectarines","1995","1995","ha","2190","E","Estimated value",""
"QCL","Crops and livestock products","203","Czechia","5412","Yield","01345","Peaches and nectarines","1995","1995","kg/ha","5515.1","E","Estimated value",""
"QCL","Crops and livestock products","203","Czechia","5510","Production","01345","Peaches and nectarines","1995","1995","t","12078","A","Official value",""
"QCL","Crops and livestock products","203","Czechia","5312","Area harvested","01345","Peaches and nectarines","1996","1996","ha","2100","E","Estimated value",""
"QCL","Crops and livestock products","203","Czechia","5412","Yield","01345","Peaches and nectarines","1996","1996","kg/ha","3797.6","E","Estimated value",""
"QCL","Crops and livestock products","203","Czechia","5510","Production","01345","Peaches and nectarines","1996","1996","t","7975","A","Official value",""
"QCL","Crops and livestock products","203","Czechia","5312","Area harvested","01345","Peaches and nectarines","1997","1997","ha","1980","E","Estimated value",""
"QCL","Crops and livestock products","203","Czechia","5412","Yield","01345","Peaches and nectarines","1997","1997","kg/ha","3668.2","E","Estimated value",""
"QCL","Crops and livestock products","203","Czechia","5510","Production","01345","Peaches and nectarines","1997","1997","t","7263","A","Official value",""
"QCL","Crops and livestock products","203","Czechia","5312","Area harvested","01345","Peaches and nectarines","1998","1998","ha","1890","A","Official value",""
"QCL","Crops and livestock products","203","Czechia","5412","Yield","01345","Peaches and nectarines","1998","1998","kg/ha","3738.1","A","Official value",""
"QCL","Crops and livestock products","203","Czechia","5510","Production","01345","Peaches and nectarines","1998","1998","t","7065","A","Official value",""
"QCL","Crops and livestock products","203","Czechia","5312","Area harvested","01345","Peaches and nectarines","1999","1999","ha","1900","A","Official value",""
"QCL","Crops and livestock products","203","Czechia","5412","Yield","01345","Peaches and nectarines","1999","1999","kg/ha","3648.4","A","Official value",""
"QCL","Crops and livestock products","203","Czechia","5510","Production","01345","Peaches and nectarines","1999","1999","t","6932","A","Official value",""
"QCL","Crops and livestock products","203","Czechia","5312","Area harvested","01345","Peaches and nectarines","2000","2000","ha","2400","A","Official value",""
"QCL","Crops and livestock products","203","Czechia","5412","Yield","01345","Peaches and nectarines","2000","2000","kg/ha","4665.4","A","Official value",""
"QCL","Crops and livestock products","203","Czechia","5510","Production","01345","Peaches and nectarines","2000","2000","t","11197","A","Official value",""
"QCL","Crops and livestock products","203","Czechia","5312","Area harvested","01345","Peaches and nectarines","2001","2001","ha","1850","A","Official value",""
"QCL","Crops and livestock products","203","Czechia","5412","Yield","01345","Peaches and nectarines","2001","2001","kg/ha","2575.1","A","Official value",""
"QCL","Crops and livestock products","203","Czechia","5510","Production","01345","Peaches and nectarines","2001","2001","t","4764","A","Official value",""
"QCL","Crops and livestock products","203","Czechia","5312","Area harvested","01345","Peaches and nectarines","2002","2002","ha","1360","A","Official value",""
"QCL","Crops and livestock products","203","Czechia","5412","Yield","01345","Peaches and nectarines","2002","2002","kg/ha","4052.9","A","Official value",""
"QCL","Crops and livestock products","203","Czechia","5510","Production","01345","Peaches and nectarines","2002","2002","t","5512","A","Official value",""
"QCL","Crops and livestock products","203","Czechia","5312","Area harvested","01345","Peaches and nectarines","2003","2003","ha","1290","A","Official value",""
"QCL","Crops and livestock products","203","Czechia","5412","Yield","01345","Peaches and nectarines","2003","2003","kg/ha","4279.1","A","Official value",""
"QCL","Crops and livestock products","203","Czechia","5510","Production","01345","Peaches and nectarines","2003","2003","t","5520","A","Official value",""
"QCL","Crops and livestock products","203","Czechia","5312","Area harvested","01345","Peaches and nectarines","2004","2004","ha","1370","A","Official value",""
"QCL","Crops and livestock products","203","Czechia","5412","Yield","01345","Peaches and nectarines","2004","2004","kg/ha","3313.1","A","Official value",""
"QCL","Crops and livestock products","203","Czechia","5510","Production","01345","Peaches and nectarines","2004","2004","t","4539","A","Official value",""
"QCL","Crops and livestock products","203","Czechia","5312","Area harvested","01345","Peaches and nectarines","2005","2005","ha","1300","A","Official value",""
"QCL","Crops and livestock products","203","Czechia","5412","Yield","01345","Peaches and nectarines","2005","2005","kg/ha","2240","A","Official value",""
"QCL","Crops and livestock products","203","Czechia","5510","Production","01345","Peaches and nectarines","2005","2005","t","2912","A","Official value",""
"QCL","Crops and livestock products","203","Czechia","5312","Area harvested","01345","Peaches and nectarines","2006","2006","ha","1260","A","Official value",""
"QCL","Crops and livestock products","203","Czechia","5412","Yield","01345","Peaches and nectarines","2006","2006","kg/ha","2810.3","A","Official value",""
"QCL","Crops and livestock products","203","Czechia","5510","Production","01345","Peaches and nectarines","2006","2006","t","3541","A","Official value",""
"QCL","Crops and livestock products","203","Czechia","5312","Area harvested","01345","Peaches and nectarines","2007","2007","ha","1070","A","Official value",""
"QCL","Crops and livestock products","203","Czechia","5412","Yield","01345","Peaches and nectarines","2007","2007","kg/ha","3352.3","A","Official value",""
"QCL","Crops and livestock products","203","Czechia","5510","Production","01345","Peaches and nectarines","2007","2007","t","3587","A","Official value",""
"QCL","Crops and livestock products","203","Czechia","5312","Area harvested","01345","Peaches and nectarines","2008","2008","ha","980","A","Official value",""
"QCL","Crops and livestock products","203","Czechia","5412","Yield","01345","Peaches and nectarines","2008","2008","kg/ha","3806.1","A","Official value",""
"QCL","Crops and livestock products","203","Czechia","5510","Production","01345","Peaches and nectarines","2008","2008","t","3730","A","Official value",""
"QCL","Crops and livestock products","203","Czechia","5312","Area harvested","01345","Peaches and nectarines","2009","2009","ha","850","A","Official value",""
"QCL","Crops and livestock products","203","Czechia","5412","Yield","01345","Peaches and nectarines","2009","2009","kg/ha","3744.7","A","Official value",""
"QCL","Crops and livestock products","203","Czechia","5510","Production","01345","Peaches and nectarines","2009","2009","t","3183","A","Official value",""
"QCL","Crops and livestock products","203","Czechia","5312","Area harvested","01345","Peaches and nectarines","2010","2010","ha","800","A","Official value",""
"QCL","Crops and livestock products","203","Czechia","5412","Yield","01345","Peaches and nectarines","2010","2010","kg/ha","2252.5","A","Official value",""
"QCL","Crops and livestock products","203","Czechia","5510","Production","01345","Peaches and nectarines","2010","2010","t","1802","A","Official value",""
"QCL","Crops and livestock products","203","Czechia","5312","Area harvested","01345","Peaches and nectarines","2011","2011","ha","743","A","Official value",""
"QCL","Crops and livestock products","203","Czechia","5412","Yield","01345","Peaches and nectarines","2011","2011","kg/ha","2814.3","A","Official value",""
"QCL","Crops and livestock products","203","Czechia","5510","Production","01345","Peaches and nectarines","2011","2011","t","2091","A","Official value",""
"QCL","Crops and livestock products","203","Czechia","5312","Area harvested","01345","Peaches and nectarines","2012","2012","ha","671","A","Official value",""
"QCL","Crops and livestock products","203","Czechia","5412","Yield","01345","Peaches and nectarines","2012","2012","kg/ha","2326.4","A","Official value",""
"QCL","Crops and livestock products","203","Czechia","5510","Production","01345","Peaches and nectarines","2012","2012","t","1561","A","Official value",""
"QCL","Crops and livestock products","203","Czechia","5312","Area harvested","01345","Peaches and nectarines","2013","2013","ha","630","A","Official value",""
"QCL","Crops and livestock products","203","Czechia","5412","Yield","01345","Peaches and nectarines","2013","2013","kg/ha","3634.9","A","Official value",""
"QCL","Crops and livestock products","203","Czechia","5510","Production","01345","Peaches and nectarines","2013","2013","t","2290","A","Official value",""
"QCL","Crops and livestock products","203","Czechia","5312","Area harvested","01345","Peaches and nectarines","2014","2014","ha","584","A","Official value",""
"QCL","Crops and livestock products","203","Czechia","5412","Yield","01345","Peaches and nectarines","2014","2014","kg/ha","1837.3","A","Official value",""
"QCL","Crops and livestock products","203","Czechia","5510","Production","01345","Peaches and nectarines","2014","2014","t","1073","A","Official value",""
"QCL","Crops and livestock products","203","Czechia","5312","Area harvested","01345","Peaches and nectarines","2015","2015","ha","481","A","Official value",""
"QCL","Crops and livestock products","203","Czechia","5412","Yield","01345","Peaches and nectarines","2015","2015","kg/ha","3318.1","A","Official value",""
"QCL","Crops and livestock products","203","Czechia","5510","Production","01345","Peaches and nectarines","2015","2015","t","1596","A","Official value",""
"QCL","Crops and livestock products","203","Czechia","5312","Area harvested","01345","Peaches and nectarines","2016","2016","ha","393","A","Official value",""
"QCL","Crops and livestock products","203","Czechia","5412","Yield","01345","Peaches and nectarines","2016","2016","kg/ha","699.7","A","Official value",""
"QCL","Crops and livestock products","203","Czechia","5510","Production","01345","Peaches and nectarines","2016","2016","t","275","A","Official value",""
"QCL","Crops and livestock products","203","Czechia","5312","Area harvested","01345","Peaches and nectarines","2017","2017","ha","366","A","Official value",""
"QCL","Crops and livestock products","203","Czechia","5412","Yield","01345","Peaches and nectarines","2017","2017","kg/ha","1324.5","A","Official value",""
"QCL","Crops and livestock products","203","Czechia","5510","Production","01345","Peaches and nectarines","2017","2017","t","484.75","A","Official value",""
"QCL","Crops and livestock products","203","Czechia","5312","Area harvested","01345","Peaches and nectarines","2018","2018","ha","380","A","Official value",""
"QCL","Crops and livestock products","203","Czechia","5412","Yield","01345","Peaches and nectarines","2018","2018","kg/ha","2526.3","A","Official value",""
"QCL","Crops and livestock products","203","Czechia","5510","Production","01345","Peaches and nectarines","2018","2018","t","960","A","Official value",""
"QCL","Crops and livestock products","203","Czechia","5312","Area harvested","01345","Peaches and nectarines","2019","2019","ha","340","A","Official value",""
"QCL","Crops and livestock products","203","Czechia","5412","Yield","01345","Peaches and nectarines","2019","2019","kg/ha","1617.6","A","Official value",""
"QCL","Crops and livestock products","203","Czechia","5510","Production","01345","Peaches and nectarines","2019","2019","t","550","A","Official value",""
"QCL","Crops and livestock products","203","Czechia","5312","Area harvested","01345","Peaches and nectarines","2020","2020","ha","340","A","Official value",""
"QCL","Crops and livestock products","203","Czechia","5412","Yield","01345","Peaches and nectarines","2020","2020","kg/ha","1264.7","A","Official value",""
"QCL","Crops and livestock products","203","Czechia","5510","Production","01345","Peaches and nectarines","2020","2020","t","430","A","Official value",""
"QCL","Crops and livestock products","203","Czechia","5312","Area harvested","01345","Peaches and nectarines","2021","2021","ha","320","A","Official value",""
"QCL","Crops and livestock products","203","Czechia","5412","Yield","01345","Peaches and nectarines","2021","2021","kg/ha","1375","A","Official value",""
"QCL","Crops and livestock products","203","Czechia","5510","Production","01345","Peaches and nectarines","2021","2021","t","440","A","Official value",""
"QCL","Crops and livestock products","203","Czechia","5312","Area harvested","01345","Peaches and nectarines","2022","2022","ha","280","A","Official value",""
"QCL","Crops and livestock products","203","Czechia","5412","Yield","01345","Peaches and nectarines","2022","2022","kg/ha","1214.3","A","Official value",""
"QCL","Crops and livestock products","203","Czechia","5510","Production","01345","Peaches and nectarines","2022","2022","t","340","A","Official value",""
"QCL","Crops and livestock products","203","Czechia","5312","Area harvested","01345","Peaches and nectarines","2023","2023","ha","250","A","Official value",""
"QCL","Crops and livestock products","203","Czechia","5412","Yield","01345","Peaches and nectarines","2023","2023","kg/ha","760","A","Official value",""
"QCL","Crops and livestock products","203","Czechia","5510","Production","01345","Peaches and nectarines","2023","2023","t","190","A","Official value",""
"QCL","Crops and livestock products","203","Czechia","5312","Area harvested","01345","Peaches and nectarines","2024","2024","ha","190","A","Official value",""
"QCL","Crops and livestock products","203","Czechia","5412","Yield","01345","Peaches and nectarines","2024","2024","kg/ha","1526.3","A","Official value",""
"QCL","Crops and livestock products","203","Czechia","5510","Production","01345","Peaches and nectarines","2024","2024","t","290","A","Official value",""
"QCL","Crops and livestock products","203","Czechia","5312","Area harvested","01342.01","Pears","1993","1993","ha","2900","E","Estimated value",""
"QCL","Crops and livestock products","203","Czechia","5412","Yield","01342.01","Pears","1993","1993","kg/ha","9632.8","E","Estimated value",""
"QCL","Crops and livestock products","203","Czechia","5510","Production","01342.01","Pears","1993","1993","t","27935","A","Official value",""
"QCL","Crops and livestock products","203","Czechia","5312","Area harvested","01342.01","Pears","1994","1994","ha","2600","E","Estimated value",""
"QCL","Crops and livestock products","203","Czechia","5412","Yield","01342.01","Pears","1994","1994","kg/ha","8839.2","E","Estimated value",""
"QCL","Crops and livestock products","203","Czechia","5510","Production","01342.01","Pears","1994","1994","t","22982","A","Official value",""
"QCL","Crops and livestock products","203","Czechia","5312","Area harvested","01342.01","Pears","1995","1995","ha","2900","E","Estimated value",""
"QCL","Crops and livestock products","203","Czechia","5412","Yield","01342.01","Pears","1995","1995","kg/ha","9353.1","E","Estimated value",""
"QCL","Crops and livestock products","203","Czechia","5510","Production","01342.01","Pears","1995","1995","t","27124","A","Official value",""
"QCL","Crops and livestock products","203","Czechia","5312","Area harvested","01342.01","Pears","1996","1996","ha","2200","E","Estimated value",""
"QCL","Crops and livestock products","203","Czechia","5412","Yield","01342.01","Pears","1996","1996","kg/ha","8623.2","E","Estimated value",""
"QCL","Crops and livestock products","203","Czechia","5510","Production","01342.01","Pears","1996","1996","t","18971","A","Official value",""
"QCL","Crops and livestock products","203","Czechia","5312","Area harvested","01342.01","Pears","1997","1997","ha","2300","E","Estimated value",""
"QCL","Crops and livestock products","203","Czechia","5412","Yield","01342.01","Pears","1997","1997","kg/ha","8675.7","E","Estimated value",""
"QCL","Crops and livestock products","203","Czechia","5510","Production","01342.01","Pears","1997","1997","t","19954","A","Official value",""
"QCL","Crops and livestock products","203","Czechia","5312","Area harvested","01342.01","Pears","1998","1998","ha","2700","E","Estimated value",""
"QCL","Crops and livestock products","203","Czechia","5412","Yield","01342.01","Pears","1998","1998","kg/ha","9136.3","E","Estimated value",""
"QCL","Crops and livestock products","203","Czechia","5510","Production","01342.01","Pears","1998","1998","t","24668","A","Official value",""
"QCL","Crops and livestock products","203","Czechia","5312","Area harvested","01342.01","Pears","1999","1999","ha","2700","E","Estimated value",""
"QCL","Crops and livestock products","203","Czechia","5412","Yield","01342.01","Pears","1999","1999","kg/ha","8521.1","E","Estimated value",""
"QCL","Crops and livestock products","203","Czechia","5510","Production","01342.01","Pears","1999","1999","t","23007","A","Official value",""
"QCL","Crops and livestock products","203","Czechia","5312","Area harvested","01342.01","Pears","2000","2000","ha","2700","E","Estimated value",""
"QCL","Crops and livestock products","203","Czechia","5412","Yield","01342.01","Pears","2000","2000","kg/ha","9327","E","Estimated value",""
"QCL","Crops and livestock products","203","Czechia","5510","Production","01342.01","Pears","2000","2000","t","25183","A","Official value",""
"QCL","Crops and livestock products","203","Czechia","5312","Area harvested","01342.01","Pears","2001","2001","ha","2700","E","Estimated value",""
"QCL","Crops and livestock products","203","Czechia","5412","Yield","01342.01","Pears","2001","2001","kg/ha","6051.5","E","Estimated value",""
"QCL","Crops and livestock products","203","Czechia","5510","Production","01342.01","Pears","2001","2001","t","16339","A","Official value",""
"QCL","Crops and livestock products","203","Czechia","5312","Area harvested","01342.01","Pears","2002","2002","ha","300","A","Official value",""
"QCL","Crops and livestock products","203","Czechia","5412","Yield","01342.01","Pears","2002","2002","kg/ha","10600","A","Official value",""
"QCL","Crops and livestock products","203","Czechia","5510","Production","01342.01","Pears","2002","2002","t","3180","A","Official value",""
"QCL","Crops and livestock products","203","Czechia","5312","Area harvested","01342.01","Pears","2003","2003","ha","410","A","Official value",""
"QCL","Crops and livestock products","203","Czechia","5412","Yield","01342.01","Pears","2003","2003","kg/ha","3695.1","A","Official value",""
"QCL","Crops and livestock products","203","Czechia","5510","Production","01342.01","Pears","2003","2003","t","1515","A","Official value",""
"QCL","Crops and livestock products","203","Czechia","5312","Area harvested","01342.01","Pears","2004","2004","ha","470","A","Official value",""
"QCL","Crops and livestock products","203","Czechia","5412","Yield","01342.01","Pears","2004","2004","kg/ha","4817","A","Official value",""
"QCL","Crops and livestock products","203","Czechia","5510","Production","01342.01","Pears","2004","2004","t","2264","A","Official value",""
"QCL","Crops and livestock products","203","Czechia","5312","Area harvested","01342.01","Pears","2005","2005","ha","470","A","Official value",""
"QCL","Crops and livestock products","203","Czechia","5412","Yield","01342.01","Pears","2005","2005","kg/ha","6995.7","A","Official value",""
"QCL","Crops and livestock products","203","Czechia","5510","Production","01342.01","Pears","2005","2005","t","3288","A","Official value",""
"QCL","Crops and livestock products","203","Czechia","5312","Area harvested","01342.01","Pears","2006","2006","ha","500","A","Official value",""
"QCL","Crops and livestock products","203","Czechia","5412","Yield","01342.01","Pears","2006","2006","kg/ha","5734","A","Official value",""
"QCL","Crops and livestock products","203","Czechia","5510","Production","01342.01","Pears","2006","2006","t","2867","A","Official value",""
"QCL","Crops and livestock products","203","Czechia","5312","Area harvested","01342.01","Pears","2007","2007","ha","540","A","Official value",""
"QCL","Crops and livestock products","203","Czechia","5412","Yield","01342.01","Pears","2007","2007","kg/ha","6696.3","A","Official value",""
"QCL","Crops and livestock products","203","Czechia","5510","Production","01342.01","Pears","2007","2007","t","3616","A","Official value",""
"QCL","Crops and livestock products","203","Czechia","5312","Area harvested","01342.01","Pears","2008","2008","ha","580","A","Official value",""
"QCL","Crops and livestock products","203","Czechia","5412","Yield","01342.01","Pears","2008","2008","kg/ha","5301.7","A","Official value",""
"QCL","Crops and livestock products","203","Czechia","5510","Production","01342.01","Pears","2008","2008","t","3075","A","Official value",""
"QCL","Crops and livestock products","203","Czechia","5312","Area harvested","01342.01","Pears","2009","2009","ha","660","A","Official value",""
"QCL","Crops and livestock products","203","Czechia","5412","Yield","01342.01","Pears","2009","2009","kg/ha","8913.6","A","Official value",""
"QCL","Crops and livestock products","203","Czechia","5510","Production","01342.01","Pears","2009","2009","t","5883","A","Official value",""
"QCL","Crops and livestock products","203","Czechia","5312","Area harvested","01342.01","Pears","2010","2010","ha","720","A","Official value",""
"QCL","Crops and livestock products","203","Czechia","5412","Yield","01342.01","Pears","2010","2010","kg/ha","5790.3","A","Official value",""
"QCL","Crops and livestock products","203","Czechia","5510","Production","01342.01","Pears","2010","2010","t","4169","A","Official value",""
"QCL","Crops and livestock products","203","Czechia","5312","Area harvested","01342.01","Pears","2011","2011","ha","779","A","Official value",""
"QCL","Crops and livestock products","203","Czechia","5412","Yield","01342.01","Pears","2011","2011","kg/ha","7306.8","A","Official value",""
"QCL","Crops and livestock products","203","Czechia","5510","Production","01342.01","Pears","2011","2011","t","5692","A","Official value",""
"QCL","Crops and livestock products","203","Czechia","5312","Area harvested","01342.01","Pears","2012","2012","ha","927","A","Official value",""
"QCL","Crops and livestock products","203","Czechia","5412","Yield","01342.01","Pears","2012","2012","kg/ha","5765.9","A","Official value",""
"QCL","Crops and livestock products","203","Czechia","5510","Production","01342.01","Pears","2012","2012","t","5345","A","Official value",""
"QCL","Crops and livestock products","203","Czechia","5312","Area harvested","01342.01","Pears","2013","2013","ha","903","A","Official value",""
"QCL","Crops and livestock products","203","Czechia","5412","Yield","01342.01","Pears","2013","2013","kg/ha","7942.4","A","Official value",""
"QCL","Crops and livestock products","203","Czechia","5510","Production","01342.01","Pears","2013","2013","t","7172","A","Official value",""
"QCL","Crops and livestock products","203","Czechia","5312","Area harvested","01342.01","Pears","2014","2014","ha","881","A","Official value",""
"QCL","Crops and livestock products","203","Czechia","5412","Yield","01342.01","Pears","2014","2014","kg/ha","4232.7","A","Official value",""
"QCL","Crops and livestock products","203","Czechia","5510","Production","01342.01","Pears","2014","2014","t","3729","A","Official value",""
"QCL","Crops and livestock products","203","Czechia","5312","Area harvested","01342.01","Pears","2015","2015","ha","785","A","Official value",""
"QCL","Crops and livestock products","203","Czechia","5412","Yield","01342.01","Pears","2015","2015","kg/ha","11364.3","A","Official value",""
"QCL","Crops and livestock products","203","Czechia","5510","Production","01342.01","Pears","2015","2015","t","8921","A","Official value",""
"QCL","Crops and livestock products","203","Czechia","5312","Area harvested","01342.01","Pears","2016","2016","ha","742","A","Official value",""
"QCL","Crops and livestock products","203","Czechia","5412","Yield","01342.01","Pears","2016","2016","kg/ha","8815.4","A","Official value",""
"QCL","Crops and livestock products","203","Czechia","5510","Production","01342.01","Pears","2016","2016","t","6541","A","Official value",""
"QCL","Crops and livestock products","203","Czechia","5312","Area harvested","01342.01","Pears","2017","2017","ha","707","A","Official value",""
"QCL","Crops and livestock products","203","Czechia","5412","Yield","01342.01","Pears","2017","2017","kg/ha","5583.4","A","Official value",""
"QCL","Crops and livestock products","203","Czechia","5510","Production","01342.01","Pears","2017","2017","t","3947.44","A","Official value",""
"QCL","Crops and livestock products","203","Czechia","5312","Area harvested","01342.01","Pears","2018","2018","ha","750","A","Official value",""
"QCL","Crops and livestock products","203","Czechia","5412","Yield","01342.01","Pears","2018","2018","kg/ha","9613.3","A","Official value",""
"QCL","Crops and livestock products","203","Czechia","5510","Production","01342.01","Pears","2018","2018","t","7210","A","Official value",""
"QCL","Crops and livestock products","203","Czechia","5312","Area harvested","01342.01","Pears","2019","2019","ha","800","A","Official value",""
"QCL","Crops and livestock products","203","Czechia","5412","Yield","01342.01","Pears","2019","2019","kg/ha","7662.5","A","Official value",""
"QCL","Crops and livestock products","203","Czechia","5510","Production","01342.01","Pears","2019","2019","t","6130","A","Official value",""
"QCL","Crops and livestock products","203","Czechia","5312","Area harvested","01342.01","Pears","2020","2020","ha","830","A","Official value",""
"QCL","Crops and livestock products","203","Czechia","5412","Yield","01342.01","Pears","2020","2020","kg/ha","8879.5","A","Official value",""
"QCL","Crops and livestock products","203","Czechia","5510","Production","01342.01","Pears","2020","2020","t","7370","A","Official value",""
"QCL","Crops and livestock products","203","Czechia","5312","Area harvested","01342.01","Pears","2021","2021","ha","800","A","Official value",""
"QCL","Crops and livestock products","203","Czechia","5412","Yield","01342.01","Pears","2021","2021","kg/ha","9250","A","Official value",""
"QCL","Crops and livestock products","203","Czechia","5510","Production","01342.01","Pears","2021","2021","t","7400","A","Official value",""
"QCL","Crops and livestock products","203","Czechia","5312","Area harvested","01342.01","Pears","2022","2022","ha","800","A","Official value",""
"QCL","Crops and livestock products","203","Czechia","5412","Yield","01342.01","Pears","2022","2022","kg/ha","10650","A","Official value",""
"QCL","Crops and livestock products","203","Czechia","5510","Production","01342.01","Pears","2022","2022","t","8520","A","Official value",""
"QCL","Crops and livestock products","203","Czechia","5312","Area harvested","01342.01","Pears","2023","2023","ha","790","A","Official value",""
"QCL","Crops and livestock products","203","Czechia","5412","Yield","01342.01","Pears","2023","2023","kg/ha","12151.9","A","Official value",""
"QCL","Crops and livestock products","203","Czechia","5510","Production","01342.01","Pears","2023","2023","t","9600","A","Official value",""
"QCL","Crops and livestock products","203","Czechia","5312","Area harvested","01342.01","Pears","2024","2024","ha","790","A","Official value",""
"QCL","Crops and livestock products","203","Czechia","5412","Yield","01342.01","Pears","2024","2024","kg/ha","7265.8","A","Official value",""
"QCL","Crops and livestock products","203","Czechia","5510","Production","01342.01","Pears","2024","2024","t","5740","A","Official value",""
"QCL","Crops and livestock products","203","Czechia","5312","Area harvested","01705","Peas, dry","1993","1993","ha","82464","A","Official value",""
"QCL","Crops and livestock products","203","Czechia","5412","Yield","01705","Peas, dry","1993","1993","kg/ha","2446.2","A","Official value",""
"QCL","Crops and livestock products","203","Czechia","5510","Production","01705","Peas, dry","1993","1993","t","201724","A","Official value",""
"QCL","Crops and livestock products","203","Czechia","5312","Area harvested","01705","Peas, dry","1994","1994","ha","61668","A","Official value",""
"QCL","Crops and livestock products","203","Czechia","5412","Yield","01705","Peas, dry","1994","1994","kg/ha","2421.9","A","Official value",""
"QCL","Crops and livestock products","203","Czechia","5510","Production","01705","Peas, dry","1994","1994","t","149351","A","Official value",""
"QCL","Crops and livestock products","203","Czechia","5312","Area harvested","01705","Peas, dry","1995","1995","ha","52158","A","Official value",""
"QCL","Crops and livestock products","203","Czechia","5412","Yield","01705","Peas, dry","1995","1995","kg/ha","2500.6","A","Official value",""
"QCL","Crops and livestock products","203","Czechia","5510","Production","01705","Peas, dry","1995","1995","t","130428","A","Official value",""
"QCL","Crops and livestock products","203","Czechia","5312","Area harvested","01705","Peas, dry","1996","1996","ha","47202","A","Official value",""
"QCL","Crops and livestock products","203","Czechia","5412","Yield","01705","Peas, dry","1996","1996","kg/ha","2545.2","A","Official value",""
"QCL","Crops and livestock products","203","Czechia","5510","Production","01705","Peas, dry","1996","1996","t","120139","A","Official value",""
"QCL","Crops and livestock products","203","Czechia","5312","Area harvested","01705","Peas, dry","1997","1997","ha","43778","A","Official value",""
"QCL","Crops and livestock products","203","Czechia","5412","Yield","01705","Peas, dry","1997","1997","kg/ha","2124.7","A","Official value",""
"QCL","Crops and livestock products","203","Czechia","5510","Production","01705","Peas, dry","1997","1997","t","93015","A","Official value",""
"QCL","Crops and livestock products","203","Czechia","5312","Area harvested","01705","Peas, dry","1998","1998","ha","50979","A","Official value",""
"QCL","Crops and livestock products","203","Czechia","5412","Yield","01705","Peas, dry","1998","1998","kg/ha","2389","A","Official value",""
"QCL","Crops and livestock products","203","Czechia","5510","Production","01705","Peas, dry","1998","1998","t","121789","A","Official value",""
"QCL","Crops and livestock products","203","Czechia","5312","Area harvested","01705","Peas, dry","1999","1999","ha","39721","A","Official value",""
"QCL","Crops and livestock products","203","Czechia","5412","Yield","01705","Peas, dry","1999","1999","kg/ha","2653.1","A","Official value",""
"QCL","Crops and livestock products","203","Czechia","5510","Production","01705","Peas, dry","1999","1999","t","105382","A","Official value",""
"QCL","Crops and livestock products","203","Czechia","5312","Area harvested","01705","Peas, dry","2000","2000","ha","33826","A","Official value",""
"QCL","Crops and livestock products","203","Czechia","5412","Yield","01705","Peas, dry","2000","2000","kg/ha","2224.8","A","Official value",""
"QCL","Crops and livestock products","203","Czechia","5510","Production","01705","Peas, dry","2000","2000","t","75256","A","Official value",""
"QCL","Crops and livestock products","203","Czechia","5312","Area harvested","01705","Peas, dry","2001","2001","ha","32135","A","Official value",""
"QCL","Crops and livestock products","203","Czechia","5412","Yield","01705","Peas, dry","2001","2001","kg/ha","2568.5","A","Official value",""
"QCL","Crops and livestock products","203","Czechia","5510","Production","01705","Peas, dry","2001","2001","t","82538","A","Official value",""
"QCL","Crops and livestock products","203","Czechia","5312","Area harvested","01705","Peas, dry","2002","2002","ha","27971","A","Official value",""
"QCL","Crops and livestock products","203","Czechia","5412","Yield","01705","Peas, dry","2002","2002","kg/ha","2007.3","A","Official value",""
"QCL","Crops and livestock products","203","Czechia","5510","Production","01705","Peas, dry","2002","2002","t","56145","A","Official value",""
"QCL","Crops and livestock products","203","Czechia","5312","Area harvested","01705","Peas, dry","2003","2003","ha","24086","A","Official value",""
"QCL","Crops and livestock products","203","Czechia","5412","Yield","01705","Peas, dry","2003","2003","kg/ha","2231","A","Official value",""
"QCL","Crops and livestock products","203","Czechia","5510","Production","01705","Peas, dry","2003","2003","t","53736","A","Official value",""
"QCL","Crops and livestock products","203","Czechia","5312","Area harvested","01705","Peas, dry","2004","2004","ha","21486","A","Official value",""
"QCL","Crops and livestock products","203","Czechia","5412","Yield","01705","Peas, dry","2004","2004","kg/ha","3349.3","A","Official value",""
"QCL","Crops and livestock products","203","Czechia","5510","Production","01705","Peas, dry","2004","2004","t","71962","A","Official value",""
"QCL","Crops and livestock products","203","Czechia","5312","Area harvested","01705","Peas, dry","2005","2005","ha","29121","A","Official value",""
"QCL","Crops and livestock products","203","Czechia","5412","Yield","01705","Peas, dry","2005","2005","kg/ha","2704.4","A","Official value",""
"QCL","Crops and livestock products","203","Czechia","5510","Production","01705","Peas, dry","2005","2005","t","78756","A","Official value",""
"QCL","Crops and livestock products","203","Czechia","5312","Area harvested","01705","Peas, dry","2006","2006","ha","27148","A","Official value",""
"QCL","Crops and livestock products","203","Czechia","5412","Yield","01705","Peas, dry","2006","2006","kg/ha","2635.2","A","Official value",""
"QCL","Crops and livestock products","203","Czechia","5510","Production","01705","Peas, dry","2006","2006","t","71540","A","Official value",""
"QCL","Crops and livestock products","203","Czechia","5312","Area harvested","01705","Peas, dry","2007","2007","ha","22886","A","Official value",""
"QCL","Crops and livestock products","203","Czechia","5412","Yield","01705","Peas, dry","2007","2007","kg/ha","2403.3","A","Official value",""
"QCL","Crops and livestock products","203","Czechia","5510","Production","01705","Peas, dry","2007","2007","t","55002","A","Official value",""
"QCL","Crops and livestock products","203","Czechia","5312","Area harvested","01705","Peas, dry","2008","2008","ha","17385","A","Official value",""
"QCL","Crops and livestock products","203","Czechia","5412","Yield","01705","Peas, dry","2008","2008","kg/ha","2352.6","A","Official value",""
"QCL","Crops and livestock products","203","Czechia","5510","Production","01705","Peas, dry","2008","2008","t","40900","A","Official value",""
"QCL","Crops and livestock products","203","Czechia","5312","Area harvested","01705","Peas, dry","2009","2009","ha","21147","A","Official value",""
"QCL","Crops and livestock products","203","Czechia","5412","Yield","01705","Peas, dry","2009","2009","kg/ha","2452.6","A","Official value",""
"QCL","Crops and livestock products","203","Czechia","5510","Production","01705","Peas, dry","2009","2009","t","51866","A","Official value",""
"QCL","Crops and livestock products","203","Czechia","5312","Area harvested","01705","Peas, dry","2010","2010","ha","24391","A","Official value",""
"QCL","Crops and livestock products","203","Czechia","5412","Yield","01705","Peas, dry","2010","2010","kg/ha","1977.9","A","Official value",""
"QCL","Crops and livestock products","203","Czechia","5510","Production","01705","Peas, dry","2010","2010","t","48242","A","Official value",""
"QCL","Crops and livestock products","203","Czechia","5312","Area harvested","01705","Peas, dry","2011","2011","ha","17189","A","Official value",""
"QCL","Crops and livestock products","203","Czechia","5412","Yield","01705","Peas, dry","2011","2011","kg/ha","3045","A","Official value",""
"QCL","Crops and livestock products","203","Czechia","5510","Production","01705","Peas, dry","2011","2011","t","52341","A","Official value",""
"QCL","Crops and livestock products","203","Czechia","5312","Area harvested","01705","Peas, dry","2012","2012","ha","15068","A","Official value",""
"QCL","Crops and livestock products","203","Czechia","5412","Yield","01705","Peas, dry","2012","2012","kg/ha","2038.1","A","Official value",""
"QCL","Crops and livestock products","203","Czechia","5510","Production","01705","Peas, dry","2012","2012","t","30710","A","Official value",""
"QCL","Crops and livestock products","203","Czechia","5312","Area harvested","01705","Peas, dry","2013","2013","ha","12934","A","Official value",""
"QCL","Crops and livestock products","203","Czechia","5412","Yield","01705","Peas, dry","2013","2013","kg/ha","2373.6","A","Official value",""
"QCL","Crops and livestock products","203","Czechia","5510","Production","01705","Peas, dry","2013","2013","t","30700","A","Official value",""
"QCL","Crops and livestock products","203","Czechia","5312","Area harvested","01705","Peas, dry","2014","2014","ha","14449","A","Official value",""
"QCL","Crops and livestock products","203","Czechia","5412","Yield","01705","Peas, dry","2014","2014","kg/ha","2958.5","A","Official value",""
"QCL","Crops and livestock products","203","Czechia","5510","Production","01705","Peas, dry","2014","2014","t","42748","A","Official value",""
"QCL","Crops and livestock products","203","Czechia","5312","Area harvested","01705","Peas, dry","2015","2015","ha","23876","A","Official value",""
"QCL","Crops and livestock products","203","Czechia","5412","Yield","01705","Peas, dry","2015","2015","kg/ha","3273.6","A","Official value",""
"QCL","Crops and livestock products","203","Czechia","5510","Production","01705","Peas, dry","2015","2015","t","78161","A","Official value",""
"QCL","Crops and livestock products","203","Czechia","5312","Area harvested","01705","Peas, dry","2016","2016","ha","26601","A","Official value",""
"QCL","Crops and livestock products","203","Czechia","5412","Yield","01705","Peas, dry","2016","2016","kg/ha","2582.7","A","Official value",""
"QCL","Crops and livestock products","203","Czechia","5510","Production","01705","Peas, dry","2016","2016","t","68703","A","Official value",""
"QCL","Crops and livestock products","203","Czechia","5312","Area harvested","01705","Peas, dry","2017","2017","ha","34793","A","Official value",""
"QCL","Crops and livestock products","203","Czechia","5412","Yield","01705","Peas, dry","2017","2017","kg/ha","2509.7","A","Official value",""
"QCL","Crops and livestock products","203","Czechia","5510","Production","01705","Peas, dry","2017","2017","t","87322.52","A","Official value",""
"QCL","Crops and livestock products","203","Czechia","5312","Area harvested","01705","Peas, dry","2018","2018","ha","29090","A","Official value",""
"QCL","Crops and livestock products","203","Czechia","5412","Yield","01705","Peas, dry","2018","2018","kg/ha","2425.6","A","Official value",""
"QCL","Crops and livestock products","203","Czechia","5510","Production","01705","Peas, dry","2018","2018","t","70560","A","Official value",""
"QCL","Crops and livestock products","203","Czechia","5312","Area harvested","01705","Peas, dry","2019","2019","ha","28780","A","Official value",""
"QCL","Crops and livestock products","203","Czechia","5412","Yield","01705","Peas, dry","2019","2019","kg/ha","2339.8","A","Official value",""
"QCL","Crops and livestock products","203","Czechia","5510","Production","01705","Peas, dry","2019","2019","t","67340","A","Official value",""
"QCL","Crops and livestock products","203","Czechia","5312","Area harvested","01705","Peas, dry","2020","2020","ha","32610","A","Official value",""
"QCL","Crops and livestock products","203","Czechia","5412","Yield","01705","Peas, dry","2020","2020","kg/ha","2602.3","A","Official value",""
"QCL","Crops and livestock products","203","Czechia","5510","Production","01705","Peas, dry","2020","2020","t","84860","A","Official value",""
"QCL","Crops and livestock products","203","Czechia","5312","Area harvested","01705","Peas, dry","2021","2021","ha","38530","A","Official value",""
"QCL","Crops and livestock products","203","Czechia","5412","Yield","01705","Peas, dry","2021","2021","kg/ha","2710.1","A","Official value",""
"QCL","Crops and livestock products","203","Czechia","5510","Production","01705","Peas, dry","2021","2021","t","104420","A","Official value",""
"QCL","Crops and livestock products","203","Czechia","5312","Area harvested","01705","Peas, dry","2022","2022","ha","40630","A","Official value",""
"QCL","Crops and livestock products","203","Czechia","5412","Yield","01705","Peas, dry","2022","2022","kg/ha","2833.9","A","Official value",""
"QCL","Crops and livestock products","203","Czechia","5510","Production","01705","Peas, dry","2022","2022","t","115140","A","Official value",""
"QCL","Crops and livestock products","203","Czechia","5312","Area harvested","01705","Peas, dry","2023","2023","ha","46950","A","Official value",""
"QCL","Crops and livestock products","203","Czechia","5412","Yield","01705","Peas, dry","2023","2023","kg/ha","2250.9","A","Official value",""
"QCL","Crops and livestock products","203","Czechia","5510","Production","01705","Peas, dry","2023","2023","t","105680","A","Official value",""
"QCL","Crops and livestock products","203","Czechia","5312","Area harvested","01705","Peas, dry","2024","2024","ha","52800","A","Official value",""
"QCL","Crops and livestock products","203","Czechia","5412","Yield","01705","Peas, dry","2024","2024","kg/ha","1669.5","A","Official value",""
"QCL","Crops and livestock products","203","Czechia","5510","Production","01705","Peas, dry","2024","2024","t","88150","A","Official value",""
"QCL","Crops and livestock products","203","Czechia","5312","Area harvested","01242","Peas, green","1993","1993","ha","1577","A","Official value",""
"QCL","Crops and livestock products","203","Czechia","5412","Yield","01242","Peas, green","1993","1993","kg/ha","3320.9","A","Official value",""
"QCL","Crops and livestock products","203","Czechia","5510","Production","01242","Peas, green","1993","1993","t","5237","A","Official value",""
"QCL","Crops and livestock products","203","Czechia","5312","Area harvested","01242","Peas, green","1994","1994","ha","1700","A","Official value",""
"QCL","Crops and livestock products","203","Czechia","5412","Yield","01242","Peas, green","1994","1994","kg/ha","3929.4","A","Official value",""
"QCL","Crops and livestock products","203","Czechia","5510","Production","01242","Peas, green","1994","1994","t","6680","A","Official value",""
"QCL","Crops and livestock products","203","Czechia","5312","Area harvested","01242","Peas, green","1995","1995","ha","2029","A","Official value",""
"QCL","Crops and livestock products","203","Czechia","5412","Yield","01242","Peas, green","1995","1995","kg/ha","4152.8","A","Official value",""
"QCL","Crops and livestock products","203","Czechia","5510","Production","01242","Peas, green","1995","1995","t","8426","A","Official value",""
"QCL","Crops and livestock products","203","Czechia","5312","Area harvested","01242","Peas, green","1996","1996","ha","2229","A","Official value",""
"QCL","Crops and livestock products","203","Czechia","5412","Yield","01242","Peas, green","1996","1996","kg/ha","4072.2","A","Official value",""
"QCL","Crops and livestock products","203","Czechia","5510","Production","01242","Peas, green","1996","1996","t","9077","A","Official value",""
"QCL","Crops and livestock products","203","Czechia","5312","Area harvested","01242","Peas, green","1997","1997","ha","1852","A","Official value",""
"QCL","Crops and livestock products","203","Czechia","5412","Yield","01242","Peas, green","1997","1997","kg/ha","4089.1","A","Official value",""
"QCL","Crops and livestock products","203","Czechia","5510","Production","01242","Peas, green","1997","1997","t","7573","A","Official value",""
"QCL","Crops and livestock products","203","Czechia","5312","Area harvested","01242","Peas, green","1998","1998","ha","1926","A","Official value",""
"QCL","Crops and livestock products","203","Czechia","5412","Yield","01242","Peas, green","1998","1998","kg/ha","4366","A","Official value",""
"QCL","Crops and livestock products","203","Czechia","5510","Production","01242","Peas, green","1998","1998","t","8409","A","Official value",""
"QCL","Crops and livestock products","203","Czechia","5312","Area harvested","01242","Peas, green","1999","1999","ha","2244","A","Official value",""
"QCL","Crops and livestock products","203","Czechia","5412","Yield","01242","Peas, green","1999","1999","kg/ha","4216.6","A","Official value",""
"QCL","Crops and livestock products","203","Czechia","5510","Production","01242","Peas, green","1999","1999","t","9462","A","Official value",""
"QCL","Crops and livestock products","203","Czechia","5312","Area harvested","01242","Peas, green","2000","2000","ha","2114","A","Official value",""
"QCL","Crops and livestock products","203","Czechia","5412","Yield","01242","Peas, green","2000","2000","kg/ha","3360.9","A","Official value",""
"QCL","Crops and livestock products","203","Czechia","5510","Production","01242","Peas, green","2000","2000","t","7105","A","Official value",""
"QCL","Crops and livestock products","203","Czechia","5312","Area harvested","01242","Peas, green","2001","2001","ha","2247","A","Official value",""
"QCL","Crops and livestock products","203","Czechia","5412","Yield","01242","Peas, green","2001","2001","kg/ha","4361.4","A","Official value",""
"QCL","Crops and livestock products","203","Czechia","5510","Production","01242","Peas, green","2001","2001","t","9800","A","Official value",""
"QCL","Crops and livestock products","203","Czechia","5312","Area harvested","01242","Peas, green","2002","2002","ha","1772","A","Official value",""
"QCL","Crops and livestock products","203","Czechia","5412","Yield","01242","Peas, green","2002","2002","kg/ha","3809.3","A","Official value",""
"QCL","Crops and livestock products","203","Czechia","5510","Production","01242","Peas, green","2002","2002","t","6750","A","Official value",""
"QCL","Crops and livestock products","203","Czechia","5312","Area harvested","01242","Peas, green","2003","2003","ha","1124","A","Official value",""
"QCL","Crops and livestock products","203","Czechia","5412","Yield","01242","Peas, green","2003","2003","kg/ha","3245.6","A","Official value",""
"QCL","Crops and livestock products","203","Czechia","5510","Production","01242","Peas, green","2003","2003","t","3648","A","Official value",""
"QCL","Crops and livestock products","203","Czechia","5312","Area harvested","01242","Peas, green","2004","2004","ha","1085","A","Official value",""
"QCL","Crops and livestock products","203","Czechia","5412","Yield","01242","Peas, green","2004","2004","kg/ha","5567.7","A","Official value",""
"QCL","Crops and livestock products","203","Czechia","5510","Production","01242","Peas, green","2004","2004","t","6041","A","Official value",""
"QCL","Crops and livestock products","203","Czechia","5312","Area harvested","01242","Peas, green","2005","2005","ha","978","A","Official value",""
"QCL","Crops and livestock products","203","Czechia","5412","Yield","01242","Peas, green","2005","2005","kg/ha","5165.6","A","Official value",""
"QCL","Crops and livestock products","203","Czechia","5510","Production","01242","Peas, green","2005","2005","t","5052","A","Official value",""
"QCL","Crops and livestock products","203","Czechia","5312","Area harvested","01242","Peas, green","2006","2006","ha","1132","A","Official value",""
"QCL","Crops and livestock products","203","Czechia","5412","Yield","01242","Peas, green","2006","2006","kg/ha","4648.4","A","Official value",""
"QCL","Crops and livestock products","203","Czechia","5510","Production","01242","Peas, green","2006","2006","t","5262","A","Official value",""
"QCL","Crops and livestock products","203","Czechia","5312","Area harvested","01242","Peas, green","2007","2007","ha","1341","A","Official value",""
"QCL","Crops and livestock products","203","Czechia","5412","Yield","01242","Peas, green","2007","2007","kg/ha","3381.1","A","Official value",""
"QCL","Crops and livestock products","203","Czechia","5510","Production","01242","Peas, green","2007","2007","t","4534","A","Official value",""
"QCL","Crops and livestock products","203","Czechia","5312","Area harvested","01242","Peas, green","2008","2008","ha","1310","A","Official value",""
"QCL","Crops and livestock products","203","Czechia","5412","Yield","01242","Peas, green","2008","2008","kg/ha","3728.2","A","Official value",""
"QCL","Crops and livestock products","203","Czechia","5510","Production","01242","Peas, green","2008","2008","t","4884","A","Official value",""
"QCL","Crops and livestock products","203","Czechia","5312","Area harvested","01242","Peas, green","2009","2009","ha","973","A","Official value",""
"QCL","Crops and livestock products","203","Czechia","5412","Yield","01242","Peas, green","2009","2009","kg/ha","3642.3","A","Official value",""
"QCL","Crops and livestock products","203","Czechia","5510","Production","01242","Peas, green","2009","2009","t","3544","A","Official value",""
"QCL","Crops and livestock products","203","Czechia","5312","Area harvested","01242","Peas, green","2010","2010","ha","1020","A","Official value",""
"QCL","Crops and livestock products","203","Czechia","5412","Yield","01242","Peas, green","2010","2010","kg/ha","3094.1","A","Official value",""
"QCL","Crops and livestock products","203","Czechia","5510","Production","01242","Peas, green","2010","2010","t","3156","A","Official value",""
"QCL","Crops and livestock products","203","Czechia","5312","Area harvested","01242","Peas, green","2011","2011","ha","993","A","Official value",""
"QCL","Crops and livestock products","203","Czechia","5412","Yield","01242","Peas, green","2011","2011","kg/ha","3607.3","A","Official value",""
"QCL","Crops and livestock products","203","Czechia","5510","Production","01242","Peas, green","2011","2011","t","3582","A","Official value",""
"QCL","Crops and livestock products","203","Czechia","5312","Area harvested","01242","Peas, green","2012","2012","ha","1034","A","Official value",""
"QCL","Crops and livestock products","203","Czechia","5412","Yield","01242","Peas, green","2012","2012","kg/ha","2586.1","A","Official value",""
"QCL","Crops and livestock products","203","Czechia","5510","Production","01242","Peas, green","2012","2012","t","2674","A","Official value",""
"QCL","Crops and livestock products","203","Czechia","5312","Area harvested","01242","Peas, green","2013","2013","ha","1178","A","Official value",""
"QCL","Crops and livestock products","203","Czechia","5412","Yield","01242","Peas, green","2013","2013","kg/ha","3049.2","A","Official value",""
"QCL","Crops and livestock products","203","Czechia","5510","Production","01242","Peas, green","2013","2013","t","3592","A","Official value",""
"QCL","Crops and livestock products","203","Czechia","5312","Area harvested","01242","Peas, green","2014","2014","ha","1103","A","Official value",""
"QCL","Crops and livestock products","203","Czechia","5412","Yield","01242","Peas, green","2014","2014","kg/ha","5117.9","A","Official value",""
"QCL","Crops and livestock products","203","Czechia","5510","Production","01242","Peas, green","2014","2014","t","5645","A","Official value",""
"QCL","Crops and livestock products","203","Czechia","5312","Area harvested","01242","Peas, green","2015","2015","ha","923","A","Official value",""
"QCL","Crops and livestock products","203","Czechia","5412","Yield","01242","Peas, green","2015","2015","kg/ha","4522.2","A","Official value",""
"QCL","Crops and livestock products","203","Czechia","5510","Production","01242","Peas, green","2015","2015","t","4174","A","Official value",""
"QCL","Crops and livestock products","203","Czechia","5312","Area harvested","01242","Peas, green","2016","2016","ha","1113","A","Official value",""
"QCL","Crops and livestock products","203","Czechia","5412","Yield","01242","Peas, green","2016","2016","kg/ha","4107.8","A","Official value",""
"QCL","Crops and livestock products","203","Czechia","5510","Production","01242","Peas, green","2016","2016","t","4572","A","Official value",""
"QCL","Crops and livestock products","203","Czechia","5312","Area harvested","01242","Peas, green","2017","2017","ha","1311","A","Official value",""
"QCL","Crops and livestock products","203","Czechia","5412","Yield","01242","Peas, green","2017","2017","kg/ha","3625","A","Official value",""
"QCL","Crops and livestock products","203","Czechia","5510","Production","01242","Peas, green","2017","2017","t","4750.54","A","Official value",""
"QCL","Crops and livestock products","203","Czechia","5312","Area harvested","01242","Peas, green","2018","2018","ha","1370","A","Official value",""
"QCL","Crops and livestock products","203","Czechia","5412","Yield","01242","Peas, green","2018","2018","kg/ha","2248.2","A","Official value",""
"QCL","Crops and livestock products","203","Czechia","5510","Production","01242","Peas, green","2018","2018","t","3080","A","Official value",""
"QCL","Crops and livestock products","203","Czechia","5312","Area harvested","01242","Peas, green","2019","2019","ha","1110","A","Official value",""
"QCL","Crops and livestock products","203","Czechia","5412","Yield","01242","Peas, green","2019","2019","kg/ha","2819.8","A","Official value",""
"QCL","Crops and livestock products","203","Czechia","5510","Production","01242","Peas, green","2019","2019","t","3130","A","Official value",""
"QCL","Crops and livestock products","203","Czechia","5312","Area harvested","01242","Peas, green","2020","2020","ha","1390","A","Official value",""
"QCL","Crops and livestock products","203","Czechia","5412","Yield","01242","Peas, green","2020","2020","kg/ha","3446","A","Official value",""
"QCL","Crops and livestock products","203","Czechia","5510","Production","01242","Peas, green","2020","2020","t","4790","A","Official value",""
"QCL","Crops and livestock products","203","Czechia","5312","Area harvested","01242","Peas, green","2021","2021","ha","1610","A","Official value",""
"QCL","Crops and livestock products","203","Czechia","5412","Yield","01242","Peas, green","2021","2021","kg/ha","3391.3","A","Official value",""
"QCL","Crops and livestock products","203","Czechia","5510","Production","01242","Peas, green","2021","2021","t","5460","A","Official value",""
"QCL","Crops and livestock products","203","Czechia","5312","Area harvested","01242","Peas, green","2022","2022","ha","1440","A","Official value",""
"QCL","Crops and livestock products","203","Czechia","5412","Yield","01242","Peas, green","2022","2022","kg/ha","3187.5","A","Official value",""
"QCL","Crops and livestock products","203","Czechia","5510","Production","01242","Peas, green","2022","2022","t","4590","A","Official value",""
"QCL","Crops and livestock products","203","Czechia","5312","Area harvested","01242","Peas, green","2023","2023","ha","1020","A","Official value",""
"QCL","Crops and livestock products","203","Czechia","5412","Yield","01242","Peas, green","2023","2023","kg/ha","2578.4","A","Official value",""
"QCL","Crops and livestock products","203","Czechia","5510","Production","01242","Peas, green","2023","2023","t","2630","A","Official value",""
"QCL","Crops and livestock products","203","Czechia","5312","Area harvested","01242","Peas, green","2024","2024","ha","990","A","Official value",""
"QCL","Crops and livestock products","203","Czechia","5412","Yield","01242","Peas, green","2024","2024","kg/ha","2646.5","A","Official value",""
"QCL","Crops and livestock products","203","Czechia","5510","Production","01242","Peas, green","2024","2024","t","2620","A","Official value",""
"QCL","Crops and livestock products","203","Czechia","5312","Area harvested","01346","Plums and sloes","1993","1993","ha","2000","E","Estimated value",""
"QCL","Crops and livestock products","203","Czechia","5412","Yield","01346","Plums and sloes","1993","1993","kg/ha","8343.5","E","Estimated value",""
"QCL","Crops and livestock products","203","Czechia","5510","Production","01346","Plums and sloes","1993","1993","t","16687","A","Official value",""
"QCL","Crops and livestock products","203","Czechia","5312","Area harvested","01346","Plums and sloes","1994","1994","ha","2300","E","Estimated value",""
"QCL","Crops and livestock products","203","Czechia","5412","Yield","01346","Plums and sloes","1994","1994","kg/ha","8738.3","E","Estimated value",""
"QCL","Crops and livestock products","203","Czechia","5510","Production","01346","Plums and sloes","1994","1994","t","20098","A","Official value",""
"QCL","Crops and livestock products","203","Czechia","5312","Area harvested","01346","Plums and sloes","1995","1995","ha","2100","E","Estimated value",""
"QCL","Crops and livestock products","203","Czechia","5412","Yield","01346","Plums and sloes","1995","1995","kg/ha","8320.5","E","Estimated value",""
"QCL","Crops and livestock products","203","Czechia","5510","Production","01346","Plums and sloes","1995","1995","t","17473","A","Official value",""
"QCL","Crops and livestock products","203","Czechia","5312","Area harvested","01346","Plums and sloes","1996","1996","ha","3200","E","Estimated value",""
"QCL","Crops and livestock products","203","Czechia","5412","Yield","01346","Plums and sloes","1996","1996","kg/ha","9976.3","E","Estimated value",""
"QCL","Crops and livestock products","203","Czechia","5510","Production","01346","Plums and sloes","1996","1996","t","31924","A","Official value",""
"QCL","Crops and livestock products","203","Czechia","5312","Area harvested","01346","Plums and sloes","1997","1997","ha","4000","E","Estimated value",""
"QCL","Crops and livestock products","203","Czechia","5412","Yield","01346","Plums and sloes","1997","1997","kg/ha","9637.5","E","Estimated value",""
"QCL","Crops and livestock products","203","Czechia","5510","Production","01346","Plums and sloes","1997","1997","t","38550","A","Official value",""
"QCL","Crops and livestock products","203","Czechia","5312","Area harvested","01346","Plums and sloes","1998","1998","ha","2200","E","Estimated value",""
"QCL","Crops and livestock products","203","Czechia","5412","Yield","01346","Plums and sloes","1998","1998","kg/ha","10736.4","E","Estimated value",""
"QCL","Crops and livestock products","203","Czechia","5510","Production","01346","Plums and sloes","1998","1998","t","23620","A","Official value",""
"QCL","Crops and livestock products","203","Czechia","5312","Area harvested","01346","Plums and sloes","1999","1999","ha","2100","E","Estimated value",""
"QCL","Crops and livestock products","203","Czechia","5412","Yield","01346","Plums and sloes","1999","1999","kg/ha","9937.1","E","Estimated value",""
"QCL","Crops and livestock products","203","Czechia","5510","Production","01346","Plums and sloes","1999","1999","t","20868","A","Official value",""
"QCL","Crops and livestock products","203","Czechia","5312","Area harvested","01346","Plums and sloes","2000","2000","ha","2200","E","Estimated value",""
"QCL","Crops and livestock products","203","Czechia","5412","Yield","01346","Plums and sloes","2000","2000","kg/ha","8309.1","E","Estimated value",""
"QCL","Crops and livestock products","203","Czechia","5510","Production","01346","Plums and sloes","2000","2000","t","18280","A","Official value",""
"QCL","Crops and livestock products","203","Czechia","5312","Area harvested","01346","Plums and sloes","2001","2001","ha","2500","E","Estimated value",""
"QCL","Crops and livestock products","203","Czechia","5412","Yield","01346","Plums and sloes","2001","2001","kg/ha","9222.4","E","Estimated value",""
"QCL","Crops and livestock products","203","Czechia","5510","Production","01346","Plums and sloes","2001","2001","t","23056","A","Official value",""
"QCL","Crops and livestock products","203","Czechia","5312","Area harvested","01346","Plums and sloes","2002","2002","ha","870","A","Official value",""
"QCL","Crops and livestock products","203","Czechia","5412","Yield","01346","Plums and sloes","2002","2002","kg/ha","4571.3","A","Official value",""
"QCL","Crops and livestock products","203","Czechia","5510","Production","01346","Plums and sloes","2002","2002","t","3977","A","Official value",""
"QCL","Crops and livestock products","203","Czechia","5312","Area harvested","01346","Plums and sloes","2003","2003","ha","870","A","Official value",""
"QCL","Crops and livestock products","203","Czechia","5412","Yield","01346","Plums and sloes","2003","2003","kg/ha","4695.4","A","Official value",""
"QCL","Crops and livestock products","203","Czechia","5510","Production","01346","Plums and sloes","2003","2003","t","4085","A","Official value",""
"QCL","Crops and livestock products","203","Czechia","5312","Area harvested","01346","Plums and sloes","2004","2004","ha","1110","A","Official value",""
"QCL","Crops and livestock products","203","Czechia","5412","Yield","01346","Plums and sloes","2004","2004","kg/ha","5555.9","A","Official value",""
"QCL","Crops and livestock products","203","Czechia","5510","Production","01346","Plums and sloes","2004","2004","t","6167","A","Official value",""
"QCL","Crops and livestock products","203","Czechia","5312","Area harvested","01346","Plums and sloes","2005","2005","ha","1150","A","Official value",""
"QCL","Crops and livestock products","203","Czechia","5412","Yield","01346","Plums and sloes","2005","2005","kg/ha","3878.3","A","Official value",""
"QCL","Crops and livestock products","203","Czechia","5510","Production","01346","Plums and sloes","2005","2005","t","4460","A","Official value",""
"QCL","Crops and livestock products","203","Czechia","5312","Area harvested","01346","Plums and sloes","2006","2006","ha","1270","A","Official value",""
"QCL","Crops and livestock products","203","Czechia","5412","Yield","01346","Plums and sloes","2006","2006","kg/ha","4099.2","A","Official value",""
"QCL","Crops and livestock products","203","Czechia","5510","Production","01346","Plums and sloes","2006","2006","t","5206","A","Official value",""
"QCL","Crops and livestock products","203","Czechia","5312","Area harvested","01346","Plums and sloes","2007","2007","ha","1410","A","Official value",""
"QCL","Crops and livestock products","203","Czechia","5412","Yield","01346","Plums and sloes","2007","2007","kg/ha","4154.6","A","Official value",""
"QCL","Crops and livestock products","203","Czechia","5510","Production","01346","Plums and sloes","2007","2007","t","5858","A","Official value",""
"QCL","Crops and livestock products","203","Czechia","5312","Area harvested","01346","Plums and sloes","2008","2008","ha","1490","A","Official value",""
"QCL","Crops and livestock products","203","Czechia","5412","Yield","01346","Plums and sloes","2008","2008","kg/ha","3987.9","A","Official value",""
"QCL","Crops and livestock products","203","Czechia","5510","Production","01346","Plums and sloes","2008","2008","t","5942","A","Official value",""
"QCL","Crops and livestock products","203","Czechia","5312","Area harvested","01346","Plums and sloes","2009","2009","ha","1590","A","Official value",""
"QCL","Crops and livestock products","203","Czechia","5412","Yield","01346","Plums and sloes","2009","2009","kg/ha","5593.7","A","Official value",""
"QCL","Crops and livestock products","203","Czechia","5510","Production","01346","Plums and sloes","2009","2009","t","8894","A","Official value",""
"QCL","Crops and livestock products","203","Czechia","5312","Area harvested","01346","Plums and sloes","2010","2010","ha","1790","A","Official value",""
"QCL","Crops and livestock products","203","Czechia","5412","Yield","01346","Plums and sloes","2010","2010","kg/ha","2497.2","A","Official value",""
"QCL","Crops and livestock products","203","Czechia","5510","Production","01346","Plums and sloes","2010","2010","t","4470","A","Official value",""
"QCL","Crops and livestock products","203","Czechia","5312","Area harvested","01346","Plums and sloes","2011","2011","ha","1958","A","Official value",""
"QCL","Crops and livestock products","203","Czechia","5412","Yield","01346","Plums and sloes","2011","2011","kg/ha","3197.7","A","Official value",""
"QCL","Crops and livestock products","203","Czechia","5510","Production","01346","Plums and sloes","2011","2011","t","6261","A","Official value",""
"QCL","Crops and livestock products","203","Czechia","5312","Area harvested","01346","Plums and sloes","2012","2012","ha","1983","A","Official value",""
"QCL","Crops and livestock products","203","Czechia","5412","Yield","01346","Plums and sloes","2012","2012","kg/ha","2047.4","A","Official value",""
"QCL","Crops and livestock products","203","Czechia","5510","Production","01346","Plums and sloes","2012","2012","t","4060","A","Official value",""
"QCL","Crops and livestock products","203","Czechia","5312","Area harvested","01346","Plums and sloes","2013","2013","ha","1916","A","Official value",""
"QCL","Crops and livestock products","203","Czechia","5412","Yield","01346","Plums and sloes","2013","2013","kg/ha","3906.6","A","Official value",""
"QCL","Crops and livestock products","203","Czechia","5510","Production","01346","Plums and sloes","2013","2013","t","7485","A","Official value",""
"QCL","Crops and livestock products","203","Czechia","5312","Area harvested","01346","Plums and sloes","2014","2014","ha","1913","A","Official value",""
"QCL","Crops and livestock products","203","Czechia","5412","Yield","01346","Plums and sloes","2014","2014","kg/ha","3197.1","A","Official value",""
"QCL","Crops and livestock products","203","Czechia","5510","Production","01346","Plums and sloes","2014","2014","t","6116","A","Official value",""
"QCL","Crops and livestock products","203","Czechia","5312","Area harvested","01346","Plums and sloes","2015","2015","ha","1874","A","Official value",""
"QCL","Crops and livestock products","203","Czechia","5412","Yield","01346","Plums and sloes","2015","2015","kg/ha","4864.5","A","Official value",""
"QCL","Crops and livestock products","203","Czechia","5510","Production","01346","Plums and sloes","2015","2015","t","9116","A","Official value",""
"QCL","Crops and livestock products","203","Czechia","5312","Area harvested","01346","Plums and sloes","2016","2016","ha","1877","A","Official value",""
"QCL","Crops and livestock products","203","Czechia","5412","Yield","01346","Plums and sloes","2016","2016","kg/ha","3195.5","A","Official value",""
"QCL","Crops and livestock products","203","Czechia","5510","Production","01346","Plums and sloes","2016","2016","t","5998","A","Official value",""
"QCL","Crops and livestock products","203","Czechia","5312","Area harvested","01346","Plums and sloes","2017","2017","ha","1758","A","Official value",""
"QCL","Crops and livestock products","203","Czechia","5412","Yield","01346","Plums and sloes","2017","2017","kg/ha","2312.1","A","Official value",""
"QCL","Crops and livestock products","203","Czechia","5510","Production","01346","Plums and sloes","2017","2017","t","4064.59","A","Official value",""
"QCL","Crops and livestock products","203","Czechia","5312","Area harvested","01346","Plums and sloes","2018","2018","ha","1820","A","Official value",""
"QCL","Crops and livestock products","203","Czechia","5412","Yield","01346","Plums and sloes","2018","2018","kg/ha","7098.9","A","Official value",""
"QCL","Crops and livestock products","203","Czechia","5510","Production","01346","Plums and sloes","2018","2018","t","12920","A","Official value",""
"QCL","Crops and livestock products","203","Czechia","5312","Area harvested","01346","Plums and sloes","2019","2019","ha","1880","A","Official value",""
"QCL","Crops and livestock products","203","Czechia","5412","Yield","01346","Plums and sloes","2019","2019","kg/ha","4659.6","A","Official value",""
"QCL","Crops and livestock products","203","Czechia","5510","Production","01346","Plums and sloes","2019","2019","t","8760","A","Official value",""
"QCL","Crops and livestock products","203","Czechia","5312","Area harvested","01346","Plums and sloes","2020","2020","ha","1890","A","Official value",""
"QCL","Crops and livestock products","203","Czechia","5412","Yield","01346","Plums and sloes","2020","2020","kg/ha","4666.7","A","Official value",""
"QCL","Crops and livestock products","203","Czechia","5510","Production","01346","Plums and sloes","2020","2020","t","8820","A","Official value",""
"QCL","Crops and livestock products","203","Czechia","5312","Area harvested","01346","Plums and sloes","2021","2021","ha","1940","A","Official value",""
"QCL","Crops and livestock products","203","Czechia","5412","Yield","01346","Plums and sloes","2021","2021","kg/ha","3597.9","A","Official value",""
"QCL","Crops and livestock products","203","Czechia","5510","Production","01346","Plums and sloes","2021","2021","t","6980","A","Official value",""
"QCL","Crops and livestock products","203","Czechia","5312","Area harvested","01346","Plums and sloes","2022","2022","ha","1920","A","Official value",""
"QCL","Crops and livestock products","203","Czechia","5412","Yield","01346","Plums and sloes","2022","2022","kg/ha","5562.5","A","Official value",""
"QCL","Crops and livestock products","203","Czechia","5510","Production","01346","Plums and sloes","2022","2022","t","10680","A","Official value",""
"QCL","Crops and livestock products","203","Czechia","5312","Area harvested","01346","Plums and sloes","2023","2023","ha","1880","A","Official value",""
"QCL","Crops and livestock products","203","Czechia","5412","Yield","01346","Plums and sloes","2023","2023","kg/ha","2883","A","Official value",""
"QCL","Crops and livestock products","203","Czechia","5510","Production","01346","Plums and sloes","2023","2023","t","5420","A","Official value",""
"QCL","Crops and livestock products","203","Czechia","5312","Area harvested","01346","Plums and sloes","2024","2024","ha","1920","A","Official value",""
"QCL","Crops and livestock products","203","Czechia","5412","Yield","01346","Plums and sloes","2024","2024","kg/ha","1880.2","A","Official value",""
"QCL","Crops and livestock products","203","Czechia","5510","Production","01346","Plums and sloes","2024","2024","t","3610","A","Official value",""
"QCL","Crops and livestock products","203","Czechia","5312","Area harvested","01321","Pomelos and grapefruits","2018","2018","ha","0","A","Official value",""
"QCL","Crops and livestock products","203","Czechia","5510","Production","01321","Pomelos and grapefruits","2018","2018","t","0","A","Official value",""
"QCL","Crops and livestock products","203","Czechia","5312","Area harvested","01321","Pomelos and grapefruits","2019","2019","ha","0","A","Official value",""
"QCL","Crops and livestock products","203","Czechia","5510","Production","01321","Pomelos and grapefruits","2019","2019","t","0","A","Official value",""
"QCL","Crops and livestock products","203","Czechia","5312","Area harvested","01321","Pomelos and grapefruits","2020","2020","ha","0","A","Official value",""
"QCL","Crops and livestock products","203","Czechia","5510","Production","01321","Pomelos and grapefruits","2020","2020","t","0","A","Official value",""
"QCL","Crops and livestock products","203","Czechia","5312","Area harvested","01321","Pomelos and grapefruits","2021","2021","ha","0","A","Official value",""
"QCL","Crops and livestock products","203","Czechia","5510","Production","01321","Pomelos and grapefruits","2021","2021","t","0","A","Official value",""
"QCL","Crops and livestock products","203","Czechia","5312","Area harvested","01321","Pomelos and grapefruits","2022","2022","ha","0","A","Official value",""
"QCL","Crops and livestock products","203","Czechia","5510","Production","01321","Pomelos and grapefruits","2022","2022","t","0","A","Official value",""
"QCL","Crops and livestock products","203","Czechia","5312","Area harvested","01321","Pomelos and grapefruits","2023","2023","ha","0","A","Official value",""
"QCL","Crops and livestock products","203","Czechia","5510","Production","01321","Pomelos and grapefruits","2023","2023","t","0","A","Official value",""
"QCL","Crops and livestock products","203","Czechia","5312","Area harvested","01321","Pomelos and grapefruits","2024","2024","ha","0","A","Official value",""
"QCL","Crops and livestock products","203","Czechia","5510","Production","01321","Pomelos and grapefruits","2024","2024","t","0","A","Official value",""
"QCL","Crops and livestock products","203","Czechia","5312","Area harvested","01448","Poppy seed","1993","1993","ha","8814","A","Official value",""
"QCL","Crops and livestock products","203","Czechia","5412","Yield","01448","Poppy seed","1993","1993","kg/ha","781.7","A","Official value",""
"QCL","Crops and livestock products","203","Czechia","5510","Production","01448","Poppy seed","1993","1993","t","6890","A","Official value",""
"QCL","Crops and livestock products","203","Czechia","5312","Area harvested","01448","Poppy seed","1994","1994","ha","28726","A","Official value",""
"QCL","Crops and livestock products","203","Czechia","5412","Yield","01448","Poppy seed","1994","1994","kg/ha","573.4","A","Official value",""
"QCL","Crops and livestock products","203","Czechia","5510","Production","01448","Poppy seed","1994","1994","t","16471","A","Official value",""
"QCL","Crops and livestock products","203","Czechia","5312","Area harvested","01448","Poppy seed","1995","1995","ha","34600","E","Estimated value",""
"QCL","Crops and livestock products","203","Czechia","5412","Yield","01448","Poppy seed","1995","1995","kg/ha","730.1","E","Estimated value",""
"QCL","Crops and livestock products","203","Czechia","5510","Production","01448","Poppy seed","1995","1995","t","25260","X","Value from external organization","Unofficial figure"
"QCL","Crops and livestock products","203","Czechia","5312","Area harvested","01448","Poppy seed","1996","1996","ha","14400","E","Estimated value",""
"QCL","Crops and livestock products","203","Czechia","5412","Yield","01448","Poppy seed","1996","1996","kg/ha","680.6","E","Estimated value",""
"QCL","Crops and livestock products","203","Czechia","5510","Production","01448","Poppy seed","1996","1996","t","9800","X","Value from external organization","Unofficial figure"
"QCL","Crops and livestock products","203","Czechia","5312","Area harvested","01448","Poppy seed","1997","1997","ha","25000","E","Estimated value",""
"QCL","Crops and livestock products","203","Czechia","5412","Yield","01448","Poppy seed","1997","1997","kg/ha","640","E","Estimated value",""
"QCL","Crops and livestock products","203","Czechia","5510","Production","01448","Poppy seed","1997","1997","t","16000","E","Estimated value",""
"QCL","Crops and livestock products","203","Czechia","5312","Area harvested","01448","Poppy seed","1998","1998","ha","35000","E","Estimated value",""
"QCL","Crops and livestock products","203","Czechia","5412","Yield","01448","Poppy seed","1998","1998","kg/ha","586.4","E","Estimated value",""
"QCL","Crops and livestock products","203","Czechia","5510","Production","01448","Poppy seed","1998","1998","t","20524","A","Official value",""
"QCL","Crops and livestock products","203","Czechia","5312","Area harvested","01448","Poppy seed","1999","1999","ha","45462","A","Official value",""
"QCL","Crops and livestock products","203","Czechia","5412","Yield","01448","Poppy seed","1999","1999","kg/ha","627.1","A","Official value",""
"QCL","Crops and livestock products","203","Czechia","5510","Production","01448","Poppy seed","1999","1999","t","28509","A","Official value",""
"QCL","Crops and livestock products","203","Czechia","5312","Area harvested","01448","Poppy seed","2000","2000","ha","29871","A","Official value",""
"QCL","Crops and livestock products","203","Czechia","5412","Yield","01448","Poppy seed","2000","2000","kg/ha","455.5","A","Official value",""
"QCL","Crops and livestock products","203","Czechia","5510","Production","01448","Poppy seed","2000","2000","t","13607","A","Official value",""
"QCL","Crops and livestock products","203","Czechia","5312","Area harvested","01448","Poppy seed","2001","2001","ha","33235","A","Official value",""
"QCL","Crops and livestock products","203","Czechia","5412","Yield","01448","Poppy seed","2001","2001","kg/ha","640.7","A","Official value",""
"QCL","Crops and livestock products","203","Czechia","5510","Production","01448","Poppy seed","2001","2001","t","21294","A","Official value",""
"QCL","Crops and livestock products","203","Czechia","5312","Area harvested","01448","Poppy seed","2002","2002","ha","29637","A","Official value",""
"QCL","Crops and livestock products","203","Czechia","5412","Yield","01448","Poppy seed","2002","2002","kg/ha","570.8","A","Official value",""
"QCL","Crops and livestock products","203","Czechia","5510","Production","01448","Poppy seed","2002","2002","t","16918","A","Official value",""
"QCL","Crops and livestock products","203","Czechia","5312","Area harvested","01448","Poppy seed","2003","2003","ha","38147","A","Official value",""
"QCL","Crops and livestock products","203","Czechia","5412","Yield","01448","Poppy seed","2003","2003","kg/ha","512.3","A","Official value",""
"QCL","Crops and livestock products","203","Czechia","5510","Production","01448","Poppy seed","2003","2003","t","19544","A","Official value",""
"QCL","Crops and livestock products","203","Czechia","5312","Area harvested","01448","Poppy seed","2004","2004","ha","27611","A","Official value",""
"QCL","Crops and livestock products","203","Czechia","5412","Yield","01448","Poppy seed","2004","2004","kg/ha","899","A","Official value",""
"QCL","Crops and livestock products","203","Czechia","5510","Production","01448","Poppy seed","2004","2004","t","24821","A","Official value",""
"QCL","Crops and livestock products","203","Czechia","5312","Area harvested","01448","Poppy seed","2005","2005","ha","44613","A","Official value",""
"QCL","Crops and livestock products","203","Czechia","5412","Yield","01448","Poppy seed","2005","2005","kg/ha","816.3","A","Official value",""
"QCL","Crops and livestock products","203","Czechia","5510","Production","01448","Poppy seed","2005","2005","t","36418","A","Official value",""
"QCL","Crops and livestock products","203","Czechia","5312","Area harvested","01448","Poppy seed","2006","2006","ha","57785","A","Official value",""
"QCL","Crops and livestock products","203","Czechia","5412","Yield","01448","Poppy seed","2006","2006","kg/ha","546.7","A","Official value",""
"QCL","Crops and livestock products","203","Czechia","5510","Production","01448","Poppy seed","2006","2006","t","31591","A","Official value",""
"QCL","Crops and livestock products","203","Czechia","5312","Area harvested","01448","Poppy seed","2007","2007","ha","56914","A","Official value",""
"QCL","Crops and livestock products","203","Czechia","5412","Yield","01448","Poppy seed","2007","2007","kg/ha","581.6","A","Official value",""
"QCL","Crops and livestock products","203","Czechia","5510","Production","01448","Poppy seed","2007","2007","t","33101","A","Official value",""
"QCL","Crops and livestock products","203","Czechia","5312","Area harvested","01448","Poppy seed","2008","2008","ha","69793","A","Official value",""
"QCL","Crops and livestock products","203","Czechia","5412","Yield","01448","Poppy seed","2008","2008","kg/ha","705.6","A","Official value",""
"QCL","Crops and livestock products","203","Czechia","5510","Production","01448","Poppy seed","2008","2008","t","49248","A","Official value",""
"QCL","Crops and livestock products","203","Czechia","5312","Area harvested","01448","Poppy seed","2009","2009","ha","53623","A","Official value",""
"QCL","Crops and livestock products","203","Czechia","5412","Yield","01448","Poppy seed","2009","2009","kg/ha","609.7","A","Official value",""
"QCL","Crops and livestock products","203","Czechia","5510","Production","01448","Poppy seed","2009","2009","t","32692","A","Official value",""
"QCL","Crops and livestock products","203","Czechia","5312","Area harvested","01448","Poppy seed","2010","2010","ha","51103","A","Official value",""
"QCL","Crops and livestock products","203","Czechia","5412","Yield","01448","Poppy seed","2010","2010","kg/ha","463.6","A","Official value",""
"QCL","Crops and livestock products","203","Czechia","5510","Production","01448","Poppy seed","2010","2010","t","23690","A","Official value",""
"QCL","Crops and livestock products","203","Czechia","5312","Area harvested","01448","Poppy seed","2011","2011","ha","31495","A","Official value",""
"QCL","Crops and livestock products","203","Czechia","5412","Yield","01448","Poppy seed","2011","2011","kg/ha","854.7","A","Official value",""
"QCL","Crops and livestock products","203","Czechia","5510","Production","01448","Poppy seed","2011","2011","t","26918","A","Official value",""
"QCL","Crops and livestock products","203","Czechia","5312","Area harvested","01448","Poppy seed","2012","2012","ha","18363","A","Official value",""
"QCL","Crops and livestock products","203","Czechia","5412","Yield","01448","Poppy seed","2012","2012","kg/ha","697.8","A","Official value",""
"QCL","Crops and livestock products","203","Czechia","5510","Production","01448","Poppy seed","2012","2012","t","12814","A","Official value",""
"QCL","Crops and livestock products","203","Czechia","5312","Area harvested","01448","Poppy seed","2013","2013","ha","20250","A","Official value",""
"QCL","Crops and livestock products","203","Czechia","5412","Yield","01448","Poppy seed","2013","2013","kg/ha","687","A","Official value",""
"QCL","Crops and livestock products","203","Czechia","5510","Production","01448","Poppy seed","2013","2013","t","13911","A","Official value",""
"QCL","Crops and livestock products","203","Czechia","5312","Area harvested","01448","Poppy seed","2014","2014","ha","27020","A","Official value",""
"QCL","Crops and livestock products","203","Czechia","5412","Yield","01448","Poppy seed","2014","2014","kg/ha","912.8","A","Official value",""
"QCL","Crops and livestock products","203","Czechia","5510","Production","01448","Poppy seed","2014","2014","t","24665","A","Official value",""
"QCL","Crops and livestock products","203","Czechia","5312","Area harvested","01448","Poppy seed","2015","2015","ha","32650","A","Official value",""
"QCL","Crops and livestock products","203","Czechia","5412","Yield","01448","Poppy seed","2015","2015","kg/ha","819.1","A","Official value",""
"QCL","Crops and livestock products","203","Czechia","5510","Production","01448","Poppy seed","2015","2015","t","26743","A","Official value",""
"QCL","Crops and livestock products","203","Czechia","5312","Area harvested","01448","Poppy seed","2016","2016","ha","35543","A","Official value",""
"QCL","Crops and livestock products","203","Czechia","5412","Yield","01448","Poppy seed","2016","2016","kg/ha","803.9","A","Official value",""
"QCL","Crops and livestock products","203","Czechia","5510","Production","01448","Poppy seed","2016","2016","t","28574","A","Official value",""
"QCL","Crops and livestock products","203","Czechia","5312","Area harvested","01448","Poppy seed","2017","2017","ha","32586","A","Official value",""
"QCL","Crops and livestock products","203","Czechia","5412","Yield","01448","Poppy seed","2017","2017","kg/ha","615.2","A","Official value",""
"QCL","Crops and livestock products","203","Czechia","5510","Production","01448","Poppy seed","2017","2017","t","20047.64","A","Official value",""
"QCL","Crops and livestock products","203","Czechia","5312","Area harvested","01510","Potatoes","1993","1993","ha","102816","A","Official value",""
"QCL","Crops and livestock products","203","Czechia","5412","Yield","01510","Potatoes","1993","1993","kg/ha","23301.9","A","Official value",""
"QCL","Crops and livestock products","203","Czechia","5510","Production","01510","Potatoes","1993","1993","t","2395810","A","Official value",""
"QCL","Crops and livestock products","203","Czechia","5312","Area harvested","01510","Potatoes","1994","1994","ha","76673","A","Official value",""
"QCL","Crops and livestock products","203","Czechia","5412","Yield","01510","Potatoes","1994","1994","kg/ha","16055.7","A","Official value",""
"QCL","Crops and livestock products","203","Czechia","5510","Production","01510","Potatoes","1994","1994","t","1231035","A","Official value",""
"QCL","Crops and livestock products","203","Czechia","5312","Area harvested","01510","Potatoes","1995","1995","ha","77869","A","Official value",""
"QCL","Crops and livestock products","203","Czechia","5412","Yield","01510","Potatoes","1995","1995","kg/ha","17081.5","A","Official value",""
"QCL","Crops and livestock products","203","Czechia","5510","Production","01510","Potatoes","1995","1995","t","1330119","A","Official value",""
"QCL","Crops and livestock products","203","Czechia","5312","Area harvested","01510","Potatoes","1996","1996","ha","85710","A","Official value",""
"QCL","Crops and livestock products","203","Czechia","5412","Yield","01510","Potatoes","1996","1996","kg/ha","21004.2","A","Official value",""
"QCL","Crops and livestock products","203","Czechia","5510","Production","01510","Potatoes","1996","1996","t","1800272","A","Official value",""
"QCL","Crops and livestock products","203","Czechia","5312","Area harvested","01510","Potatoes","1997","1997","ha","72625","A","Official value",""
"QCL","Crops and livestock products","203","Czechia","5412","Yield","01510","Potatoes","1997","1997","kg/ha","19300","A","Official value",""
"QCL","Crops and livestock products","203","Czechia","5510","Production","01510","Potatoes","1997","1997","t","1401663","A","Official value",""
"QCL","Crops and livestock products","203","Czechia","5312","Area harvested","01510","Potatoes","1998","1998","ha","71855","A","Official value",""
"QCL","Crops and livestock products","203","Czechia","5412","Yield","01510","Potatoes","1998","1998","kg/ha","21150.5","A","Official value",""
"QCL","Crops and livestock products","203","Czechia","5510","Production","01510","Potatoes","1998","1998","t","1519768","A","Official value",""
"QCL","Crops and livestock products","203","Czechia","5312","Area harvested","01510","Potatoes","1999","1999","ha","71455","A","Official value",""
"QCL","Crops and livestock products","203","Czechia","5412","Yield","01510","Potatoes","1999","1999","kg/ha","19688.4","A","Official value",""
"QCL","Crops and livestock products","203","Czechia","5510","Production","01510","Potatoes","1999","1999","t","1406832","A","Official value",""
"QCL","Crops and livestock products","203","Czechia","5312","Area harvested","01510","Potatoes","2000","2000","ha","69198","A","Official value",""
"QCL","Crops and livestock products","203","Czechia","5412","Yield","01510","Potatoes","2000","2000","kg/ha","21330","A","Official value",""
"QCL","Crops and livestock products","203","Czechia","5510","Production","01510","Potatoes","2000","2000","t","1475992","A","Official value",""
"QCL","Crops and livestock products","203","Czechia","5312","Area harvested","01510","Potatoes","2001","2001","ha","54137","A","Official value",""
"QCL","Crops and livestock products","203","Czechia","5412","Yield","01510","Potatoes","2001","2001","kg/ha","20881.8","A","Official value",""
"QCL","Crops and livestock products","203","Czechia","5510","Production","01510","Potatoes","2001","2001","t","1130477","A","Official value",""
"QCL","Crops and livestock products","203","Czechia","5312","Area harvested","01510","Potatoes","2002","2002","ha","38314","A","Official value",""
"QCL","Crops and livestock products","203","Czechia","5412","Yield","01510","Potatoes","2002","2002","kg/ha","23512.1","A","Official value",""
"QCL","Crops and livestock products","203","Czechia","5510","Production","01510","Potatoes","2002","2002","t","900843","A","Official value",""
"QCL","Crops and livestock products","203","Czechia","5312","Area harvested","01510","Potatoes","2003","2003","ha","35982","A","Official value",""
"QCL","Crops and livestock products","203","Czechia","5412","Yield","01510","Potatoes","2003","2003","kg/ha","18968.1","A","Official value",""
"QCL","Crops and livestock products","203","Czechia","5510","Production","01510","Potatoes","2003","2003","t","682511","A","Official value",""
"QCL","Crops and livestock products","203","Czechia","5312","Area harvested","01510","Potatoes","2004","2004","ha","35974","A","Official value",""
"QCL","Crops and livestock products","203","Czechia","5412","Yield","01510","Potatoes","2004","2004","kg/ha","23956.1","A","Official value",""
"QCL","Crops and livestock products","203","Czechia","5510","Production","01510","Potatoes","2004","2004","t","861798","A","Official value",""
"QCL","Crops and livestock products","203","Czechia","5312","Area harvested","01510","Potatoes","2005","2005","ha","36071","A","Official value",""
"QCL","Crops and livestock products","203","Czechia","5412","Yield","01510","Potatoes","2005","2005","kg/ha","28083.5","A","Official value",""
"QCL","Crops and livestock products","203","Czechia","5510","Production","01510","Potatoes","2005","2005","t","1013000","A","Official value",""
"QCL","Crops and livestock products","203","Czechia","5312","Area harvested","01510","Potatoes","2006","2006","ha","30026","A","Official value",""
"QCL","Crops and livestock products","203","Czechia","5412","Yield","01510","Potatoes","2006","2006","kg/ha","23052.5","A","Official value",""
"QCL","Crops and livestock products","203","Czechia","5510","Production","01510","Potatoes","2006","2006","t","692174","A","Official value",""
"QCL","Crops and livestock products","203","Czechia","5312","Area harvested","01510","Potatoes","2007","2007","ha","31908","A","Official value",""
"QCL","Crops and livestock products","203","Czechia","5412","Yield","01510","Potatoes","2007","2007","kg/ha","25715","A","Official value",""
"QCL","Crops and livestock products","203","Czechia","5510","Production","01510","Potatoes","2007","2007","t","820515","A","Official value",""
"QCL","Crops and livestock products","203","Czechia","5312","Area harvested","01510","Potatoes","2008","2008","ha","29788","A","Official value",""
"QCL","Crops and livestock products","203","Czechia","5412","Yield","01510","Potatoes","2008","2008","kg/ha","25834.6","A","Official value",""
"QCL","Crops and livestock products","203","Czechia","5510","Production","01510","Potatoes","2008","2008","t","769561","A","Official value",""
"QCL","Crops and livestock products","203","Czechia","5312","Area harvested","01510","Potatoes","2009","2009","ha","28734","A","Official value",""
"QCL","Crops and livestock products","203","Czechia","5412","Yield","01510","Potatoes","2009","2009","kg/ha","26189.8","A","Official value",""
"QCL","Crops and livestock products","203","Czechia","5510","Production","01510","Potatoes","2009","2009","t","752539","A","Official value",""
"QCL","Crops and livestock products","203","Czechia","5312","Area harvested","01510","Potatoes","2010","2010","ha","27079","A","Official value",""
"QCL","Crops and livestock products","203","Czechia","5412","Yield","01510","Potatoes","2010","2010","kg/ha","24564.3","A","Official value",""
"QCL","Crops and livestock products","203","Czechia","5510","Production","01510","Potatoes","2010","2010","t","665176","A","Official value",""
"QCL","Crops and livestock products","203","Czechia","5312","Area harvested","01510","Potatoes","2011","2011","ha","26450","A","Official value",""
"QCL","Crops and livestock products","203","Czechia","5412","Yield","01510","Potatoes","2011","2011","kg/ha","30447.3","A","Official value",""
"QCL","Crops and livestock products","203","Czechia","5510","Production","01510","Potatoes","2011","2011","t","805331","A","Official value",""
"QCL","Crops and livestock products","203","Czechia","5312","Area harvested","01510","Potatoes","2012","2012","ha","23652","A","Official value",""
"QCL","Crops and livestock products","203","Czechia","5412","Yield","01510","Potatoes","2012","2012","kg/ha","27980.5","A","Official value",""
"QCL","Crops and livestock products","203","Czechia","5510","Production","01510","Potatoes","2012","2012","t","661795","A","Official value",""
"QCL","Crops and livestock products","203","Czechia","5312","Area harvested","01510","Potatoes","2013","2013","ha","23205","A","Official value",""
"QCL","Crops and livestock products","203","Czechia","5412","Yield","01510","Potatoes","2013","2013","kg/ha","23117.9","A","Official value",""
"QCL","Crops and livestock products","203","Czechia","5510","Production","01510","Potatoes","2013","2013","t","536450","A","Official value",""
"QCL","Crops and livestock products","203","Czechia","5312","Area harvested","01510","Potatoes","2014","2014","ha","23993","A","Official value",""
"QCL","Crops and livestock products","203","Czechia","5412","Yield","01510","Potatoes","2014","2014","kg/ha","29072.6","A","Official value",""
"QCL","Crops and livestock products","203","Czechia","5510","Production","01510","Potatoes","2014","2014","t","697539","A","Official value",""
"QCL","Crops and livestock products","203","Czechia","5312","Area harvested","01510","Potatoes","2015","2015","ha","22681","A","Official value",""
"QCL","Crops and livestock products","203","Czechia","5412","Yield","01510","Potatoes","2015","2015","kg/ha","22263.3","A","Official value",""
"QCL","Crops and livestock products","203","Czechia","5510","Production","01510","Potatoes","2015","2015","t","504955","A","Official value",""
"QCL","Crops and livestock products","203","Czechia","5312","Area harvested","01510","Potatoes","2016","2016","ha","23414","A","Official value",""
"QCL","Crops and livestock products","203","Czechia","5412","Yield","01510","Potatoes","2016","2016","kg/ha","29879.8","A","Official value",""
"QCL","Crops and livestock products","203","Czechia","5510","Production","01510","Potatoes","2016","2016","t","699605","A","Official value",""
"QCL","Crops and livestock products","203","Czechia","5312","Area harvested","01510","Potatoes","2017","2017","ha","23418","A","Official value",""
"QCL","Crops and livestock products","203","Czechia","5412","Yield","01510","Potatoes","2017","2017","kg/ha","29420.2","A","Official value",""
"QCL","Crops and livestock products","203","Czechia","5510","Production","01510","Potatoes","2017","2017","t","688969.98","A","Official value",""
"QCL","Crops and livestock products","203","Czechia","5312","Area harvested","01510","Potatoes","2018","2018","ha","22890","A","Official value",""
"QCL","Crops and livestock products","203","Czechia","5412","Yield","01510","Potatoes","2018","2018","kg/ha","25494.1","A","Official value",""
"QCL","Crops and livestock products","203","Czechia","5510","Production","01510","Potatoes","2018","2018","t","583560","A","Official value",""
"QCL","Crops and livestock products","203","Czechia","5312","Area harvested","01510","Potatoes","2019","2019","ha","22890","A","Official value",""
"QCL","Crops and livestock products","203","Czechia","5412","Yield","01510","Potatoes","2019","2019","kg/ha","27199.7","A","Official value",""
"QCL","Crops and livestock products","203","Czechia","5510","Production","01510","Potatoes","2019","2019","t","622600","A","Official value",""
"QCL","Crops and livestock products","203","Czechia","5312","Area harvested","01510","Potatoes","2020","2020","ha","23880","A","Official value",""
"QCL","Crops and livestock products","203","Czechia","5412","Yield","01510","Potatoes","2020","2020","kg/ha","29154.9","A","Official value",""
"QCL","Crops and livestock products","203","Czechia","5510","Production","01510","Potatoes","2020","2020","t","696220","A","Official value",""
"QCL","Crops and livestock products","203","Czechia","5312","Area harvested","01510","Potatoes","2021","2021","ha","22820","A","Official value",""
"QCL","Crops and livestock products","203","Czechia","5412","Yield","01510","Potatoes","2021","2021","kg/ha","29441.7","A","Official value",""
"QCL","Crops and livestock products","203","Czechia","5510","Production","01510","Potatoes","2021","2021","t","671860","A","Official value",""
"QCL","Crops and livestock products","203","Czechia","5312","Area harvested","01510","Potatoes","2022","2022","ha","21680","A","Official value",""
"QCL","Crops and livestock products","203","Czechia","5412","Yield","01510","Potatoes","2022","2022","kg/ha","30224.2","A","Official value",""
"QCL","Crops and livestock products","203","Czechia","5510","Production","01510","Potatoes","2022","2022","t","655260","A","Official value",""
"QCL","Crops and livestock products","203","Czechia","5312","Area harvested","01510","Potatoes","2023","2023","ha","20950","A","Official value",""
"QCL","Crops and livestock products","203","Czechia","5412","Yield","01510","Potatoes","2023","2023","kg/ha","27387.6","A","Official value",""
"QCL","Crops and livestock products","203","Czechia","5510","Production","01510","Potatoes","2023","2023","t","573770","A","Official value",""
"QCL","Crops and livestock products","203","Czechia","5312","Area harvested","01510","Potatoes","2024","2024","ha","22750","A","Official value",""
"QCL","Crops and livestock products","203","Czechia","5412","Yield","01510","Potatoes","2024","2024","kg/ha","28813.6","A","Official value",""
"QCL","Crops and livestock products","203","Czechia","5510","Production","01510","Potatoes","2024","2024","t","655510","A","Official value",""
"QCL","Crops and livestock products","203","Czechia","5312","Area harvested","01235","Pumpkins, squash and gourds","2023","2023","ha","600","A","Official value",""
"QCL","Crops and livestock products","203","Czechia","5412","Yield","01235","Pumpkins, squash and gourds","2023","2023","kg/ha","22016.7","A","Official value",""
"QCL","Crops and livestock products","203","Czechia","5510","Production","01235","Pumpkins, squash and gourds","2023","2023","t","13210","A","Official value",""
"QCL","Crops and livestock products","203","Czechia","5312","Area harvested","01235","Pumpkins, squash and gourds","2024","2024","ha","610","A","Official value",""
"QCL","Crops and livestock products","203","Czechia","5412","Yield","01235","Pumpkins, squash and gourds","2024","2024","kg/ha","26983.6","A","Official value",""
"QCL","Crops and livestock products","203","Czechia","5510","Production","01235","Pumpkins, squash and gourds","2024","2024","t","16460","A","Official value",""
"QCL","Crops and livestock products","203","Czechia","5312","Area harvested","01443","Rape or colza seed","1993","1993","ha","166995","A","Official value",""
"QCL","Crops and livestock products","203","Czechia","5412","Yield","01443","Rape or colza seed","1993","1993","kg/ha","2258.9","A","Official value",""
"QCL","Crops and livestock products","203","Czechia","5510","Production","01443","Rape or colza seed","1993","1993","t","377233","A","Official value",""
"QCL","Crops and livestock products","203","Czechia","5312","Area harvested","01443","Rape or colza seed","1994","1994","ha","189913","A","Official value",""
"QCL","Crops and livestock products","203","Czechia","5412","Yield","01443","Rape or colza seed","1994","1994","kg/ha","2378.1","A","Official value",""
"QCL","Crops and livestock products","203","Czechia","5510","Production","01443","Rape or colza seed","1994","1994","t","451628","A","Official value",""
"QCL","Crops and livestock products","203","Czechia","5312","Area harvested","01443","Rape or colza seed","1995","1995","ha","252675","A","Official value",""
"QCL","Crops and livestock products","203","Czechia","5412","Yield","01443","Rape or colza seed","1995","1995","kg/ha","2620.7","A","Official value",""
"QCL","Crops and livestock products","203","Czechia","5510","Production","01443","Rape or colza seed","1995","1995","t","662176","A","Official value",""
"QCL","Crops and livestock products","203","Czechia","5312","Area harvested","01443","Rape or colza seed","1996","1996","ha","226533","A","Official value",""
"QCL","Crops and livestock products","203","Czechia","5412","Yield","01443","Rape or colza seed","1996","1996","kg/ha","2298","A","Official value",""
"QCL","Crops and livestock products","203","Czechia","5510","Production","01443","Rape or colza seed","1996","1996","t","520572","A","Official value",""
"QCL","Crops and livestock products","203","Czechia","5312","Area harvested","01443","Rape or colza seed","1997","1997","ha","227310","A","Official value",""
"QCL","Crops and livestock products","203","Czechia","5412","Yield","01443","Rape or colza seed","1997","1997","kg/ha","2465.8","A","Official value",""
"QCL","Crops and livestock products","203","Czechia","5510","Production","01443","Rape or colza seed","1997","1997","t","560509","A","Official value",""
"QCL","Crops and livestock products","203","Czechia","5312","Area harvested","01443","Rape or colza seed","1998","1998","ha","264310","A","Official value",""
"QCL","Crops and livestock products","203","Czechia","5412","Yield","01443","Rape or colza seed","1998","1998","kg/ha","2573.6","A","Official value",""
"QCL","Crops and livestock products","203","Czechia","5510","Production","01443","Rape or colza seed","1998","1998","t","680216","A","Official value",""
"QCL","Crops and livestock products","203","Czechia","5312","Area harvested","01443","Rape or colza seed","1999","1999","ha","348949","A","Official value",""
"QCL","Crops and livestock products","203","Czechia","5412","Yield","01443","Rape or colza seed","1999","1999","kg/ha","2668.2","A","Official value",""
"QCL","Crops and livestock products","203","Czechia","5510","Production","01443","Rape or colza seed","1999","1999","t","931053","A","Official value",""
"QCL","Crops and livestock products","203","Czechia","5312","Area harvested","01443","Rape or colza seed","2000","2000","ha","323842","A","Official value",""
"QCL","Crops and livestock products","203","Czechia","5412","Yield","01443","Rape or colza seed","2000","2000","kg/ha","2607.5","A","Official value",""
"QCL","Crops and livestock products","203","Czechia","5510","Production","01443","Rape or colza seed","2000","2000","t","844428","A","Official value",""
"QCL","Crops and livestock products","203","Czechia","5312","Area harvested","01443","Rape or colza seed","2001","2001","ha","343004","A","Official value",""
"QCL","Crops and livestock products","203","Czechia","5412","Yield","01443","Rape or colza seed","2001","2001","kg/ha","2837.6","A","Official value",""
"QCL","Crops and livestock products","203","Czechia","5510","Production","01443","Rape or colza seed","2001","2001","t","973321","A","Official value",""
"QCL","Crops and livestock products","203","Czechia","5312","Area harvested","01443","Rape or colza seed","2002","2002","ha","313025","A","Official value",""
"QCL","Crops and livestock products","203","Czechia","5412","Yield","01443","Rape or colza seed","2002","2002","kg/ha","2266.7","A","Official value",""
"QCL","Crops and livestock products","203","Czechia","5510","Production","01443","Rape or colza seed","2002","2002","t","709533","A","Official value",""
"QCL","Crops and livestock products","203","Czechia","5312","Area harvested","01443","Rape or colza seed","2003","2003","ha","250959","A","Official value",""
"QCL","Crops and livestock products","203","Czechia","5412","Yield","01443","Rape or colza seed","2003","2003","kg/ha","1545.3","A","Official value",""
"QCL","Crops and livestock products","203","Czechia","5510","Production","01443","Rape or colza seed","2003","2003","t","387805","A","Official value",""
"QCL","Crops and livestock products","203","Czechia","5312","Area harvested","01443","Rape or colza seed","2004","2004","ha","259460","A","Official value",""
"QCL","Crops and livestock products","203","Czechia","5412","Yield","01443","Rape or colza seed","2004","2004","kg/ha","3602.4","A","Official value",""
"QCL","Crops and livestock products","203","Czechia","5510","Production","01443","Rape or colza seed","2004","2004","t","934674","A","Official value",""
"QCL","Crops and livestock products","203","Czechia","5312","Area harvested","01443","Rape or colza seed","2005","2005","ha","267160","A","Official value",""
"QCL","Crops and livestock products","203","Czechia","5412","Yield","01443","Rape or colza seed","2005","2005","kg/ha","2879.8","A","Official value",""
"QCL","Crops and livestock products","203","Czechia","5510","Production","01443","Rape or colza seed","2005","2005","t","769377","A","Official value",""
"QCL","Crops and livestock products","203","Czechia","5312","Area harvested","01443","Rape or colza seed","2006","2006","ha","292247","A","Official value",""
"QCL","Crops and livestock products","203","Czechia","5412","Yield","01443","Rape or colza seed","2006","2006","kg/ha","3011.7","A","Official value",""
"QCL","Crops and livestock products","203","Czechia","5510","Production","01443","Rape or colza seed","2006","2006","t","880172","A","Official value",""
"QCL","Crops and livestock products","203","Czechia","5312","Area harvested","01443","Rape or colza seed","2007","2007","ha","337571","A","Official value",""
"QCL","Crops and livestock products","203","Czechia","5412","Yield","01443","Rape or colza seed","2007","2007","kg/ha","3056.9","A","Official value",""
"QCL","Crops and livestock products","203","Czechia","5510","Production","01443","Rape or colza seed","2007","2007","t","1031920","A","Official value",""
"QCL","Crops and livestock products","203","Czechia","5312","Area harvested","01443","Rape or colza seed","2008","2008","ha","356924","A","Official value",""
"QCL","Crops and livestock products","203","Czechia","5412","Yield","01443","Rape or colza seed","2008","2008","kg/ha","2938.8","A","Official value",""
"QCL","Crops and livestock products","203","Czechia","5510","Production","01443","Rape or colza seed","2008","2008","t","1048943","A","Official value",""
"QCL","Crops and livestock products","203","Czechia","5312","Area harvested","01443","Rape or colza seed","2009","2009","ha","354826","A","Official value",""
"QCL","Crops and livestock products","203","Czechia","5412","Yield","01443","Rape or colza seed","2009","2009","kg/ha","3179.4","A","Official value",""
"QCL","Crops and livestock products","203","Czechia","5510","Production","01443","Rape or colza seed","2009","2009","t","1128119","A","Official value",""
"QCL","Crops and livestock products","203","Czechia","5312","Area harvested","01443","Rape or colza seed","2010","2010","ha","368824","A","Official value",""
"QCL","Crops and livestock products","203","Czechia","5412","Yield","01443","Rape or colza seed","2010","2010","kg/ha","2826.3","A","Official value",""
"QCL","Crops and livestock products","203","Czechia","5510","Production","01443","Rape or colza seed","2010","2010","t","1042418","A","Official value",""
"QCL","Crops and livestock products","203","Czechia","5312","Area harvested","01443","Rape or colza seed","2011","2011","ha","373386","A","Official value",""
"QCL","Crops and livestock products","203","Czechia","5412","Yield","01443","Rape or colza seed","2011","2011","kg/ha","2801.6","A","Official value",""
"QCL","Crops and livestock products","203","Czechia","5510","Production","01443","Rape or colza seed","2011","2011","t","1046071","A","Official value",""
"QCL","Crops and livestock products","203","Czechia","5312","Area harvested","01443","Rape or colza seed","2012","2012","ha","401319","A","Official value",""
"QCL","Crops and livestock products","203","Czechia","5412","Yield","01443","Rape or colza seed","2012","2012","kg/ha","2763.7","A","Official value",""
"QCL","Crops and livestock products","203","Czechia","5510","Production","01443","Rape or colza seed","2012","2012","t","1109137","A","Official value",""
"QCL","Crops and livestock products","203","Czechia","5312","Area harvested","01443","Rape or colza seed","2013","2013","ha","418808","A","Official value",""
"QCL","Crops and livestock products","203","Czechia","5412","Yield","01443","Rape or colza seed","2013","2013","kg/ha","3446","A","Official value",""
"QCL","Crops and livestock products","203","Czechia","5510","Production","01443","Rape or colza seed","2013","2013","t","1443210","A","Official value",""
"QCL","Crops and livestock products","203","Czechia","5312","Area harvested","01443","Rape or colza seed","2014","2014","ha","389298","A","Official value",""
"QCL","Crops and livestock products","203","Czechia","5412","Yield","01443","Rape or colza seed","2014","2014","kg/ha","3949","A","Official value",""
"QCL","Crops and livestock products","203","Czechia","5510","Production","01443","Rape or colza seed","2014","2014","t","1537320","A","Official value",""
"QCL","Crops and livestock products","203","Czechia","5312","Area harvested","01443","Rape or colza seed","2015","2015","ha","366180","A","Official value",""
"QCL","Crops and livestock products","203","Czechia","5412","Yield","01443","Rape or colza seed","2015","2015","kg/ha","3430.6","A","Official value",""
"QCL","Crops and livestock products","203","Czechia","5510","Production","01443","Rape or colza seed","2015","2015","t","1256212","A","Official value",""
"QCL","Crops and livestock products","203","Czechia","5312","Area harvested","01443","Rape or colza seed","2016","2016","ha","392991","A","Official value",""
"QCL","Crops and livestock products","203","Czechia","5412","Yield","01443","Rape or colza seed","2016","2016","kg/ha","3458.4","A","Official value",""
"QCL","Crops and livestock products","203","Czechia","5510","Production","01443","Rape or colza seed","2016","2016","t","1359125","A","Official value",""
"QCL","Crops and livestock products","203","Czechia","5312","Area harvested","01443","Rape or colza seed","2017","2017","ha","394262","A","Official value",""
"QCL","Crops and livestock products","203","Czechia","5412","Yield","01443","Rape or colza seed","2017","2017","kg/ha","2907.3","A","Official value",""
"QCL","Crops and livestock products","203","Czechia","5510","Production","01443","Rape or colza seed","2017","2017","t","1146223.8","A","Official value",""
"QCL","Crops and livestock products","203","Czechia","5312","Area harvested","01443","Rape or colza seed","2018","2018","ha","411800","A","Official value",""
"QCL","Crops and livestock products","203","Czechia","5412","Yield","01443","Rape or colza seed","2018","2018","kg/ha","3425.9","A","Official value",""
"QCL","Crops and livestock products","203","Czechia","5510","Production","01443","Rape or colza seed","2018","2018","t","1410770","A","Official value",""
"QCL","Crops and livestock products","203","Czechia","5312","Area harvested","01443","Rape or colza seed","2019","2019","ha","379780","A","Official value",""
"QCL","Crops and livestock products","203","Czechia","5412","Yield","01443","Rape or colza seed","2019","2019","kg/ha","3046.4","A","Official value",""
"QCL","Crops and livestock products","203","Czechia","5510","Production","01443","Rape or colza seed","2019","2019","t","1156970","A","Official value",""
"QCL","Crops and livestock products","203","Czechia","5312","Area harvested","01443","Rape or colza seed","2020","2020","ha","368210","A","Official value",""
"QCL","Crops and livestock products","203","Czechia","5412","Yield","01443","Rape or colza seed","2020","2020","kg/ha","3382.1","A","Official value",""
"QCL","Crops and livestock products","203","Czechia","5510","Production","01443","Rape or colza seed","2020","2020","t","1245330","A","Official value",""
"QCL","Crops and livestock products","203","Czechia","5312","Area harvested","01443","Rape or colza seed","2021","2021","ha","342320","A","Official value",""
"QCL","Crops and livestock products","203","Czechia","5412","Yield","01443","Rape or colza seed","2021","2021","kg/ha","2994.1","A","Official value",""
"QCL","Crops and livestock products","203","Czechia","5510","Production","01443","Rape or colza seed","2021","2021","t","1024930","A","Official value",""
"QCL","Crops and livestock products","203","Czechia","5312","Area harvested","01443","Rape or colza seed","2022","2022","ha","343960","A","Official value",""
"QCL","Crops and livestock products","203","Czechia","5412","Yield","01443","Rape or colza seed","2022","2022","kg/ha","3391.1","A","Official value",""
"QCL","Crops and livestock products","203","Czechia","5510","Production","01443","Rape or colza seed","2022","2022","t","1166390","A","Official value",""
"QCL","Crops and livestock products","203","Czechia","5312","Area harvested","01443","Rape or colza seed","2023","2023","ha","379940","A","Official value",""
"QCL","Crops and livestock products","203","Czechia","5412","Yield","01443","Rape or colza seed","2023","2023","kg/ha","3446.6","A","Official value",""
"QCL","Crops and livestock products","203","Czechia","5510","Production","01443","Rape or colza seed","2023","2023","t","1309500","A","Official value",""
"QCL","Crops and livestock products","203","Czechia","5312","Area harvested","01443","Rape or colza seed","2024","2024","ha","343380","A","Official value",""
"QCL","Crops and livestock products","203","Czechia","5412","Yield","01443","Rape or colza seed","2024","2024","kg/ha","2757.6","A","Official value",""
"QCL","Crops and livestock products","203","Czechia","5510","Production","01443","Rape or colza seed","2024","2024","t","946890","A","Official value",""
"QCL","Crops and livestock products","203","Czechia","5312","Area harvested","01353.01","Raspberries","1993","1993","ha","314","I","Value imputed by a receiving agency",""
"QCL","Crops and livestock products","203","Czechia","5412","Yield","01353.01","Raspberries","1993","1993","kg/ha","2234.7","E","Estimated value",""
"QCL","Crops and livestock products","203","Czechia","5510","Production","01353.01","Raspberries","1993","1993","t","702.48","I","Value imputed by a receiving agency",""
"QCL","Crops and livestock products","203","Czechia","5312","Area harvested","01353.01","Raspberries","1994","1994","ha","332","A","Official value",""
"QCL","Crops and livestock products","203","Czechia","5412","Yield","01353.01","Raspberries","1994","1994","kg/ha","2376.5","A","Official value",""
"QCL","Crops and livestock products","203","Czechia","5510","Production","01353.01","Raspberries","1994","1994","t","789","A","Official value",""
"QCL","Crops and livestock products","203","Czechia","5312","Area harvested","01353.01","Raspberries","1995","1995","ha","320","A","Official value",""
"QCL","Crops and livestock products","203","Czechia","5412","Yield","01353.01","Raspberries","1995","1995","kg/ha","2146.9","A","Official value",""
"QCL","Crops and livestock products","203","Czechia","5510","Production","01353.01","Raspberries","1995","1995","t","687","A","Official value",""
"QCL","Crops and livestock products","203","Czechia","5312","Area harvested","01353.01","Raspberries","1996","1996","ha","318","A","Official value",""
"QCL","Crops and livestock products","203","Czechia","5412","Yield","01353.01","Raspberries","1996","1996","kg/ha","2591.2","A","Official value",""
"QCL","Crops and livestock products","203","Czechia","5510","Production","01353.01","Raspberries","1996","1996","t","824","A","Official value",""
"QCL","Crops and livestock products","203","Czechia","5312","Area harvested","01353.01","Raspberries","1997","1997","ha","334","A","Official value",""
"QCL","Crops and livestock products","203","Czechia","5412","Yield","01353.01","Raspberries","1997","1997","kg/ha","2263.5","A","Official value",""
"QCL","Crops and livestock products","203","Czechia","5510","Production","01353.01","Raspberries","1997","1997","t","756","A","Official value",""
"QCL","Crops and livestock products","203","Czechia","5312","Area harvested","01353.01","Raspberries","1998","1998","ha","338","A","Official value",""
"QCL","Crops and livestock products","203","Czechia","5412","Yield","01353.01","Raspberries","1998","1998","kg/ha","2192.3","A","Official value",""
"QCL","Crops and livestock products","203","Czechia","5510","Production","01353.01","Raspberries","1998","1998","t","741","A","Official value",""
"QCL","Crops and livestock products","203","Czechia","5312","Area harvested","01353.01","Raspberries","1999","1999","ha","309","A","Official value",""
"QCL","Crops and livestock products","203","Czechia","5412","Yield","01353.01","Raspberries","1999","1999","kg/ha","2265.4","A","Official value",""
"QCL","Crops and livestock products","203","Czechia","5510","Production","01353.01","Raspberries","1999","1999","t","700","A","Official value",""
"QCL","Crops and livestock products","203","Czechia","5312","Area harvested","01353.01","Raspberries","2000","2000","ha","317","A","Official value",""
"QCL","Crops and livestock products","203","Czechia","5412","Yield","01353.01","Raspberries","2000","2000","kg/ha","2293.4","A","Official value",""
"QCL","Crops and livestock products","203","Czechia","5510","Production","01353.01","Raspberries","2000","2000","t","727","A","Official value",""
"QCL","Crops and livestock products","203","Czechia","5312","Area harvested","01353.01","Raspberries","2001","2001","ha","215","A","Official value",""
"QCL","Crops and livestock products","203","Czechia","5412","Yield","01353.01","Raspberries","2001","2001","kg/ha","2269.8","A","Official value",""
"QCL","Crops and livestock products","203","Czechia","5510","Production","01353.01","Raspberries","2001","2001","t","488","A","Official value",""
"QCL","Crops and livestock products","203","Czechia","5312","Area harvested","01353.01","Raspberries","2002","2002","ha","20","A","Official value",""
"QCL","Crops and livestock products","203","Czechia","5412","Yield","01353.01","Raspberries","2002","2002","kg/ha","1950","A","Official value",""
"QCL","Crops and livestock products","203","Czechia","5510","Production","01353.01","Raspberries","2002","2002","t","39","A","Official value",""
"QCL","Crops and livestock products","203","Czechia","5312","Area harvested","01353.01","Raspberries","2003","2003","ha","16","A","Official value",""
"QCL","Crops and livestock products","203","Czechia","5412","Yield","01353.01","Raspberries","2003","2003","kg/ha","1875","A","Official value",""
"QCL","Crops and livestock products","203","Czechia","5510","Production","01353.01","Raspberries","2003","2003","t","30","A","Official value",""
"QCL","Crops and livestock products","203","Czechia","5312","Area harvested","01353.01","Raspberries","2004","2004","ha","29","A","Official value",""
"QCL","Crops and livestock products","203","Czechia","5412","Yield","01353.01","Raspberries","2004","2004","kg/ha","1137.9","A","Official value",""
"QCL","Crops and livestock products","203","Czechia","5510","Production","01353.01","Raspberries","2004","2004","t","33","A","Official value",""
"QCL","Crops and livestock products","203","Czechia","5312","Area harvested","01353.01","Raspberries","2005","2005","ha","25","E","Estimated value",""
"QCL","Crops and livestock products","203","Czechia","5412","Yield","01353.01","Raspberries","2005","2005","kg/ha","1120","E","Estimated value",""
"QCL","Crops and livestock products","203","Czechia","5510","Production","01353.01","Raspberries","2005","2005","t","28","E","Estimated value",""
"QCL","Crops and livestock products","203","Czechia","5312","Area harvested","01353.01","Raspberries","2006","2006","ha","35","A","Official value",""
"QCL","Crops and livestock products","203","Czechia","5412","Yield","01353.01","Raspberries","2006","2006","kg/ha","1857.1","A","Official value",""
"QCL","Crops and livestock products","203","Czechia","5510","Production","01353.01","Raspberries","2006","2006","t","65","A","Official value",""
"QCL","Crops and livestock products","203","Czechia","5312","Area harvested","01353.01","Raspberries","2007","2007","ha","27","A","Official value",""
"QCL","Crops and livestock products","203","Czechia","5412","Yield","01353.01","Raspberries","2007","2007","kg/ha","851.9","A","Official value",""
"QCL","Crops and livestock products","203","Czechia","5510","Production","01353.01","Raspberries","2007","2007","t","23","A","Official value",""
"QCL","Crops and livestock products","203","Czechia","5312","Area harvested","01353.01","Raspberries","2008","2008","ha","29","A","Official value",""
"QCL","Crops and livestock products","203","Czechia","5412","Yield","01353.01","Raspberries","2008","2008","kg/ha","1724.1","A","Official value",""
"QCL","Crops and livestock products","203","Czechia","5510","Production","01353.01","Raspberries","2008","2008","t","50","A","Official value",""
"QCL","Crops and livestock products","203","Czechia","5312","Area harvested","01353.01","Raspberries","2009","2009","ha","30","E","Estimated value",""
"QCL","Crops and livestock products","203","Czechia","5412","Yield","01353.01","Raspberries","2009","2009","kg/ha","1430.6","E","Estimated value",""
"QCL","Crops and livestock products","203","Czechia","5510","Production","01353.01","Raspberries","2009","2009","t","42.92","I","Value imputed by a receiving agency",""
"QCL","Crops and livestock products","203","Czechia","5312","Area harvested","01353.01","Raspberries","2010","2010","ha","23","I","Value imputed by a receiving agency",""
"QCL","Crops and livestock products","203","Czechia","5412","Yield","01353.01","Raspberries","2010","2010","kg/ha","1313.6","E","Estimated value",""
"QCL","Crops and livestock products","203","Czechia","5510","Production","01353.01","Raspberries","2010","2010","t","30.75","I","Value imputed by a receiving agency",""
"QCL","Crops and livestock products","203","Czechia","5312","Area harvested","01353.01","Raspberries","2011","2011","ha","21","I","Value imputed by a receiving agency",""
"QCL","Crops and livestock products","203","Czechia","5412","Yield","01353.01","Raspberries","2011","2011","kg/ha","1297.7","E","Estimated value",""
"QCL","Crops and livestock products","203","Czechia","5510","Production","01353.01","Raspberries","2011","2011","t","26.93","I","Value imputed by a receiving agency",""
"QCL","Crops and livestock products","203","Czechia","5312","Area harvested","01353.01","Raspberries","2012","2012","ha","22","I","Value imputed by a receiving agency",""
"QCL","Crops and livestock products","203","Czechia","5412","Yield","01353.01","Raspberries","2012","2012","kg/ha","1226.5","E","Estimated value",""
"QCL","Crops and livestock products","203","Czechia","5510","Production","01353.01","Raspberries","2012","2012","t","26.97","I","Value imputed by a receiving agency",""
"QCL","Crops and livestock products","203","Czechia","5312","Area harvested","01353.01","Raspberries","2013","2013","ha","23","I","Value imputed by a receiving agency",""
"QCL","Crops and livestock products","203","Czechia","5412","Yield","01353.01","Raspberries","2013","2013","kg/ha","1189.8","E","Estimated value",""
"QCL","Crops and livestock products","203","Czechia","5510","Production","01353.01","Raspberries","2013","2013","t","26.97","I","Value imputed by a receiving agency",""
"QCL","Crops and livestock products","203","Czechia","5312","Area harvested","01353.01","Raspberries","2014","2014","ha","22","I","Value imputed by a receiving agency",""
"QCL","Crops and livestock products","203","Czechia","5412","Yield","01353.01","Raspberries","2014","2014","kg/ha","1482.5","E","Estimated value",""
"QCL","Crops and livestock products","203","Czechia","5510","Production","01353.01","Raspberries","2014","2014","t","32.57","E","Estimated value",""
"QCL","Crops and livestock products","203","Czechia","5312","Area harvested","01353.01","Raspberries","2015","2015","ha","29","E","Estimated value",""
"QCL","Crops and livestock products","203","Czechia","5412","Yield","01353.01","Raspberries","2015","2015","kg/ha","1299.6","E","Estimated value",""
"QCL","Crops and livestock products","203","Czechia","5510","Production","01353.01","Raspberries","2015","2015","t","37.94","E","Estimated value",""
"QCL","Crops and livestock products","203","Czechia","5312","Area harvested","01353.01","Raspberries","2016","2016","ha","29","E","Estimated value",""
"QCL","Crops and livestock products","203","Czechia","5412","Yield","01353.01","Raspberries","2016","2016","kg/ha","1324","E","Estimated value",""
"QCL","Crops and livestock products","203","Czechia","5510","Production","01353.01","Raspberries","2016","2016","t","37.82","E","Estimated value",""
"QCL","Crops and livestock products","203","Czechia","5312","Area harvested","01353.01","Raspberries","2017","2017","ha","22","E","Estimated value",""
"QCL","Crops and livestock products","203","Czechia","5412","Yield","01353.01","Raspberries","2017","2017","kg/ha","1368.7","E","Estimated value",""
"QCL","Crops and livestock products","203","Czechia","5510","Production","01353.01","Raspberries","2017","2017","t","30.29","E","Estimated value",""
"QCL","Crops and livestock products","203","Czechia","5312","Area harvested","01353.01","Raspberries","2018","2018","ha","30","A","Official value",""
"QCL","Crops and livestock products","203","Czechia","5412","Yield","01353.01","Raspberries","2018","2018","kg/ha","3333.3","A","Official value",""
"QCL","Crops and livestock products","203","Czechia","5510","Production","01353.01","Raspberries","2018","2018","t","100","A","Official value",""
"QCL","Crops and livestock products","203","Czechia","5312","Area harvested","01353.01","Raspberries","2019","2019","ha","30","A","Official value",""
"QCL","Crops and livestock products","203","Czechia","5412","Yield","01353.01","Raspberries","2019","2019","kg/ha","4000","A","Official value",""
"QCL","Crops and livestock products","203","Czechia","5510","Production","01353.01","Raspberries","2019","2019","t","120","A","Official value",""
"QCL","Crops and livestock products","203","Czechia","5312","Area harvested","01353.01","Raspberries","2020","2020","ha","20","A","Official value",""
"QCL","Crops and livestock products","203","Czechia","5412","Yield","01353.01","Raspberries","2020","2020","kg/ha","2500","A","Official value",""
"QCL","Crops and livestock products","203","Czechia","5510","Production","01353.01","Raspberries","2020","2020","t","50","A","Official value",""
"QCL","Crops and livestock products","203","Czechia","5312","Area harvested","01353.01","Raspberries","2021","2021","ha","20","A","Official value",""
"QCL","Crops and livestock products","203","Czechia","5412","Yield","01353.01","Raspberries","2021","2021","kg/ha","2000","A","Official value",""
"QCL","Crops and livestock products","203","Czechia","5510","Production","01353.01","Raspberries","2021","2021","t","40","A","Official value",""
"QCL","Crops and livestock products","203","Czechia","5312","Area harvested","01353.01","Raspberries","2022","2022","ha","20","A","Official value",""
"QCL","Crops and livestock products","203","Czechia","5412","Yield","01353.01","Raspberries","2022","2022","kg/ha","2500","A","Official value",""
"QCL","Crops and livestock products","203","Czechia","5510","Production","01353.01","Raspberries","2022","2022","t","50","A","Official value",""
"QCL","Crops and livestock products","203","Czechia","5312","Area harvested","01353.01","Raspberries","2023","2023","ha","20","A","Official value",""
"QCL","Crops and livestock products","203","Czechia","5412","Yield","01353.01","Raspberries","2023","2023","kg/ha","4000","A","Official value",""
"QCL","Crops and livestock products","203","Czechia","5510","Production","01353.01","Raspberries","2023","2023","t","80","A","Official value",""
"QCL","Crops and livestock products","203","Czechia","5312","Area harvested","01353.01","Raspberries","2024","2024","ha","30","A","Official value",""
"QCL","Crops and livestock products","203","Czechia","5412","Yield","01353.01","Raspberries","2024","2024","kg/ha","2000","A","Official value",""
"QCL","Crops and livestock products","203","Czechia","5510","Production","01353.01","Raspberries","2024","2024","t","60","A","Official value",""
"QCL","Crops and livestock products","203","Czechia","5312","Area harvested","0113","Rice","2018","2018","ha","0","A","Official value",""
"QCL","Crops and livestock products","203","Czechia","5510","Production","0113","Rice","2018","2018","t","0","A","Official value",""
"QCL","Crops and livestock products","203","Czechia","5312","Area harvested","0113","Rice","2019","2019","ha","0","A","Official value",""
"QCL","Crops and livestock products","203","Czechia","5510","Production","0113","Rice","2019","2019","t","0","A","Official value",""
"QCL","Crops and livestock products","203","Czechia","5312","Area harvested","0113","Rice","2020","2020","ha","0","A","Official value",""
"QCL","Crops and livestock products","203","Czechia","5510","Production","0113","Rice","2020","2020","t","0","A","Official value",""
"QCL","Crops and livestock products","203","Czechia","5312","Area harvested","0113","Rice","2021","2021","ha","0","A","Official value",""
"QCL","Crops and livestock products","203","Czechia","5510","Production","0113","Rice","2021","2021","t","0","A","Official value",""
"QCL","Crops and livestock products","203","Czechia","5312","Area harvested","0113","Rice","2022","2022","ha","0","A","Official value",""
"QCL","Crops and livestock products","203","Czechia","5510","Production","0113","Rice","2022","2022","t","0","A","Official value",""
"QCL","Crops and livestock products","203","Czechia","5312","Area harvested","0113","Rice","2023","2023","ha","0","A","Official value",""
"QCL","Crops and livestock products","203","Czechia","5510","Production","0113","Rice","2023","2023","t","0","A","Official value",""
"QCL","Crops and livestock products","203","Czechia","5312","Area harvested","0113","Rice","2024","2024","ha","0","A","Official value",""
"QCL","Crops and livestock products","203","Czechia","5510","Production","0113","Rice","2024","2024","t","0","A","Official value",""
"QCL","Crops and livestock products","203","Czechia","5312","Area harvested","0116","Rye","1993","1993","ha","67161","A","Official value",""
"QCL","Crops and livestock products","203","Czechia","5412","Yield","0116","Rye","1993","1993","kg/ha","3812.9","A","Official value",""
"QCL","Crops and livestock products","203","Czechia","5510","Production","0116","Rye","1993","1993","t","256079","A","Official value",""
"QCL","Crops and livestock products","203","Czechia","5312","Area harvested","0116","Rye","1994","1994","ha","78548","A","Official value",""
"QCL","Crops and livestock products","203","Czechia","5412","Yield","0116","Rye","1994","1994","kg/ha","3509.4","A","Official value",""
"QCL","Crops and livestock products","203","Czechia","5510","Production","0116","Rye","1994","1994","t","275654","A","Official value",""
"QCL","Crops and livestock products","203","Czechia","5312","Area harvested","0116","Rye","1995","1995","ha","79344","A","Official value",""
"QCL","Crops and livestock products","203","Czechia","5412","Yield","0116","Rye","1995","1995","kg/ha","3301.3","A","Official value",""
"QCL","Crops and livestock products","203","Czechia","5510","Production","0116","Rye","1995","1995","t","261938","A","Official value",""
"QCL","Crops and livestock products","203","Czechia","5312","Area harvested","0116","Rye","1996","1996","ha","63597","A","Official value",""
"QCL","Crops and livestock products","203","Czechia","5412","Yield","0116","Rye","1996","1996","kg/ha","3212.1","A","Official value",""
"QCL","Crops and livestock products","203","Czechia","5510","Production","0116","Rye","1996","1996","t","204279","A","Official value",""
"QCL","Crops and livestock products","203","Czechia","5312","Area harvested","0116","Rye","1997","1997","ha","75647","A","Official value",""
"QCL","Crops and livestock products","203","Czechia","5412","Yield","0116","Rye","1997","1997","kg/ha","3429.2","A","Official value",""
"QCL","Crops and livestock products","203","Czechia","5510","Production","0116","Rye","1997","1997","t","259412","A","Official value",""
"QCL","Crops and livestock products","203","Czechia","5312","Area harvested","0116","Rye","1998","1998","ha","71861","A","Official value",""
"QCL","Crops and livestock products","203","Czechia","5412","Yield","0116","Rye","1998","1998","kg/ha","3634.3","A","Official value",""
"QCL","Crops and livestock products","203","Czechia","5510","Production","0116","Rye","1998","1998","t","261167","A","Official value",""
"QCL","Crops and livestock products","203","Czechia","5312","Area harvested","0116","Rye","1999","1999","ha","55069","A","Official value",""
"QCL","Crops and livestock products","203","Czechia","5412","Yield","0116","Rye","1999","1999","kg/ha","3674.9","A","Official value",""
"QCL","Crops and livestock products","203","Czechia","5510","Production","0116","Rye","1999","1999","t","202373","A","Official value",""
"QCL","Crops and livestock products","203","Czechia","5312","Area harvested","0116","Rye","2000","2000","ha","43881","A","Official value",""
"QCL","Crops and livestock products","203","Czechia","5412","Yield","0116","Rye","2000","2000","kg/ha","3419.5","A","Official value",""
"QCL","Crops and livestock products","203","Czechia","5510","Production","0116","Rye","2000","2000","t","150052","A","Official value",""
"QCL","Crops and livestock products","203","Czechia","5312","Area harvested","0116","Rye","2001","2001","ha","40129","A","Official value",""
"QCL","Crops and livestock products","203","Czechia","5412","Yield","0116","Rye","2001","2001","kg/ha","3720.5","A","Official value",""
"QCL","Crops and livestock products","203","Czechia","5510","Production","0116","Rye","2001","2001","t","149298","A","Official value",""
"QCL","Crops and livestock products","203","Czechia","5312","Area harvested","0116","Rye","2002","2002","ha","35332","A","Official value",""
"QCL","Crops and livestock products","203","Czechia","5412","Yield","0116","Rye","2002","2002","kg/ha","3372.4","A","Official value",""
"QCL","Crops and livestock products","203","Czechia","5510","Production","0116","Rye","2002","2002","t","119154","A","Official value",""
"QCL","Crops and livestock products","203","Czechia","5312","Area harvested","0116","Rye","2003","2003","ha","41916","A","Official value",""
"QCL","Crops and livestock products","203","Czechia","5412","Yield","0116","Rye","2003","2003","kg/ha","3800.7","A","Official value",""
"QCL","Crops and livestock products","203","Czechia","5510","Production","0116","Rye","2003","2003","t","159312","A","Official value",""
"QCL","Crops and livestock products","203","Czechia","5312","Area harvested","0116","Rye","2004","2004","ha","59209","A","Official value",""
"QCL","Crops and livestock products","203","Czechia","5412","Yield","0116","Rye","2004","2004","kg/ha","5292.2","A","Official value",""
"QCL","Crops and livestock products","203","Czechia","5510","Production","0116","Rye","2004","2004","t","313348","A","Official value",""
"QCL","Crops and livestock products","203","Czechia","5312","Area harvested","0116","Rye","2005","2005","ha","46903","A","Official value",""
"QCL","Crops and livestock products","203","Czechia","5412","Yield","0116","Rye","2005","2005","kg/ha","4194.9","A","Official value",""
"QCL","Crops and livestock products","203","Czechia","5510","Production","0116","Rye","2005","2005","t","196755","A","Official value",""
"QCL","Crops and livestock products","203","Czechia","5312","Area harvested","0116","Rye","2006","2006","ha","22481","A","Official value",""
"QCL","Crops and livestock products","203","Czechia","5412","Yield","0116","Rye","2006","2006","kg/ha","3327.7","A","Official value",""
"QCL","Crops and livestock products","203","Czechia","5510","Production","0116","Rye","2006","2006","t","74811","A","Official value",""
"QCL","Crops and livestock products","203","Czechia","5312","Area harvested","0116","Rye","2007","2007","ha","37504","A","Official value",""
"QCL","Crops and livestock products","203","Czechia","5412","Yield","0116","Rye","2007","2007","kg/ha","4733","A","Official value",""
"QCL","Crops and livestock products","203","Czechia","5510","Production","0116","Rye","2007","2007","t","177507","A","Official value",""
"QCL","Crops and livestock products","203","Czechia","5312","Area harvested","0116","Rye","2008","2008","ha","43399","A","Official value",""
"QCL","Crops and livestock products","203","Czechia","5412","Yield","0116","Rye","2008","2008","kg/ha","4833.9","A","Official value",""
"QCL","Crops and livestock products","203","Czechia","5510","Production","0116","Rye","2008","2008","t","209787","A","Official value",""
"QCL","Crops and livestock products","203","Czechia","5312","Area harvested","0116","Rye","2009","2009","ha","38453","A","Official value",""
"QCL","Crops and livestock products","203","Czechia","5412","Yield","0116","Rye","2009","2009","kg/ha","4630.8","A","Official value",""
"QCL","Crops and livestock products","203","Czechia","5510","Production","0116","Rye","2009","2009","t","178070","A","Official value",""
"QCL","Crops and livestock products","203","Czechia","5312","Area harvested","0116","Rye","2010","2010","ha","30249","A","Official value",""
"QCL","Crops and livestock products","203","Czechia","5412","Yield","0116","Rye","2010","2010","kg/ha","3908.7","A","Official value",""
"QCL","Crops and livestock products","203","Czechia","5510","Production","0116","Rye","2010","2010","t","118233","A","Official value",""
"QCL","Crops and livestock products","203","Czechia","5312","Area harvested","0116","Rye","2011","2011","ha","24985","A","Official value",""
"QCL","Crops and livestock products","203","Czechia","5412","Yield","0116","Rye","2011","2011","kg/ha","4741.1","A","Official value",""
"QCL","Crops and livestock products","203","Czechia","5510","Production","0116","Rye","2011","2011","t","118456","A","Official value",""
"QCL","Crops and livestock products","203","Czechia","5312","Area harvested","0116","Rye","2012","2012","ha","30557","A","Official value",""
"QCL","Crops and livestock products","203","Czechia","5412","Yield","0116","Rye","2012","2012","kg/ha","4809.4","A","Official value",""
"QCL","Crops and livestock products","203","Czechia","5510","Production","0116","Rye","2012","2012","t","146962","A","Official value",""
"QCL","Crops and livestock products","203","Czechia","5312","Area harvested","0116","Rye","2013","2013","ha","37498","A","Official value",""
"QCL","Crops and livestock products","203","Czechia","5412","Yield","0116","Rye","2013","2013","kg/ha","4701","A","Official value",""
"QCL","Crops and livestock products","203","Czechia","5510","Production","0116","Rye","2013","2013","t","176278","A","Official value",""
"QCL","Crops and livestock products","203","Czechia","5312","Area harvested","0116","Rye","2014","2014","ha","25137","A","Official value",""
"QCL","Crops and livestock products","203","Czechia","5412","Yield","0116","Rye","2014","2014","kg/ha","5134.2","A","Official value",""
"QCL","Crops and livestock products","203","Czechia","5510","Production","0116","Rye","2014","2014","t","129059","A","Official value",""
"QCL","Crops and livestock products","203","Czechia","5312","Area harvested","0116","Rye","2015","2015","ha","21980","A","Official value",""
"QCL","Crops and livestock products","203","Czechia","5412","Yield","0116","Rye","2015","2015","kg/ha","4907.8","A","Official value",""
"QCL","Crops and livestock products","203","Czechia","5510","Production","0116","Rye","2015","2015","t","107874","A","Official value",""
"QCL","Crops and livestock products","203","Czechia","5312","Area harvested","0116","Rye","2016","2016","ha","20951","A","Official value",""
"QCL","Crops and livestock products","203","Czechia","5412","Yield","0116","Rye","2016","2016","kg/ha","4980.8","A","Official value",""
"QCL","Crops and livestock products","203","Czechia","5510","Production","0116","Rye","2016","2016","t","104353","A","Official value",""
"QCL","Crops and livestock products","203","Czechia","5312","Area harvested","0116","Rye","2017","2017","ha","22221","A","Official value",""
"QCL","Crops and livestock products","203","Czechia","5412","Yield","0116","Rye","2017","2017","kg/ha","4916.1","A","Official value",""
"QCL","Crops and livestock products","203","Czechia","5510","Production","0116","Rye","2017","2017","t","109240.64","A","Official value",""
"QCL","Crops and livestock products","203","Czechia","5312","Area harvested","0116","Rye","2018","2018","ha","25360","A","Official value",""
"QCL","Crops and livestock products","203","Czechia","5412","Yield","0116","Rye","2018","2018","kg/ha","4738.2","A","Official value",""
"QCL","Crops and livestock products","203","Czechia","5510","Production","0116","Rye","2018","2018","t","120160","A","Official value",""
"QCL","Crops and livestock products","203","Czechia","5312","Area harvested","0116","Rye","2019","2019","ha","31130","A","Official value",""
"QCL","Crops and livestock products","203","Czechia","5412","Yield","0116","Rye","2019","2019","kg/ha","5061.4","A","Official value",""
"QCL","Crops and livestock products","203","Czechia","5510","Production","0116","Rye","2019","2019","t","157560","A","Official value",""
"QCL","Crops and livestock products","203","Czechia","5312","Area harvested","0116","Rye","2020","2020","ha","31430","A","Official value",""
"QCL","Crops and livestock products","203","Czechia","5412","Yield","0116","Rye","2020","2020","kg/ha","5483.9","A","Official value",""
"QCL","Crops and livestock products","203","Czechia","5510","Production","0116","Rye","2020","2020","t","172360","A","Official value",""
"QCL","Crops and livestock products","203","Czechia","5312","Area harvested","0116","Rye","2021","2021","ha","25150","A","Official value",""
"QCL","Crops and livestock products","203","Czechia","5412","Yield","0116","Rye","2021","2021","kg/ha","5033","A","Official value",""
"QCL","Crops and livestock products","203","Czechia","5510","Production","0116","Rye","2021","2021","t","126580","A","Official value",""
"QCL","Crops and livestock products","203","Czechia","5312","Area harvested","0116","Rye","2022","2022","ha","24120","A","Official value",""
"QCL","Crops and livestock products","203","Czechia","5412","Yield","0116","Rye","2022","2022","kg/ha","5313","A","Official value",""
"QCL","Crops and livestock products","203","Czechia","5510","Production","0116","Rye","2022","2022","t","128150","A","Official value",""
"QCL","Crops and livestock products","203","Czechia","5312","Area harvested","0116","Rye","2023","2023","ha","24650","A","Official value",""
"QCL","Crops and livestock products","203","Czechia","5412","Yield","0116","Rye","2023","2023","kg/ha","5069","A","Official value",""
"QCL","Crops and livestock products","203","Czechia","5510","Production","0116","Rye","2023","2023","t","124950","A","Official value",""
"QCL","Crops and livestock products","203","Czechia","5312","Area harvested","0116","Rye","2024","2024","ha","24300","A","Official value",""
"QCL","Crops and livestock products","203","Czechia","5412","Yield","0116","Rye","2024","2024","kg/ha","4347.3","A","Official value",""
"QCL","Crops and livestock products","203","Czechia","5510","Production","0116","Rye","2024","2024","t","105640","A","Official value",""
"QCL","Crops and livestock products","203","Czechia","5312","Area harvested","01344.01","Sour cherries","1993","1993","ha","2950","E","Estimated value",""
"QCL","Crops and livestock products","203","Czechia","5412","Yield","01344.01","Sour cherries","1993","1993","kg/ha","3897.6","E","Estimated value",""
"QCL","Crops and livestock products","203","Czechia","5510","Production","01344.01","Sour cherries","1993","1993","t","11498","A","Official value",""
"QCL","Crops and livestock products","203","Czechia","5312","Area harvested","01344.01","Sour cherries","1994","1994","ha","2800","E","Estimated value",""
"QCL","Crops and livestock products","203","Czechia","5412","Yield","01344.01","Sour cherries","1994","1994","kg/ha","3258.9","E","Estimated value",""
"QCL","Crops and livestock products","203","Czechia","5510","Production","01344.01","Sour cherries","1994","1994","t","9125","A","Official value",""
"QCL","Crops and livestock products","203","Czechia","5312","Area harvested","01344.01","Sour cherries","1995","1995","ha","2700","E","Estimated value",""
"QCL","Crops and livestock products","203","Czechia","5412","Yield","01344.01","Sour cherries","1995","1995","kg/ha","3105.6","E","Estimated value",""
"QCL","Crops and livestock products","203","Czechia","5510","Production","01344.01","Sour cherries","1995","1995","t","8385","A","Official value",""
"QCL","Crops and livestock products","203","Czechia","5312","Area harvested","01344.01","Sour cherries","1996","1996","ha","2600","E","Estimated value",""
"QCL","Crops and livestock products","203","Czechia","5412","Yield","01344.01","Sour cherries","1996","1996","kg/ha","3413.5","E","Estimated value",""
"QCL","Crops and livestock products","203","Czechia","5510","Production","01344.01","Sour cherries","1996","1996","t","8875","A","Official value",""
"QCL","Crops and livestock products","203","Czechia","5312","Area harvested","01344.01","Sour cherries","1997","1997","ha","1883","I","Value imputed by a receiving agency",""
"QCL","Crops and livestock products","203","Czechia","5412","Yield","01344.01","Sour cherries","1997","1997","kg/ha","3529.7","E","Estimated value",""
"QCL","Crops and livestock products","203","Czechia","5510","Production","01344.01","Sour cherries","1997","1997","t","6646","A","Official value",""
"QCL","Crops and livestock products","203","Czechia","5312","Area harvested","01344.01","Sour cherries","1998","1998","ha","2650","A","Official value",""
"QCL","Crops and livestock products","203","Czechia","5412","Yield","01344.01","Sour cherries","1998","1998","kg/ha","3059.6","A","Official value",""
"QCL","Crops and livestock products","203","Czechia","5510","Production","01344.01","Sour cherries","1998","1998","t","8108","A","Official value",""
"QCL","Crops and livestock products","203","Czechia","5312","Area harvested","01344.01","Sour cherries","1999","1999","ha","2597","I","Value imputed by a receiving agency",""
"QCL","Crops and livestock products","203","Czechia","5412","Yield","01344.01","Sour cherries","1999","1999","kg/ha","3526.4","E","Estimated value",""
"QCL","Crops and livestock products","203","Czechia","5510","Production","01344.01","Sour cherries","1999","1999","t","9158","A","Official value",""
"QCL","Crops and livestock products","203","Czechia","5312","Area harvested","01344.01","Sour cherries","2000","2000","ha","3100","A","Official value",""
"QCL","Crops and livestock products","203","Czechia","5412","Yield","01344.01","Sour cherries","2000","2000","kg/ha","3202.6","A","Official value",""
"QCL","Crops and livestock products","203","Czechia","5510","Production","01344.01","Sour cherries","2000","2000","t","9928","A","Official value",""
"QCL","Crops and livestock products","203","Czechia","5312","Area harvested","01344.01","Sour cherries","2001","2001","ha","1900","A","Official value",""
"QCL","Crops and livestock products","203","Czechia","5412","Yield","01344.01","Sour cherries","2001","2001","kg/ha","5064.7","A","Official value",""
"QCL","Crops and livestock products","203","Czechia","5510","Production","01344.01","Sour cherries","2001","2001","t","9623","A","Official value",""
"QCL","Crops and livestock products","203","Czechia","5312","Area harvested","01344.01","Sour cherries","2002","2002","ha","1990","A","Official value",""
"QCL","Crops and livestock products","203","Czechia","5412","Yield","01344.01","Sour cherries","2002","2002","kg/ha","4476.9","A","Official value",""
"QCL","Crops and livestock products","203","Czechia","5510","Production","01344.01","Sour cherries","2002","2002","t","8909","A","Official value",""
"QCL","Crops and livestock products","203","Czechia","5312","Area harvested","01344.01","Sour cherries","2003","2003","ha","2100","A","Official value",""
"QCL","Crops and livestock products","203","Czechia","5412","Yield","01344.01","Sour cherries","2003","2003","kg/ha","3851","A","Official value",""
"QCL","Crops and livestock products","203","Czechia","5510","Production","01344.01","Sour cherries","2003","2003","t","8087","A","Official value",""
"QCL","Crops and livestock products","203","Czechia","5312","Area harvested","01344.01","Sour cherries","2004","2004","ha","2290","A","Official value",""
"QCL","Crops and livestock products","203","Czechia","5412","Yield","01344.01","Sour cherries","2004","2004","kg/ha","4171.2","A","Official value",""
"QCL","Crops and livestock products","203","Czechia","5510","Production","01344.01","Sour cherries","2004","2004","t","9552","A","Official value",""
"QCL","Crops and livestock products","203","Czechia","5312","Area harvested","01344.01","Sour cherries","2005","2005","ha","2120","A","Official value",""
"QCL","Crops and livestock products","203","Czechia","5412","Yield","01344.01","Sour cherries","2005","2005","kg/ha","3712.3","A","Official value",""
"QCL","Crops and livestock products","203","Czechia","5510","Production","01344.01","Sour cherries","2005","2005","t","7870","A","Official value",""
"QCL","Crops and livestock products","203","Czechia","5312","Area harvested","01344.01","Sour cherries","2006","2006","ha","1980","A","Official value",""
"QCL","Crops and livestock products","203","Czechia","5412","Yield","01344.01","Sour cherries","2006","2006","kg/ha","4479.3","A","Official value",""
"QCL","Crops and livestock products","203","Czechia","5510","Production","01344.01","Sour cherries","2006","2006","t","8869","A","Official value",""
"QCL","Crops and livestock products","203","Czechia","5312","Area harvested","01344.01","Sour cherries","2007","2007","ha","1890","A","Official value",""
"QCL","Crops and livestock products","203","Czechia","5412","Yield","01344.01","Sour cherries","2007","2007","kg/ha","4582.5","A","Official value",""
"QCL","Crops and livestock products","203","Czechia","5510","Production","01344.01","Sour cherries","2007","2007","t","8661","A","Official value",""
"QCL","Crops and livestock products","203","Czechia","5312","Area harvested","01344.01","Sour cherries","2008","2008","ha","1880","A","Official value",""
"QCL","Crops and livestock products","203","Czechia","5412","Yield","01344.01","Sour cherries","2008","2008","kg/ha","3583","A","Official value",""
"QCL","Crops and livestock products","203","Czechia","5510","Production","01344.01","Sour cherries","2008","2008","t","6736","A","Official value",""
"QCL","Crops and livestock products","203","Czechia","5312","Area harvested","01344.01","Sour cherries","2009","2009","ha","1840","A","Official value",""
"QCL","Crops and livestock products","203","Czechia","5412","Yield","01344.01","Sour cherries","2009","2009","kg/ha","3638","A","Official value",""
"QCL","Crops and livestock products","203","Czechia","5510","Production","01344.01","Sour cherries","2009","2009","t","6694","A","Official value",""
"QCL","Crops and livestock products","203","Czechia","5312","Area harvested","01344.01","Sour cherries","2010","2010","ha","1810","A","Official value",""
"QCL","Crops and livestock products","203","Czechia","5412","Yield","01344.01","Sour cherries","2010","2010","kg/ha","2494.5","A","Official value",""
"QCL","Crops and livestock products","203","Czechia","5510","Production","01344.01","Sour cherries","2010","2010","t","4515","A","Official value",""
"QCL","Crops and livestock products","203","Czechia","5312","Area harvested","01344.01","Sour cherries","2011","2011","ha","1542","A","Official value",""
"QCL","Crops and livestock products","203","Czechia","5412","Yield","01344.01","Sour cherries","2011","2011","kg/ha","4346.3","A","Official value",""
"QCL","Crops and livestock products","203","Czechia","5510","Production","01344.01","Sour cherries","2011","2011","t","6702","A","Official value",""
"QCL","Crops and livestock products","203","Czechia","5312","Area harvested","01344.01","Sour cherries","2012","2012","ha","1586","A","Official value",""
"QCL","Crops and livestock products","203","Czechia","5412","Yield","01344.01","Sour cherries","2012","2012","kg/ha","2337.3","A","Official value",""
"QCL","Crops and livestock products","203","Czechia","5510","Production","01344.01","Sour cherries","2012","2012","t","3707","A","Official value",""
"QCL","Crops and livestock products","203","Czechia","5312","Area harvested","01344.01","Sour cherries","2013","2013","ha","1488","A","Official value",""
"QCL","Crops and livestock products","203","Czechia","5412","Yield","01344.01","Sour cherries","2013","2013","kg/ha","3551.1","A","Official value",""
"QCL","Crops and livestock products","203","Czechia","5510","Production","01344.01","Sour cherries","2013","2013","t","5284","A","Official value",""
"QCL","Crops and livestock products","203","Czechia","5312","Area harvested","01344.01","Sour cherries","2014","2014","ha","1432","A","Official value",""
"QCL","Crops and livestock products","203","Czechia","5412","Yield","01344.01","Sour cherries","2014","2014","kg/ha","3505.6","A","Official value",""
"QCL","Crops and livestock products","203","Czechia","5510","Production","01344.01","Sour cherries","2014","2014","t","5020","A","Official value",""
"QCL","Crops and livestock products","203","Czechia","5312","Area harvested","01344.01","Sour cherries","2015","2015","ha","1302","A","Official value",""
"QCL","Crops and livestock products","203","Czechia","5412","Yield","01344.01","Sour cherries","2015","2015","kg/ha","4457.8","A","Official value",""
"QCL","Crops and livestock products","203","Czechia","5510","Production","01344.01","Sour cherries","2015","2015","t","5804","A","Official value",""
"QCL","Crops and livestock products","203","Czechia","5312","Area harvested","01344.01","Sour cherries","2016","2016","ha","1264","A","Official value",""
"QCL","Crops and livestock products","203","Czechia","5412","Yield","01344.01","Sour cherries","2016","2016","kg/ha","5283.2","A","Official value",""
"QCL","Crops and livestock products","203","Czechia","5510","Production","01344.01","Sour cherries","2016","2016","t","6678","A","Official value",""
"QCL","Crops and livestock products","203","Czechia","5312","Area harvested","01344.01","Sour cherries","2017","2017","ha","1205","A","Official value",""
"QCL","Crops and livestock products","203","Czechia","5412","Yield","01344.01","Sour cherries","2017","2017","kg/ha","3487.5","A","Official value",""
"QCL","Crops and livestock products","203","Czechia","5510","Production","01344.01","Sour cherries","2017","2017","t","4202.42","A","Official value",""
"QCL","Crops and livestock products","203","Czechia","5312","Area harvested","01344.01","Sour cherries","2018","2018","ha","1190","A","Official value",""
"QCL","Crops and livestock products","203","Czechia","5412","Yield","01344.01","Sour cherries","2018","2018","kg/ha","5722.7","A","Official value",""
"QCL","Crops and livestock products","203","Czechia","5510","Production","01344.01","Sour cherries","2018","2018","t","6810","A","Official value",""
"QCL","Crops and livestock products","203","Czechia","5312","Area harvested","01344.01","Sour cherries","2019","2019","ha","1260","A","Official value",""
"QCL","Crops and livestock products","203","Czechia","5412","Yield","01344.01","Sour cherries","2019","2019","kg/ha","4238.1","A","Official value",""
"QCL","Crops and livestock products","203","Czechia","5510","Production","01344.01","Sour cherries","2019","2019","t","5340","A","Official value",""
"QCL","Crops and livestock products","203","Czechia","5312","Area harvested","01344.01","Sour cherries","2020","2020","ha","1250","A","Official value",""
"QCL","Crops and livestock products","203","Czechia","5412","Yield","01344.01","Sour cherries","2020","2020","kg/ha","4688","A","Official value",""
"QCL","Crops and livestock products","203","Czechia","5510","Production","01344.01","Sour cherries","2020","2020","t","5860","A","Official value",""
"QCL","Crops and livestock products","203","Czechia","5312","Area harvested","01344.01","Sour cherries","2021","2021","ha","1240","A","Official value",""
"QCL","Crops and livestock products","203","Czechia","5412","Yield","01344.01","Sour cherries","2021","2021","kg/ha","4000","A","Official value",""
"QCL","Crops and livestock products","203","Czechia","5510","Production","01344.01","Sour cherries","2021","2021","t","4960","A","Official value",""
"QCL","Crops and livestock products","203","Czechia","5312","Area harvested","01344.01","Sour cherries","2022","2022","ha","1210","A","Official value",""
"QCL","Crops and livestock products","203","Czechia","5412","Yield","01344.01","Sour cherries","2022","2022","kg/ha","3669.4","A","Official value",""
"QCL","Crops and livestock products","203","Czechia","5510","Production","01344.01","Sour cherries","2022","2022","t","4440","A","Official value",""
"QCL","Crops and livestock products","203","Czechia","5312","Area harvested","01344.01","Sour cherries","2023","2023","ha","1160","A","Official value",""
"QCL","Crops and livestock products","203","Czechia","5412","Yield","01344.01","Sour cherries","2023","2023","kg/ha","2836.2","A","Official value",""
"QCL","Crops and livestock products","203","Czechia","5510","Production","01344.01","Sour cherries","2023","2023","t","3290","A","Official value",""
"QCL","Crops and livestock products","203","Czechia","5312","Area harvested","01344.01","Sour cherries","2024","2024","ha","1230","A","Official value",""
"QCL","Crops and livestock products","203","Czechia","5412","Yield","01344.01","Sour cherries","2024","2024","kg/ha","1268.3","A","Official value",""
"QCL","Crops and livestock products","203","Czechia","5510","Production","01344.01","Sour cherries","2024","2024","t","1560","A","Official value",""
"QCL","Crops and livestock products","203","Czechia","5312","Area harvested","0141","Soya beans","1993","1993","ha","593","A","Official value",""
"QCL","Crops and livestock products","203","Czechia","5412","Yield","0141","Soya beans","1993","1993","kg/ha","1118","A","Official value",""
"QCL","Crops and livestock products","203","Czechia","5510","Production","0141","Soya beans","1993","1993","t","663","A","Official value",""
"QCL","Crops and livestock products","203","Czechia","5312","Area harvested","0141","Soya beans","1994","1994","ha","691","A","Official value",""
"QCL","Crops and livestock products","203","Czechia","5412","Yield","0141","Soya beans","1994","1994","kg/ha","1021.7","A","Official value",""
"QCL","Crops and livestock products","203","Czechia","5510","Production","0141","Soya beans","1994","1994","t","706","A","Official value",""
"QCL","Crops and livestock products","203","Czechia","5312","Area harvested","0141","Soya beans","1995","1995","ha","491","A","Official value",""
"QCL","Crops and livestock products","203","Czechia","5412","Yield","0141","Soya beans","1995","1995","kg/ha","1291.2","A","Official value",""
"QCL","Crops and livestock products","203","Czechia","5510","Production","0141","Soya beans","1995","1995","t","634","A","Official value",""
"QCL","Crops and livestock products","203","Czechia","5312","Area harvested","0141","Soya beans","1996","1996","ha","359","A","Official value",""
"QCL","Crops and livestock products","203","Czechia","5412","Yield","0141","Soya beans","1996","1996","kg/ha","1423.4","A","Official value",""
"QCL","Crops and livestock products","203","Czechia","5510","Production","0141","Soya beans","1996","1996","t","511","A","Official value",""
"QCL","Crops and livestock products","203","Czechia","5312","Area harvested","0141","Soya beans","1997","1997","ha","249","A","Official value",""
"QCL","Crops and livestock products","203","Czechia","5412","Yield","0141","Soya beans","1997","1997","kg/ha","1365.5","A","Official value",""
"QCL","Crops and livestock products","203","Czechia","5510","Production","0141","Soya beans","1997","1997","t","340","A","Official value",""
"QCL","Crops and livestock products","203","Czechia","5312","Area harvested","0141","Soya beans","1998","1998","ha","261","A","Official value",""
"QCL","Crops and livestock products","203","Czechia","5412","Yield","0141","Soya beans","1998","1998","kg/ha","1252.9","A","Official value",""
"QCL","Crops and livestock products","203","Czechia","5510","Production","0141","Soya beans","1998","1998","t","327","A","Official value",""
"QCL","Crops and livestock products","203","Czechia","5312","Area harvested","0141","Soya beans","1999","1999","ha","365","A","Official value",""
"QCL","Crops and livestock products","203","Czechia","5412","Yield","0141","Soya beans","1999","1999","kg/ha","1602.7","A","Official value",""
"QCL","Crops and livestock products","203","Czechia","5510","Production","0141","Soya beans","1999","1999","t","585","A","Official value",""
"QCL","Crops and livestock products","203","Czechia","5312","Area harvested","0141","Soya beans","2000","2000","ha","1884","A","Official value",""
"QCL","Crops and livestock products","203","Czechia","5412","Yield","0141","Soya beans","2000","2000","kg/ha","1246.3","A","Official value",""
"QCL","Crops and livestock products","203","Czechia","5510","Production","0141","Soya beans","2000","2000","t","2348","A","Official value",""
"QCL","Crops and livestock products","203","Czechia","5312","Area harvested","0141","Soya beans","2001","2001","ha","2706","A","Official value",""
"QCL","Crops and livestock products","203","Czechia","5412","Yield","0141","Soya beans","2001","2001","kg/ha","1589.4","A","Official value",""
"QCL","Crops and livestock products","203","Czechia","5510","Production","0141","Soya beans","2001","2001","t","4301","A","Official value",""
"QCL","Crops and livestock products","203","Czechia","5312","Area harvested","0141","Soya beans","2002","2002","ha","3002","A","Official value",""
"QCL","Crops and livestock products","203","Czechia","5412","Yield","0141","Soya beans","2002","2002","kg/ha","2128.9","A","Official value",""
"QCL","Crops and livestock products","203","Czechia","5510","Production","0141","Soya beans","2002","2002","t","6391","A","Official value",""
"QCL","Crops and livestock products","203","Czechia","5312","Area harvested","0141","Soya beans","2003","2003","ha","7689","A","Official value",""
"QCL","Crops and livestock products","203","Czechia","5412","Yield","0141","Soya beans","2003","2003","kg/ha","1550","A","Official value",""
"QCL","Crops and livestock products","203","Czechia","5510","Production","0141","Soya beans","2003","2003","t","11918","A","Official value",""
"QCL","Crops and livestock products","203","Czechia","5312","Area harvested","0141","Soya beans","2004","2004","ha","9007","A","Official value",""
"QCL","Crops and livestock products","203","Czechia","5412","Yield","0141","Soya beans","2004","2004","kg/ha","1433.3","A","Official value",""
"QCL","Crops and livestock products","203","Czechia","5510","Production","0141","Soya beans","2004","2004","t","12910","A","Official value",""
"QCL","Crops and livestock products","203","Czechia","5312","Area harvested","0141","Soya beans","2005","2005","ha","9275","A","Official value",""
"QCL","Crops and livestock products","203","Czechia","5412","Yield","0141","Soya beans","2005","2005","kg/ha","2037","A","Official value",""
"QCL","Crops and livestock products","203","Czechia","5510","Production","0141","Soya beans","2005","2005","t","18893","A","Official value",""
"QCL","Crops and livestock products","203","Czechia","5312","Area harvested","0141","Soya beans","2006","2006","ha","9640","A","Official value",""
"QCL","Crops and livestock products","203","Czechia","5412","Yield","0141","Soya beans","2006","2006","kg/ha","1851.3","A","Official value",""
"QCL","Crops and livestock products","203","Czechia","5510","Production","0141","Soya beans","2006","2006","t","17847","A","Official value",""
"QCL","Crops and livestock products","203","Czechia","5312","Area harvested","0141","Soya beans","2007","2007","ha","7523","A","Official value",""
"QCL","Crops and livestock products","203","Czechia","5412","Yield","0141","Soya beans","2007","2007","kg/ha","1751.3","A","Official value",""
"QCL","Crops and livestock products","203","Czechia","5510","Production","0141","Soya beans","2007","2007","t","13175","A","Official value",""
"QCL","Crops and livestock products","203","Czechia","5312","Area harvested","0141","Soya beans","2008","2008","ha","4339","A","Official value",""
"QCL","Crops and livestock products","203","Czechia","5412","Yield","0141","Soya beans","2008","2008","kg/ha","2170.8","A","Official value",""
"QCL","Crops and livestock products","203","Czechia","5510","Production","0141","Soya beans","2008","2008","t","9419","A","Official value",""
"QCL","Crops and livestock products","203","Czechia","5312","Area harvested","0141","Soya beans","2009","2009","ha","6046","A","Official value",""
"QCL","Crops and livestock products","203","Czechia","5412","Yield","0141","Soya beans","2009","2009","kg/ha","2256.2","A","Official value",""
"QCL","Crops and livestock products","203","Czechia","5510","Production","0141","Soya beans","2009","2009","t","13641","A","Official value",""
"QCL","Crops and livestock products","203","Czechia","5312","Area harvested","0141","Soya beans","2010","2010","ha","9472","A","Official value",""
"QCL","Crops and livestock products","203","Czechia","5412","Yield","0141","Soya beans","2010","2010","kg/ha","1703.4","A","Official value",""
"QCL","Crops and livestock products","203","Czechia","5510","Production","0141","Soya beans","2010","2010","t","16135","A","Official value",""
"QCL","Crops and livestock products","203","Czechia","5312","Area harvested","0141","Soya beans","2011","2011","ha","7584","A","Official value",""
"QCL","Crops and livestock products","203","Czechia","5412","Yield","0141","Soya beans","2011","2011","kg/ha","2364.7","A","Official value",""
"QCL","Crops and livestock products","203","Czechia","5510","Production","0141","Soya beans","2011","2011","t","17934","A","Official value",""
"QCL","Crops and livestock products","203","Czechia","5312","Area harvested","0141","Soya beans","2012","2012","ha","5742","A","Official value",""
"QCL","Crops and livestock products","203","Czechia","5412","Yield","0141","Soya beans","2012","2012","kg/ha","2290","A","Official value",""
"QCL","Crops and livestock products","203","Czechia","5510","Production","0141","Soya beans","2012","2012","t","13149","A","Official value",""
"QCL","Crops and livestock products","203","Czechia","5312","Area harvested","0141","Soya beans","2013","2013","ha","6507","A","Official value",""
"QCL","Crops and livestock products","203","Czechia","5412","Yield","0141","Soya beans","2013","2013","kg/ha","2070.2","A","Official value",""
"QCL","Crops and livestock products","203","Czechia","5510","Production","0141","Soya beans","2013","2013","t","13471","A","Official value",""
"QCL","Crops and livestock products","203","Czechia","5312","Area harvested","0141","Soya beans","2014","2014","ha","7242","A","Official value",""
"QCL","Crops and livestock products","203","Czechia","5412","Yield","0141","Soya beans","2014","2014","kg/ha","2277.4","A","Official value",""
"QCL","Crops and livestock products","203","Czechia","5510","Production","0141","Soya beans","2014","2014","t","16493","A","Official value",""
"QCL","Crops and livestock products","203","Czechia","5312","Area harvested","0141","Soya beans","2015","2015","ha","12311","A","Official value",""
"QCL","Crops and livestock products","203","Czechia","5412","Yield","0141","Soya beans","2015","2015","kg/ha","1643.9","A","Official value",""
"QCL","Crops and livestock products","203","Czechia","5510","Production","0141","Soya beans","2015","2015","t","20238","A","Official value",""
"QCL","Crops and livestock products","203","Czechia","5312","Area harvested","0141","Soya beans","2016","2016","ha","10608","A","Official value",""
"QCL","Crops and livestock products","203","Czechia","5412","Yield","0141","Soya beans","2016","2016","kg/ha","2636.9","A","Official value",""
"QCL","Crops and livestock products","203","Czechia","5510","Production","0141","Soya beans","2016","2016","t","27972","A","Official value",""
"QCL","Crops and livestock products","203","Czechia","5312","Area harvested","0141","Soya beans","2017","2017","ha","15344","A","Official value",""
"QCL","Crops and livestock products","203","Czechia","5412","Yield","0141","Soya beans","2017","2017","kg/ha","2412.1","A","Official value",""
"QCL","Crops and livestock products","203","Czechia","5510","Production","0141","Soya beans","2017","2017","t","37012.29","A","Official value",""
"QCL","Crops and livestock products","203","Czechia","5312","Area harvested","0141","Soya beans","2018","2018","ha","15230","A","Official value",""
"QCL","Crops and livestock products","203","Czechia","5412","Yield","0141","Soya beans","2018","2018","kg/ha","1658.6","A","Official value",""
"QCL","Crops and livestock products","203","Czechia","5510","Production","0141","Soya beans","2018","2018","t","25260","A","Official value",""
"QCL","Crops and livestock products","203","Czechia","5312","Area harvested","0141","Soya beans","2019","2019","ha","12240","A","Official value",""
"QCL","Crops and livestock products","203","Czechia","5412","Yield","0141","Soya beans","2019","2019","kg/ha","2274.5","A","Official value",""
"QCL","Crops and livestock products","203","Czechia","5510","Production","0141","Soya beans","2019","2019","t","27840","A","Official value",""
"QCL","Crops and livestock products","203","Czechia","5312","Area harvested","0141","Soya beans","2020","2020","ha","14150","A","Official value",""
"QCL","Crops and livestock products","203","Czechia","5412","Yield","0141","Soya beans","2020","2020","kg/ha","2333.6","A","Official value",""
"QCL","Crops and livestock products","203","Czechia","5510","Production","0141","Soya beans","2020","2020","t","33020","A","Official value",""
"QCL","Crops and livestock products","203","Czechia","5312","Area harvested","0141","Soya beans","2021","2021","ha","19680","A","Official value",""
"QCL","Crops and livestock products","203","Czechia","5412","Yield","0141","Soya beans","2021","2021","kg/ha","2614.8","A","Official value",""
"QCL","Crops and livestock products","203","Czechia","5510","Production","0141","Soya beans","2021","2021","t","51460","A","Official value",""
"QCL","Crops and livestock products","203","Czechia","5312","Area harvested","0141","Soya beans","2022","2022","ha","28540","A","Official value",""
"QCL","Crops and livestock products","203","Czechia","5412","Yield","0141","Soya beans","2022","2022","kg/ha","2296.4","A","Official value",""
"QCL","Crops and livestock products","203","Czechia","5510","Production","0141","Soya beans","2022","2022","t","65540","A","Official value",""
"QCL","Crops and livestock products","203","Czechia","5312","Area harvested","0141","Soya beans","2023","2023","ha","26510","A","Official value",""
"QCL","Crops and livestock products","203","Czechia","5412","Yield","0141","Soya beans","2023","2023","kg/ha","2391.2","A","Official value",""
"QCL","Crops and livestock products","203","Czechia","5510","Production","0141","Soya beans","2023","2023","t","63390","A","Official value",""
"QCL","Crops and livestock products","203","Czechia","5312","Area harvested","0141","Soya beans","2024","2024","ha","28330","A","Official value",""
"QCL","Crops and livestock products","203","Czechia","5412","Yield","0141","Soya beans","2024","2024","kg/ha","2600.4","A","Official value",""
"QCL","Crops and livestock products","203","Czechia","5510","Production","0141","Soya beans","2024","2024","t","73670","A","Official value",""
"QCL","Crops and livestock products","203","Czechia","5312","Area harvested","01215","Spinach","1993","1993","ha","916","A","Official value",""
"QCL","Crops and livestock products","203","Czechia","5412","Yield","01215","Spinach","1993","1993","kg/ha","9816.6","A","Official value",""
"QCL","Crops and livestock products","203","Czechia","5510","Production","01215","Spinach","1993","1993","t","8992","A","Official value",""
"QCL","Crops and livestock products","203","Czechia","5312","Area harvested","01215","Spinach","1994","1994","ha","900","E","Estimated value",""
"QCL","Crops and livestock products","203","Czechia","5412","Yield","01215","Spinach","1994","1994","kg/ha","10000","E","Estimated value",""
"QCL","Crops and livestock products","203","Czechia","5510","Production","01215","Spinach","1994","1994","t","9000","E","Estimated value",""
"QCL","Crops and livestock products","203","Czechia","5312","Area harvested","01215","Spinach","1995","1995","ha","780","I","Value imputed by a receiving agency",""
"QCL","Crops and livestock products","203","Czechia","5412","Yield","01215","Spinach","1995","1995","kg/ha","9700.7","E","Estimated value",""
"QCL","Crops and livestock products","203","Czechia","5510","Production","01215","Spinach","1995","1995","t","7567.98","I","Value imputed by a receiving agency",""
"QCL","Crops and livestock products","203","Czechia","5312","Area harvested","01215","Spinach","1996","1996","ha","696","I","Value imputed by a receiving agency",""
"QCL","Crops and livestock products","203","Czechia","5412","Yield","01215","Spinach","1996","1996","kg/ha","9950.1","E","Estimated value",""
"QCL","Crops and livestock products","203","Czechia","5510","Production","01215","Spinach","1996","1996","t","6924.72","I","Value imputed by a receiving agency",""
"QCL","Crops and livestock products","203","Czechia","5312","Area harvested","01215","Spinach","1997","1997","ha","581","I","Value imputed by a receiving agency",""
"QCL","Crops and livestock products","203","Czechia","5412","Yield","01215","Spinach","1997","1997","kg/ha","10581.8","E","Estimated value",""
"QCL","Crops and livestock products","203","Czechia","5510","Production","01215","Spinach","1997","1997","t","6151.66","I","Value imputed by a receiving agency",""
"QCL","Crops and livestock products","203","Czechia","5312","Area harvested","01215","Spinach","1998","1998","ha","488","A","Official value",""
"QCL","Crops and livestock products","203","Czechia","5412","Yield","01215","Spinach","1998","1998","kg/ha","11475.4","A","Official value",""
"QCL","Crops and livestock products","203","Czechia","5510","Production","01215","Spinach","1998","1998","t","5600","A","Official value",""
"QCL","Crops and livestock products","203","Czechia","5312","Area harvested","01215","Spinach","1999","1999","ha","750","A","Official value",""
"QCL","Crops and livestock products","203","Czechia","5412","Yield","01215","Spinach","1999","1999","kg/ha","9000","A","Official value",""
"QCL","Crops and livestock products","203","Czechia","5510","Production","01215","Spinach","1999","1999","t","6750","A","Official value",""
"QCL","Crops and livestock products","203","Czechia","5312","Area harvested","01215","Spinach","2000","2000","ha","550","A","Official value",""
"QCL","Crops and livestock products","203","Czechia","5412","Yield","01215","Spinach","2000","2000","kg/ha","6363.6","A","Official value",""
"QCL","Crops and livestock products","203","Czechia","5510","Production","01215","Spinach","2000","2000","t","3500","A","Official value",""
"QCL","Crops and livestock products","203","Czechia","5312","Area harvested","01215","Spinach","2001","2001","ha","440","A","Official value",""
"QCL","Crops and livestock products","203","Czechia","5412","Yield","01215","Spinach","2001","2001","kg/ha","12000","A","Official value",""
"QCL","Crops and livestock products","203","Czechia","5510","Production","01215","Spinach","2001","2001","t","5280","A","Official value",""
"QCL","Crops and livestock products","203","Czechia","5312","Area harvested","01215","Spinach","2002","2002","ha","385","A","Official value",""
"QCL","Crops and livestock products","203","Czechia","5412","Yield","01215","Spinach","2002","2002","kg/ha","9413","A","Official value",""
"QCL","Crops and livestock products","203","Czechia","5510","Production","01215","Spinach","2002","2002","t","3624","A","Official value",""
"QCL","Crops and livestock products","203","Czechia","5312","Area harvested","01215","Spinach","2003","2003","ha","369","A","Official value",""
"QCL","Crops and livestock products","203","Czechia","5412","Yield","01215","Spinach","2003","2003","kg/ha","18000","A","Official value",""
"QCL","Crops and livestock products","203","Czechia","5510","Production","01215","Spinach","2003","2003","t","6642","A","Official value",""
"QCL","Crops and livestock products","203","Czechia","5312","Area harvested","01215","Spinach","2004","2004","ha","529","A","Official value",""
"QCL","Crops and livestock products","203","Czechia","5412","Yield","01215","Spinach","2004","2004","kg/ha","15000","A","Official value",""
"QCL","Crops and livestock products","203","Czechia","5510","Production","01215","Spinach","2004","2004","t","7935","A","Official value",""
"QCL","Crops and livestock products","203","Czechia","5312","Area harvested","01215","Spinach","2005","2005","ha","256","A","Official value",""
"QCL","Crops and livestock products","203","Czechia","5412","Yield","01215","Spinach","2005","2005","kg/ha","7003.9","A","Official value",""
"QCL","Crops and livestock products","203","Czechia","5510","Production","01215","Spinach","2005","2005","t","1793","A","Official value",""
"QCL","Crops and livestock products","203","Czechia","5312","Area harvested","01215","Spinach","2006","2006","ha","300","A","Official value",""
"QCL","Crops and livestock products","203","Czechia","5412","Yield","01215","Spinach","2006","2006","kg/ha","6666.7","A","Official value",""
"QCL","Crops and livestock products","203","Czechia","5510","Production","01215","Spinach","2006","2006","t","2000","A","Official value",""
"QCL","Crops and livestock products","203","Czechia","5312","Area harvested","01215","Spinach","2007","2007","ha","324","I","Value imputed by a receiving agency",""
"QCL","Crops and livestock products","203","Czechia","5412","Yield","01215","Spinach","2007","2007","kg/ha","8490.1","E","Estimated value",""
"QCL","Crops and livestock products","203","Czechia","5510","Production","01215","Spinach","2007","2007","t","2749.35","I","Value imputed by a receiving agency",""
"QCL","Crops and livestock products","203","Czechia","5312","Area harvested","01215","Spinach","2008","2008","ha","300","E","Estimated value",""
"QCL","Crops and livestock products","203","Czechia","5412","Yield","01215","Spinach","2008","2008","kg/ha","7333.3","E","Estimated value",""
"QCL","Crops and livestock products","203","Czechia","5510","Production","01215","Spinach","2008","2008","t","2200","E","Estimated value",""
"QCL","Crops and livestock products","203","Czechia","5312","Area harvested","01215","Spinach","2009","2009","ha","280","E","Estimated value",""
"QCL","Crops and livestock products","203","Czechia","5412","Yield","01215","Spinach","2009","2009","kg/ha","7142.9","E","Estimated value",""
"QCL","Crops and livestock products","203","Czechia","5510","Production","01215","Spinach","2009","2009","t","2000","E","Estimated value",""
"QCL","Crops and livestock products","203","Czechia","5312","Area harvested","01215","Spinach","2010","2010","ha","250","I","Value imputed by a receiving agency",""
"QCL","Crops and livestock products","203","Czechia","5412","Yield","01215","Spinach","2010","2010","kg/ha","8334","E","Estimated value",""
"QCL","Crops and livestock products","203","Czechia","5510","Production","01215","Spinach","2010","2010","t","2079.91","I","Value imputed by a receiving agency",""
"QCL","Crops and livestock products","203","Czechia","5312","Area harvested","01215","Spinach","2011","2011","ha","229","I","Value imputed by a receiving agency",""
"QCL","Crops and livestock products","203","Czechia","5412","Yield","01215","Spinach","2011","2011","kg/ha","8445.6","E","Estimated value",""
"QCL","Crops and livestock products","203","Czechia","5510","Production","01215","Spinach","2011","2011","t","1937.52","I","Value imputed by a receiving agency",""
"QCL","Crops and livestock products","203","Czechia","5312","Area harvested","01215","Spinach","2012","2012","ha","211","I","Value imputed by a receiving agency",""
"QCL","Crops and livestock products","203","Czechia","5412","Yield","01215","Spinach","2012","2012","kg/ha","8118.9","E","Estimated value",""
"QCL","Crops and livestock products","203","Czechia","5510","Production","01215","Spinach","2012","2012","t","1709.06","I","Value imputed by a receiving agency",""
"QCL","Crops and livestock products","203","Czechia","5312","Area harvested","01215","Spinach","2013","2013","ha","200","I","Value imputed by a receiving agency",""
"QCL","Crops and livestock products","203","Czechia","5412","Yield","01215","Spinach","2013","2013","kg/ha","7929.2","E","Estimated value",""
"QCL","Crops and livestock products","203","Czechia","5510","Production","01215","Spinach","2013","2013","t","1584.78","I","Value imputed by a receiving agency",""
"QCL","Crops and livestock products","203","Czechia","5312","Area harvested","01215","Spinach","2014","2014","ha","214","I","Value imputed by a receiving agency",""
"QCL","Crops and livestock products","203","Czechia","5412","Yield","01215","Spinach","2014","2014","kg/ha","8154.6","E","Estimated value",""
"QCL","Crops and livestock products","203","Czechia","5510","Production","01215","Spinach","2014","2014","t","1743.78","E","Estimated value",""
"QCL","Crops and livestock products","203","Czechia","5312","Area harvested","01215","Spinach","2015","2015","ha","206","I","Value imputed by a receiving agency",""
"QCL","Crops and livestock products","203","Czechia","5412","Yield","01215","Spinach","2015","2015","kg/ha","8148.2","E","Estimated value",""
"QCL","Crops and livestock products","203","Czechia","5510","Production","01215","Spinach","2015","2015","t","1679.21","E","Estimated value",""
"QCL","Crops and livestock products","203","Czechia","5312","Area harvested","01215","Spinach","2016","2016","ha","208","I","Value imputed by a receiving agency",""
"QCL","Crops and livestock products","203","Czechia","5412","Yield","01215","Spinach","2016","2016","kg/ha","8016","E","Estimated value",""
"QCL","Crops and livestock products","203","Czechia","5510","Production","01215","Spinach","2016","2016","t","1669.26","E","Estimated value",""
"QCL","Crops and livestock products","203","Czechia","5312","Area harvested","01215","Spinach","2017","2017","ha","214","I","Value imputed by a receiving agency",""
"QCL","Crops and livestock products","203","Czechia","5412","Yield","01215","Spinach","2017","2017","kg/ha","7936.6","E","Estimated value",""
"QCL","Crops and livestock products","203","Czechia","5510","Production","01215","Spinach","2017","2017","t","1697.42","E","Estimated value",""
"QCL","Crops and livestock products","203","Czechia","5312","Area harvested","01215","Spinach","2018","2018","ha","390","A","Official value",""
"QCL","Crops and livestock products","203","Czechia","5412","Yield","01215","Spinach","2018","2018","kg/ha","15794.9","A","Official value",""
"QCL","Crops and livestock products","203","Czechia","5510","Production","01215","Spinach","2018","2018","t","6160","A","Official value",""
"QCL","Crops and livestock products","203","Czechia","5312","Area harvested","01215","Spinach","2019","2019","ha","470","A","Official value",""
"QCL","Crops and livestock products","203","Czechia","5412","Yield","01215","Spinach","2019","2019","kg/ha","12404.3","A","Official value",""
"QCL","Crops and livestock products","203","Czechia","5510","Production","01215","Spinach","2019","2019","t","5830","A","Official value",""
"QCL","Crops and livestock products","203","Czechia","5312","Area harvested","01215","Spinach","2020","2020","ha","330","A","Official value",""
"QCL","Crops and livestock products","203","Czechia","5412","Yield","01215","Spinach","2020","2020","kg/ha","18303","A","Official value",""
"QCL","Crops and livestock products","203","Czechia","5510","Production","01215","Spinach","2020","2020","t","6040","A","Official value",""
"QCL","Crops and livestock products","203","Czechia","5312","Area harvested","01215","Spinach","2021","2021","ha","630","A","Official value",""
"QCL","Crops and livestock products","203","Czechia","5412","Yield","01215","Spinach","2021","2021","kg/ha","10460.3","A","Official value",""
"QCL","Crops and livestock products","203","Czechia","5510","Production","01215","Spinach","2021","2021","t","6590","A","Official value",""
"QCL","Crops and livestock products","203","Czechia","5312","Area harvested","01215","Spinach","2022","2022","ha","630","A","Official value",""
"QCL","Crops and livestock products","203","Czechia","5412","Yield","01215","Spinach","2022","2022","kg/ha","9650.8","A","Official value",""
"QCL","Crops and livestock products","203","Czechia","5510","Production","01215","Spinach","2022","2022","t","6080","A","Official value",""
"QCL","Crops and livestock products","203","Czechia","5312","Area harvested","01215","Spinach","2023","2023","ha","450","A","Official value",""
"QCL","Crops and livestock products","203","Czechia","5412","Yield","01215","Spinach","2023","2023","kg/ha","10666.7","A","Official value",""
"QCL","Crops and livestock products","203","Czechia","5510","Production","01215","Spinach","2023","2023","t","4800","A","Official value",""
"QCL","Crops and livestock products","203","Czechia","5312","Area harvested","01215","Spinach","2024","2024","ha","600","A","Official value",""
"QCL","Crops and livestock products","203","Czechia","5412","Yield","01215","Spinach","2024","2024","kg/ha","7883.3","A","Official value",""
"QCL","Crops and livestock products","203","Czechia","5510","Production","01215","Spinach","2024","2024","t","4730","A","Official value",""
"QCL","Crops and livestock products","203","Czechia","5312","Area harvested","01354","Strawberries","1993","1993","ha","3470","A","Official value",""
"QCL","Crops and livestock products","203","Czechia","5412","Yield","01354","Strawberries","1993","1993","kg/ha","4837.8","A","Official value",""
"QCL","Crops and livestock products","203","Czechia","5510","Production","01354","Strawberries","1993","1993","t","16787","A","Official value",""
"QCL","Crops and livestock products","203","Czechia","5312","Area harvested","01354","Strawberries","1994","1994","ha","3436","A","Official value",""
"QCL","Crops and livestock products","203","Czechia","5412","Yield","01354","Strawberries","1994","1994","kg/ha","5721.2","A","Official value",""
"QCL","Crops and livestock products","203","Czechia","5510","Production","01354","Strawberries","1994","1994","t","19658","A","Official value",""
"QCL","Crops and livestock products","203","Czechia","5312","Area harvested","01354","Strawberries","1995","1995","ha","3354","A","Official value",""
"QCL","Crops and livestock products","203","Czechia","5412","Yield","01354","Strawberries","1995","1995","kg/ha","5167.6","A","Official value",""
"QCL","Crops and livestock products","203","Czechia","5510","Production","01354","Strawberries","1995","1995","t","17332","A","Official value",""
"QCL","Crops and livestock products","203","Czechia","5312","Area harvested","01354","Strawberries","1996","1996","ha","3097","A","Official value",""
"QCL","Crops and livestock products","203","Czechia","5412","Yield","01354","Strawberries","1996","1996","kg/ha","5294.2","A","Official value",""
"QCL","Crops and livestock products","203","Czechia","5510","Production","01354","Strawberries","1996","1996","t","16396","A","Official value",""
"QCL","Crops and livestock products","203","Czechia","5312","Area harvested","01354","Strawberries","1997","1997","ha","3005","A","Official value",""
"QCL","Crops and livestock products","203","Czechia","5412","Yield","01354","Strawberries","1997","1997","kg/ha","5526.1","A","Official value",""
"QCL","Crops and livestock products","203","Czechia","5510","Production","01354","Strawberries","1997","1997","t","16606","A","Official value",""
"QCL","Crops and livestock products","203","Czechia","5312","Area harvested","01354","Strawberries","1998","1998","ha","2948","A","Official value",""
"QCL","Crops and livestock products","203","Czechia","5412","Yield","01354","Strawberries","1998","1998","kg/ha","4360.2","A","Official value",""
"QCL","Crops and livestock products","203","Czechia","5510","Production","01354","Strawberries","1998","1998","t","12854","A","Official value",""
"QCL","Crops and livestock products","203","Czechia","5312","Area harvested","01354","Strawberries","1999","1999","ha","2899","A","Official value",""
"QCL","Crops and livestock products","203","Czechia","5412","Yield","01354","Strawberries","1999","1999","kg/ha","4887.5","A","Official value",""
"QCL","Crops and livestock products","203","Czechia","5510","Production","01354","Strawberries","1999","1999","t","14169","A","Official value",""
"QCL","Crops and livestock products","203","Czechia","5312","Area harvested","01354","Strawberries","2000","2000","ha","2863","A","Official value",""
"QCL","Crops and livestock products","203","Czechia","5412","Yield","01354","Strawberries","2000","2000","kg/ha","4382.5","A","Official value",""
"QCL","Crops and livestock products","203","Czechia","5510","Production","01354","Strawberries","2000","2000","t","12547","A","Official value",""
"QCL","Crops and livestock products","203","Czechia","5312","Area harvested","01354","Strawberries","2001","2001","ha","2240","A","Official value",""
"QCL","Crops and livestock products","203","Czechia","5412","Yield","01354","Strawberries","2001","2001","kg/ha","4727.2","A","Official value",""
"QCL","Crops and livestock products","203","Czechia","5510","Production","01354","Strawberries","2001","2001","t","10589","A","Official value",""
"QCL","Crops and livestock products","203","Czechia","5312","Area harvested","01354","Strawberries","2002","2002","ha","349","A","Official value",""
"QCL","Crops and livestock products","203","Czechia","5412","Yield","01354","Strawberries","2002","2002","kg/ha","4151.9","A","Official value",""
"QCL","Crops and livestock products","203","Czechia","5510","Production","01354","Strawberries","2002","2002","t","1449","A","Official value",""
"QCL","Crops and livestock products","203","Czechia","5312","Area harvested","01354","Strawberries","2003","2003","ha","357","A","Official value",""
"QCL","Crops and livestock products","203","Czechia","5412","Yield","01354","Strawberries","2003","2003","kg/ha","3070","A","Official value",""
"QCL","Crops and livestock products","203","Czechia","5510","Production","01354","Strawberries","2003","2003","t","1096","A","Official value",""
"QCL","Crops and livestock products","203","Czechia","5312","Area harvested","01354","Strawberries","2004","2004","ha","404","A","Official value",""
"QCL","Crops and livestock products","203","Czechia","5412","Yield","01354","Strawberries","2004","2004","kg/ha","4430.7","A","Official value",""
"QCL","Crops and livestock products","203","Czechia","5510","Production","01354","Strawberries","2004","2004","t","1790","A","Official value",""
"QCL","Crops and livestock products","203","Czechia","5312","Area harvested","01354","Strawberries","2005","2005","ha","492","A","Official value",""
"QCL","Crops and livestock products","203","Czechia","5412","Yield","01354","Strawberries","2005","2005","kg/ha","3154.5","A","Official value",""
"QCL","Crops and livestock products","203","Czechia","5510","Production","01354","Strawberries","2005","2005","t","1552","A","Official value",""
"QCL","Crops and livestock products","203","Czechia","5312","Area harvested","01354","Strawberries","2006","2006","ha","554","A","Official value",""
"QCL","Crops and livestock products","203","Czechia","5412","Yield","01354","Strawberries","2006","2006","kg/ha","5010.8","A","Official value",""
"QCL","Crops and livestock products","203","Czechia","5510","Production","01354","Strawberries","2006","2006","t","2776","A","Official value",""
"QCL","Crops and livestock products","203","Czechia","5312","Area harvested","01354","Strawberries","2007","2007","ha","624","A","Official value",""
"QCL","Crops and livestock products","203","Czechia","5412","Yield","01354","Strawberries","2007","2007","kg/ha","4139.4","A","Official value",""
"QCL","Crops and livestock products","203","Czechia","5510","Production","01354","Strawberries","2007","2007","t","2583","A","Official value",""
"QCL","Crops and livestock products","203","Czechia","5312","Area harvested","01354","Strawberries","2008","2008","ha","698","A","Official value",""
"QCL","Crops and livestock products","203","Czechia","5412","Yield","01354","Strawberries","2008","2008","kg/ha","4309.5","A","Official value",""
"QCL","Crops and livestock products","203","Czechia","5510","Production","01354","Strawberries","2008","2008","t","3008","A","Official value",""
"QCL","Crops and livestock products","203","Czechia","5312","Area harvested","01354","Strawberries","2009","2009","ha","573","A","Official value",""
"QCL","Crops and livestock products","203","Czechia","5412","Yield","01354","Strawberries","2009","2009","kg/ha","4502.6","A","Official value",""
"QCL","Crops and livestock products","203","Czechia","5510","Production","01354","Strawberries","2009","2009","t","2580","A","Official value",""
"QCL","Crops and livestock products","203","Czechia","5312","Area harvested","01354","Strawberries","2010","2010","ha","495","A","Official value",""
"QCL","Crops and livestock products","203","Czechia","5412","Yield","01354","Strawberries","2010","2010","kg/ha","5361.6","A","Official value",""
"QCL","Crops and livestock products","203","Czechia","5510","Production","01354","Strawberries","2010","2010","t","2654","A","Official value",""
"QCL","Crops and livestock products","203","Czechia","5312","Area harvested","01354","Strawberries","2011","2011","ha","509","A","Official value",""
"QCL","Crops and livestock products","203","Czechia","5412","Yield","01354","Strawberries","2011","2011","kg/ha","4267.2","A","Official value",""
"QCL","Crops and livestock products","203","Czechia","5510","Production","01354","Strawberries","2011","2011","t","2172","A","Official value",""
"QCL","Crops and livestock products","203","Czechia","5312","Area harvested","01354","Strawberries","2012","2012","ha","465","A","Official value",""
"QCL","Crops and livestock products","203","Czechia","5412","Yield","01354","Strawberries","2012","2012","kg/ha","3873.1","A","Official value",""
"QCL","Crops and livestock products","203","Czechia","5510","Production","01354","Strawberries","2012","2012","t","1801","A","Official value",""
"QCL","Crops and livestock products","203","Czechia","5312","Area harvested","01354","Strawberries","2013","2013","ha","496","A","Official value",""
"QCL","Crops and livestock products","203","Czechia","5412","Yield","01354","Strawberries","2013","2013","kg/ha","4457.7","A","Official value",""
"QCL","Crops and livestock products","203","Czechia","5510","Production","01354","Strawberries","2013","2013","t","2211","A","Official value",""
"QCL","Crops and livestock products","203","Czechia","5312","Area harvested","01354","Strawberries","2014","2014","ha","621","A","Official value",""
"QCL","Crops and livestock products","203","Czechia","5412","Yield","01354","Strawberries","2014","2014","kg/ha","5652.2","A","Official value",""
"QCL","Crops and livestock products","203","Czechia","5510","Production","01354","Strawberries","2014","2014","t","3510","A","Official value",""
"QCL","Crops and livestock products","203","Czechia","5312","Area harvested","01354","Strawberries","2015","2015","ha","583","A","Official value",""
"QCL","Crops and livestock products","203","Czechia","5412","Yield","01354","Strawberries","2015","2015","kg/ha","5591.8","A","Official value",""
"QCL","Crops and livestock products","203","Czechia","5510","Production","01354","Strawberries","2015","2015","t","3260","A","Official value",""
"QCL","Crops and livestock products","203","Czechia","5312","Area harvested","01354","Strawberries","2016","2016","ha","710","A","Official value",""
"QCL","Crops and livestock products","203","Czechia","5412","Yield","01354","Strawberries","2016","2016","kg/ha","4814.1","A","Official value",""
"QCL","Crops and livestock products","203","Czechia","5510","Production","01354","Strawberries","2016","2016","t","3418","A","Official value",""
"QCL","Crops and livestock products","203","Czechia","5312","Area harvested","01354","Strawberries","2017","2017","ha","687","A","Official value",""
"QCL","Crops and livestock products","203","Czechia","5412","Yield","01354","Strawberries","2017","2017","kg/ha","4113.7","A","Official value",""
"QCL","Crops and livestock products","203","Czechia","5510","Production","01354","Strawberries","2017","2017","t","2827.43","A","Official value",""
"QCL","Crops and livestock products","203","Czechia","5312","Area harvested","01354","Strawberries","2018","2018","ha","710","A","Official value",""
"QCL","Crops and livestock products","203","Czechia","5412","Yield","01354","Strawberries","2018","2018","kg/ha","3323.9","A","Official value",""
"QCL","Crops and livestock products","203","Czechia","5510","Production","01354","Strawberries","2018","2018","t","2360","A","Official value",""
"QCL","Crops and livestock products","203","Czechia","5312","Area harvested","01354","Strawberries","2019","2019","ha","680","A","Official value",""
"QCL","Crops and livestock products","203","Czechia","5412","Yield","01354","Strawberries","2019","2019","kg/ha","3720.6","A","Official value",""
"QCL","Crops and livestock products","203","Czechia","5510","Production","01354","Strawberries","2019","2019","t","2530","A","Official value",""
"QCL","Crops and livestock products","203","Czechia","5312","Area harvested","01354","Strawberries","2020","2020","ha","460","A","Official value",""
"QCL","Crops and livestock products","203","Czechia","5412","Yield","01354","Strawberries","2020","2020","kg/ha","4521.7","A","Official value",""
"QCL","Crops and livestock products","203","Czechia","5510","Production","01354","Strawberries","2020","2020","t","2080","A","Official value",""
"QCL","Crops and livestock products","203","Czechia","5312","Area harvested","01354","Strawberries","2021","2021","ha","480","A","Official value",""
"QCL","Crops and livestock products","203","Czechia","5412","Yield","01354","Strawberries","2021","2021","kg/ha","3791.7","A","Official value",""
"QCL","Crops and livestock products","203","Czechia","5510","Production","01354","Strawberries","2021","2021","t","1820","A","Official value",""
"QCL","Crops and livestock products","203","Czechia","5312","Area harvested","01354","Strawberries","2022","2022","ha","440","A","Official value",""
"QCL","Crops and livestock products","203","Czechia","5412","Yield","01354","Strawberries","2022","2022","kg/ha","4159.1","A","Official value",""
"QCL","Crops and livestock products","203","Czechia","5510","Production","01354","Strawberries","2022","2022","t","1830","A","Official value",""
"QCL","Crops and livestock products","203","Czechia","5312","Area harvested","01354","Strawberries","2023","2023","ha","400","A","Official value",""
"QCL","Crops and livestock products","203","Czechia","5412","Yield","01354","Strawberries","2023","2023","kg/ha","4750","A","Official value",""
"QCL","Crops and livestock products","203","Czechia","5510","Production","01354","Strawberries","2023","2023","t","1900","A","Official value",""
"QCL","Crops and livestock products","203","Czechia","5312","Area harvested","01354","Strawberries","2024","2024","ha","420","A","Official value",""
"QCL","Crops and livestock products","203","Czechia","5412","Yield","01354","Strawberries","2024","2024","kg/ha","2738.1","A","Official value",""
"QCL","Crops and livestock products","203","Czechia","5510","Production","01354","Strawberries","2024","2024","t","1150","A","Official value",""
"QCL","Crops and livestock products","203","Czechia","5312","Area harvested","01801","Sugar beet","1993","1993","ha","106707","A","Official value",""
"QCL","Crops and livestock products","203","Czechia","5412","Yield","01801","Sugar beet","1993","1993","kg/ha","40374.9","A","Official value",""
"QCL","Crops and livestock products","203","Czechia","5510","Production","01801","Sugar beet","1993","1993","t","4308285","A","Official value",""
"QCL","Crops and livestock products","203","Czechia","5312","Area harvested","01801","Sugar beet","1994","1994","ha","91096","A","Official value",""
"QCL","Crops and livestock products","203","Czechia","5412","Yield","01801","Sugar beet","1994","1994","kg/ha","35568.2","A","Official value",""
"QCL","Crops and livestock products","203","Czechia","5510","Production","01801","Sugar beet","1994","1994","t","3240124","A","Official value",""
"QCL","Crops and livestock products","203","Czechia","5312","Area harvested","01801","Sugar beet","1995","1995","ha","93104","A","Official value",""
"QCL","Crops and livestock products","203","Czechia","5412","Yield","01801","Sugar beet","1995","1995","kg/ha","39865.1","A","Official value",""
"QCL","Crops and livestock products","203","Czechia","5510","Production","01801","Sugar beet","1995","1995","t","3711602","A","Official value",""
"QCL","Crops and livestock products","203","Czechia","5312","Area harvested","01801","Sugar beet","1996","1996","ha","103668","A","Official value",""
"QCL","Crops and livestock products","203","Czechia","5412","Yield","01801","Sugar beet","1996","1996","kg/ha","41628.7","A","Official value",""
"QCL","Crops and livestock products","203","Czechia","5510","Production","01801","Sugar beet","1996","1996","t","4315566","A","Official value",""
"QCL","Crops and livestock products","203","Czechia","5312","Area harvested","01801","Sugar beet","1997","1997","ha","92319","A","Official value",""
"QCL","Crops and livestock products","203","Czechia","5412","Yield","01801","Sugar beet","1997","1997","kg/ha","40316.5","A","Official value",""
"QCL","Crops and livestock products","203","Czechia","5510","Production","01801","Sugar beet","1997","1997","t","3721980","A","Official value",""
"QCL","Crops and livestock products","203","Czechia","5312","Area harvested","01801","Sugar beet","1998","1998","ha","81409","A","Official value",""
"QCL","Crops and livestock products","203","Czechia","5412","Yield","01801","Sugar beet","1998","1998","kg/ha","42740.1","A","Official value",""
"QCL","Crops and livestock products","203","Czechia","5510","Production","01801","Sugar beet","1998","1998","t","3479426","A","Official value",""
"QCL","Crops and livestock products","203","Czechia","5312","Area harvested","01801","Sugar beet","1999","1999","ha","59012","A","Official value",""
"QCL","Crops and livestock products","203","Czechia","5412","Yield","01801","Sugar beet","1999","1999","kg/ha","45600","A","Official value",""
"QCL","Crops and livestock products","203","Czechia","5510","Production","01801","Sugar beet","1999","1999","t","2690948","A","Official value",""
"QCL","Crops and livestock products","203","Czechia","5312","Area harvested","01801","Sugar beet","2000","2000","ha","61293","A","Official value",""
"QCL","Crops and livestock products","203","Czechia","5412","Yield","01801","Sugar beet","2000","2000","kg/ha","45826.4","A","Official value",""
"QCL","Crops and livestock products","203","Czechia","5510","Production","01801","Sugar beet","2000","2000","t","2808839","A","Official value",""
"QCL","Crops and livestock products","203","Czechia","5312","Area harvested","01801","Sugar beet","2001","2001","ha","77712","A","Official value",""
"QCL","Crops and livestock products","203","Czechia","5412","Yield","01801","Sugar beet","2001","2001","kg/ha","45411.3","A","Official value",""
"QCL","Crops and livestock products","203","Czechia","5510","Production","01801","Sugar beet","2001","2001","t","3529005","A","Official value",""
"QCL","Crops and livestock products","203","Czechia","5312","Area harvested","01801","Sugar beet","2002","2002","ha","77499","A","Official value",""
"QCL","Crops and livestock products","203","Czechia","5412","Yield","01801","Sugar beet","2002","2002","kg/ha","49451.8","A","Official value",""
"QCL","Crops and livestock products","203","Czechia","5510","Production","01801","Sugar beet","2002","2002","t","3832466","A","Official value",""
"QCL","Crops and livestock products","203","Czechia","5312","Area harvested","01801","Sugar beet","2003","2003","ha","77325","A","Official value",""
"QCL","Crops and livestock products","203","Czechia","5412","Yield","01801","Sugar beet","2003","2003","kg/ha","45200.8","A","Official value",""
"QCL","Crops and livestock products","203","Czechia","5510","Production","01801","Sugar beet","2003","2003","t","3495148","A","Official value",""
"QCL","Crops and livestock products","203","Czechia","5312","Area harvested","01801","Sugar beet","2004","2004","ha","71096","A","Official value",""
"QCL","Crops and livestock products","203","Czechia","5412","Yield","01801","Sugar beet","2004","2004","kg/ha","50344.3","A","Official value",""
"QCL","Crops and livestock products","203","Czechia","5510","Production","01801","Sugar beet","2004","2004","t","3579278","A","Official value",""
"QCL","Crops and livestock products","203","Czechia","5312","Area harvested","01801","Sugar beet","2005","2005","ha","65569","A","Official value",""
"QCL","Crops and livestock products","203","Czechia","5412","Yield","01801","Sugar beet","2005","2005","kg/ha","53311.9","A","Official value",""
"QCL","Crops and livestock products","203","Czechia","5510","Production","01801","Sugar beet","2005","2005","t","3495611","A","Official value",""
"QCL","Crops and livestock products","203","Czechia","5312","Area harvested","01801","Sugar beet","2006","2006","ha","60958","A","Official value",""
"QCL","Crops and livestock products","203","Czechia","5412","Yield","01801","Sugar beet","2006","2006","kg/ha","51483.4","A","Official value",""
"QCL","Crops and livestock products","203","Czechia","5510","Production","01801","Sugar beet","2006","2006","t","3138326","A","Official value",""
"QCL","Crops and livestock products","203","Czechia","5312","Area harvested","01801","Sugar beet","2007","2007","ha","54271","A","Official value",""
"QCL","Crops and livestock products","203","Czechia","5412","Yield","01801","Sugar beet","2007","2007","kg/ha","53248.9","A","Official value",""
"QCL","Crops and livestock products","203","Czechia","5510","Production","01801","Sugar beet","2007","2007","t","2889871","A","Official value",""
"QCL","Crops and livestock products","203","Czechia","5312","Area harvested","01801","Sugar beet","2008","2008","ha","50380","A","Official value",""
"QCL","Crops and livestock products","203","Czechia","5412","Yield","01801","Sugar beet","2008","2008","kg/ha","57257.7","A","Official value",""
"QCL","Crops and livestock products","203","Czechia","5510","Production","01801","Sugar beet","2008","2008","t","2884645","A","Official value",""
"QCL","Crops and livestock products","203","Czechia","5312","Area harvested","01801","Sugar beet","2009","2009","ha","52465","A","Official value",""
"QCL","Crops and livestock products","203","Czechia","5412","Yield","01801","Sugar beet","2009","2009","kg/ha","57909.5","A","Official value",""
"QCL","Crops and livestock products","203","Czechia","5510","Production","01801","Sugar beet","2009","2009","t","3038220","A","Official value",""
"QCL","Crops and livestock products","203","Czechia","5312","Area harvested","01801","Sugar beet","2010","2010","ha","56388","A","Official value",""
"QCL","Crops and livestock products","203","Czechia","5412","Yield","01801","Sugar beet","2010","2010","kg/ha","54355.3","A","Official value",""
"QCL","Crops and livestock products","203","Czechia","5510","Production","01801","Sugar beet","2010","2010","t","3064986","A","Official value",""
"QCL","Crops and livestock products","203","Czechia","5312","Area harvested","01801","Sugar beet","2011","2011","ha","58328","A","Official value",""
"QCL","Crops and livestock products","203","Czechia","5412","Yield","01801","Sugar beet","2011","2011","kg/ha","66844.2","A","Official value",""
"QCL","Crops and livestock products","203","Czechia","5510","Production","01801","Sugar beet","2011","2011","t","3898887","A","Official value",""
"QCL","Crops and livestock products","203","Czechia","5312","Area harvested","01801","Sugar beet","2012","2012","ha","61161","A","Official value",""
"QCL","Crops and livestock products","203","Czechia","5412","Yield","01801","Sugar beet","2012","2012","kg/ha","63256.5","A","Official value",""
"QCL","Crops and livestock products","203","Czechia","5510","Production","01801","Sugar beet","2012","2012","t","3868829","A","Official value",""
"QCL","Crops and livestock products","203","Czechia","5312","Area harvested","01801","Sugar beet","2013","2013","ha","62401","A","Official value",""
"QCL","Crops and livestock products","203","Czechia","5412","Yield","01801","Sugar beet","2013","2013","kg/ha","59995.4","A","Official value",""
"QCL","Crops and livestock products","203","Czechia","5510","Production","01801","Sugar beet","2013","2013","t","3743772","A","Official value",""
"QCL","Crops and livestock products","203","Czechia","5312","Area harvested","01801","Sugar beet","2014","2014","ha","62959","A","Official value",""
"QCL","Crops and livestock products","203","Czechia","5412","Yield","01801","Sugar beet","2014","2014","kg/ha","70277.8","A","Official value",""
"QCL","Crops and livestock products","203","Czechia","5510","Production","01801","Sugar beet","2014","2014","t","4424619","A","Official value",""
"QCL","Crops and livestock products","203","Czechia","5312","Area harvested","01801","Sugar beet","2015","2015","ha","57612","A","Official value",""
"QCL","Crops and livestock products","203","Czechia","5412","Yield","01801","Sugar beet","2015","2015","kg/ha","59380.6","A","Official value",""
"QCL","Crops and livestock products","203","Czechia","5510","Production","01801","Sugar beet","2015","2015","t","3421035","A","Official value",""
"QCL","Crops and livestock products","203","Czechia","5312","Area harvested","01801","Sugar beet","2016","2016","ha","60736","A","Official value",""
"QCL","Crops and livestock products","203","Czechia","5412","Yield","01801","Sugar beet","2016","2016","kg/ha","67807.5","A","Official value",""
"QCL","Crops and livestock products","203","Czechia","5510","Production","01801","Sugar beet","2016","2016","t","4118356","A","Official value",""
"QCL","Crops and livestock products","203","Czechia","5312","Area harvested","01801","Sugar beet","2017","2017","ha","66101","A","Official value",""
"QCL","Crops and livestock products","203","Czechia","5412","Yield","01801","Sugar beet","2017","2017","kg/ha","66557.6","A","Official value",""
"QCL","Crops and livestock products","203","Czechia","5510","Production","01801","Sugar beet","2017","2017","t","4399521.4","A","Official value",""
"QCL","Crops and livestock products","203","Czechia","5312","Area harvested","01801","Sugar beet","2018","2018","ha","64760","A","Official value",""
"QCL","Crops and livestock products","203","Czechia","5412","Yield","01801","Sugar beet","2018","2018","kg/ha","57509.4","A","Official value",""
"QCL","Crops and livestock products","203","Czechia","5510","Production","01801","Sugar beet","2018","2018","t","3724310","A","Official value",""
"QCL","Crops and livestock products","203","Czechia","5312","Area harvested","01801","Sugar beet","2019","2019","ha","59210","A","Official value",""
"QCL","Crops and livestock products","203","Czechia","5412","Yield","01801","Sugar beet","2019","2019","kg/ha","61837.9","A","Official value",""
"QCL","Crops and livestock products","203","Czechia","5510","Production","01801","Sugar beet","2019","2019","t","3661420","A","Official value",""
"QCL","Crops and livestock products","203","Czechia","5312","Area harvested","01801","Sugar beet","2020","2020","ha","59680","A","Official value",""
"QCL","Crops and livestock products","203","Czechia","5412","Yield","01801","Sugar beet","2020","2020","kg/ha","61515.2","A","Official value",""
"QCL","Crops and livestock products","203","Czechia","5510","Production","01801","Sugar beet","2020","2020","t","3671230","A","Official value",""
"QCL","Crops and livestock products","203","Czechia","5312","Area harvested","01801","Sugar beet","2021","2021","ha","61230","A","Official value",""
"QCL","Crops and livestock products","203","Czechia","5412","Yield","01801","Sugar beet","2021","2021","kg/ha","67696.6","A","Official value",""
"QCL","Crops and livestock products","203","Czechia","5510","Production","01801","Sugar beet","2021","2021","t","4145060","A","Official value",""
"QCL","Crops and livestock products","203","Czechia","5312","Area harvested","01801","Sugar beet","2022","2022","ha","58240","A","Official value",""
"QCL","Crops and livestock products","203","Czechia","5412","Yield","01801","Sugar beet","2022","2022","kg/ha","69633.8","A","Official value",""
"QCL","Crops and livestock products","203","Czechia","5510","Production","01801","Sugar beet","2022","2022","t","4055470","A","Official value",""
"QCL","Crops and livestock products","203","Czechia","5312","Area harvested","01801","Sugar beet","2023","2023","ha","58800","A","Official value",""
"QCL","Crops and livestock products","203","Czechia","5412","Yield","01801","Sugar beet","2023","2023","kg/ha","65201.9","A","Official value",""
"QCL","Crops and livestock products","203","Czechia","5510","Production","01801","Sugar beet","2023","2023","t","3833870","A","Official value",""
"QCL","Crops and livestock products","203","Czechia","5312","Area harvested","01801","Sugar beet","2024","2024","ha","65910","A","Official value",""
"QCL","Crops and livestock products","203","Czechia","5412","Yield","01801","Sugar beet","2024","2024","kg/ha","69560.2","A","Official value",""
"QCL","Crops and livestock products","203","Czechia","5510","Production","01801","Sugar beet","2024","2024","t","4584710","A","Official value",""
"QCL","Crops and livestock products","203","Czechia","5312","Area harvested","01445","Sunflower seed","1993","1993","ha","10872","A","Official value",""
"QCL","Crops and livestock products","203","Czechia","5412","Yield","01445","Sunflower seed","1993","1993","kg/ha","2454.8","A","Official value",""
"QCL","Crops and livestock products","203","Czechia","5510","Production","01445","Sunflower seed","1993","1993","t","26689","A","Official value",""
"QCL","Crops and livestock products","203","Czechia","5312","Area harvested","01445","Sunflower seed","1994","1994","ha","16101","A","Official value",""
"QCL","Crops and livestock products","203","Czechia","5412","Yield","01445","Sunflower seed","1994","1994","kg/ha","1899.8","A","Official value",""
"QCL","Crops and livestock products","203","Czechia","5510","Production","01445","Sunflower seed","1994","1994","t","30589","A","Official value",""
"QCL","Crops and livestock products","203","Czechia","5312","Area harvested","01445","Sunflower seed","1995","1995","ha","19387","A","Official value",""
"QCL","Crops and livestock products","203","Czechia","5412","Yield","01445","Sunflower seed","1995","1995","kg/ha","1659.9","A","Official value",""
"QCL","Crops and livestock products","203","Czechia","5510","Production","01445","Sunflower seed","1995","1995","t","32180","A","Official value",""
"QCL","Crops and livestock products","203","Czechia","5312","Area harvested","01445","Sunflower seed","1996","1996","ha","19710","A","Official value",""
"QCL","Crops and livestock products","203","Czechia","5412","Yield","01445","Sunflower seed","1996","1996","kg/ha","1931.3","A","Official value",""
"QCL","Crops and livestock products","203","Czechia","5510","Production","01445","Sunflower seed","1996","1996","t","38065","A","Official value",""
"QCL","Crops and livestock products","203","Czechia","5312","Area harvested","01445","Sunflower seed","1997","1997","ha","10885","A","Official value",""
"QCL","Crops and livestock products","203","Czechia","5412","Yield","01445","Sunflower seed","1997","1997","kg/ha","2094.7","A","Official value",""
"QCL","Crops and livestock products","203","Czechia","5510","Production","01445","Sunflower seed","1997","1997","t","22801","A","Official value",""
"QCL","Crops and livestock products","203","Czechia","5312","Area harvested","01445","Sunflower seed","1998","1998","ha","17274","A","Official value",""
"QCL","Crops and livestock products","203","Czechia","5412","Yield","01445","Sunflower seed","1998","1998","kg/ha","2111.6","A","Official value",""
"QCL","Crops and livestock products","203","Czechia","5510","Production","01445","Sunflower seed","1998","1998","t","36475","A","Official value",""
"QCL","Crops and livestock products","203","Czechia","5312","Area harvested","01445","Sunflower seed","1999","1999","ha","28450","A","Official value",""
"QCL","Crops and livestock products","203","Czechia","5412","Yield","01445","Sunflower seed","1999","1999","kg/ha","2222.4","A","Official value",""
"QCL","Crops and livestock products","203","Czechia","5510","Production","01445","Sunflower seed","1999","1999","t","63228","A","Official value",""
"QCL","Crops and livestock products","203","Czechia","5312","Area harvested","01445","Sunflower seed","2000","2000","ha","30549","A","Official value",""
"QCL","Crops and livestock products","203","Czechia","5412","Yield","01445","Sunflower seed","2000","2000","kg/ha","2141.5","A","Official value",""
"QCL","Crops and livestock products","203","Czechia","5510","Production","01445","Sunflower seed","2000","2000","t","65421","A","Official value",""
"QCL","Crops and livestock products","203","Czechia","5312","Area harvested","01445","Sunflower seed","2001","2001","ha","28528","A","Official value",""
"QCL","Crops and livestock products","203","Czechia","5412","Yield","01445","Sunflower seed","2001","2001","kg/ha","1988.1","A","Official value",""
"QCL","Crops and livestock products","203","Czechia","5510","Production","01445","Sunflower seed","2001","2001","t","56717","A","Official value",""
"QCL","Crops and livestock products","203","Czechia","5312","Area harvested","01445","Sunflower seed","2002","2002","ha","24242","A","Official value",""
"QCL","Crops and livestock products","203","Czechia","5412","Yield","01445","Sunflower seed","2002","2002","kg/ha","2251.5","A","Official value",""
"QCL","Crops and livestock products","203","Czechia","5510","Production","01445","Sunflower seed","2002","2002","t","54581","A","Official value",""
"QCL","Crops and livestock products","203","Czechia","5312","Area harvested","01445","Sunflower seed","2003","2003","ha","48706","A","Official value",""
"QCL","Crops and livestock products","203","Czechia","5412","Yield","01445","Sunflower seed","2003","2003","kg/ha","2351","A","Official value",""
"QCL","Crops and livestock products","203","Czechia","5510","Production","01445","Sunflower seed","2003","2003","t","114508","A","Official value",""
"QCL","Crops and livestock products","203","Czechia","5312","Area harvested","01445","Sunflower seed","2004","2004","ha","39393","A","Official value",""
"QCL","Crops and livestock products","203","Czechia","5412","Yield","01445","Sunflower seed","2004","2004","kg/ha","2155.4","A","Official value",""
"QCL","Crops and livestock products","203","Czechia","5510","Production","01445","Sunflower seed","2004","2004","t","84906","A","Official value",""
"QCL","Crops and livestock products","203","Czechia","5312","Area harvested","01445","Sunflower seed","2005","2005","ha","39648","A","Official value",""
"QCL","Crops and livestock products","203","Czechia","5412","Yield","01445","Sunflower seed","2005","2005","kg/ha","2391.5","A","Official value",""
"QCL","Crops and livestock products","203","Czechia","5510","Production","01445","Sunflower seed","2005","2005","t","94820","A","Official value",""
"QCL","Crops and livestock products","203","Czechia","5312","Area harvested","01445","Sunflower seed","2006","2006","ha","47071","A","Official value",""
"QCL","Crops and livestock products","203","Czechia","5412","Yield","01445","Sunflower seed","2006","2006","kg/ha","2145.1","A","Official value",""
"QCL","Crops and livestock products","203","Czechia","5510","Production","01445","Sunflower seed","2006","2006","t","100973","A","Official value",""
"QCL","Crops and livestock products","203","Czechia","5312","Area harvested","01445","Sunflower seed","2007","2007","ha","24426","A","Official value",""
"QCL","Crops and livestock products","203","Czechia","5412","Yield","01445","Sunflower seed","2007","2007","kg/ha","2128.9","A","Official value",""
"QCL","Crops and livestock products","203","Czechia","5510","Production","01445","Sunflower seed","2007","2007","t","52000","A","Official value",""
"QCL","Crops and livestock products","203","Czechia","5312","Area harvested","01445","Sunflower seed","2008","2008","ha","24468","A","Official value",""
"QCL","Crops and livestock products","203","Czechia","5412","Yield","01445","Sunflower seed","2008","2008","kg/ha","2492.8","A","Official value",""
"QCL","Crops and livestock products","203","Czechia","5510","Production","01445","Sunflower seed","2008","2008","t","60993","A","Official value",""
"QCL","Crops and livestock products","203","Czechia","5312","Area harvested","01445","Sunflower seed","2009","2009","ha","25621","A","Official value",""
"QCL","Crops and livestock products","203","Czechia","5412","Yield","01445","Sunflower seed","2009","2009","kg/ha","2382.1","A","Official value",""
"QCL","Crops and livestock products","203","Czechia","5510","Production","01445","Sunflower seed","2009","2009","t","61031","A","Official value",""
"QCL","Crops and livestock products","203","Czechia","5312","Area harvested","01445","Sunflower seed","2010","2010","ha","27172","A","Official value",""
"QCL","Crops and livestock products","203","Czechia","5412","Yield","01445","Sunflower seed","2010","2010","kg/ha","2110.9","A","Official value",""
"QCL","Crops and livestock products","203","Czechia","5510","Production","01445","Sunflower seed","2010","2010","t","57358","A","Official value",""
"QCL","Crops and livestock products","203","Czechia","5312","Area harvested","01445","Sunflower seed","2011","2011","ha","28554","A","Official value",""
"QCL","Crops and livestock products","203","Czechia","5412","Yield","01445","Sunflower seed","2011","2011","kg/ha","2483","A","Official value",""
"QCL","Crops and livestock products","203","Czechia","5510","Production","01445","Sunflower seed","2011","2011","t","70900","A","Official value",""
"QCL","Crops and livestock products","203","Czechia","5312","Area harvested","01445","Sunflower seed","2012","2012","ha","24634","A","Official value",""
"QCL","Crops and livestock products","203","Czechia","5412","Yield","01445","Sunflower seed","2012","2012","kg/ha","2311.6","A","Official value",""
"QCL","Crops and livestock products","203","Czechia","5510","Production","01445","Sunflower seed","2012","2012","t","56943","A","Official value",""
"QCL","Crops and livestock products","203","Czechia","5312","Area harvested","01445","Sunflower seed","2013","2013","ha","21276","A","Official value",""
"QCL","Crops and livestock products","203","Czechia","5412","Yield","01445","Sunflower seed","2013","2013","kg/ha","2199.6","A","Official value",""
"QCL","Crops and livestock products","203","Czechia","5510","Production","01445","Sunflower seed","2013","2013","t","46799","A","Official value",""
"QCL","Crops and livestock products","203","Czechia","5312","Area harvested","01445","Sunflower seed","2014","2014","ha","18607","A","Official value",""
"QCL","Crops and livestock products","203","Czechia","5412","Yield","01445","Sunflower seed","2014","2014","kg/ha","2274.1","A","Official value",""
"QCL","Crops and livestock products","203","Czechia","5510","Production","01445","Sunflower seed","2014","2014","t","42314","A","Official value",""
"QCL","Crops and livestock products","203","Czechia","5312","Area harvested","01445","Sunflower seed","2015","2015","ha","15450","A","Official value",""
"QCL","Crops and livestock products","203","Czechia","5412","Yield","01445","Sunflower seed","2015","2015","kg/ha","2046.5","A","Official value",""
"QCL","Crops and livestock products","203","Czechia","5510","Production","01445","Sunflower seed","2015","2015","t","31618","A","Official value",""
"QCL","Crops and livestock products","203","Czechia","5312","Area harvested","01445","Sunflower seed","2016","2016","ha","15648","A","Official value",""
"QCL","Crops and livestock products","203","Czechia","5412","Yield","01445","Sunflower seed","2016","2016","kg/ha","2852.4","A","Official value",""
"QCL","Crops and livestock products","203","Czechia","5510","Production","01445","Sunflower seed","2016","2016","t","44634","A","Official value",""
"QCL","Crops and livestock products","203","Czechia","5312","Area harvested","01445","Sunflower seed","2017","2017","ha","21601","A","Official value",""
"QCL","Crops and livestock products","203","Czechia","5412","Yield","01445","Sunflower seed","2017","2017","kg/ha","2460.9","A","Official value",""
"QCL","Crops and livestock products","203","Czechia","5510","Production","01445","Sunflower seed","2017","2017","t","53155.73","A","Official value",""
"QCL","Crops and livestock products","203","Czechia","5312","Area harvested","01445","Sunflower seed","2018","2018","ha","20200","A","Official value",""
"QCL","Crops and livestock products","203","Czechia","5412","Yield","01445","Sunflower seed","2018","2018","kg/ha","2355.9","A","Official value",""
"QCL","Crops and livestock products","203","Czechia","5510","Production","01445","Sunflower seed","2018","2018","t","47590","A","Official value",""
"QCL","Crops and livestock products","203","Czechia","5312","Area harvested","01445","Sunflower seed","2019","2019","ha","11830","A","Official value",""
"QCL","Crops and livestock products","203","Czechia","5412","Yield","01445","Sunflower seed","2019","2019","kg/ha","2435.3","A","Official value",""
"QCL","Crops and livestock products","203","Czechia","5510","Production","01445","Sunflower seed","2019","2019","t","28810","A","Official value",""
"QCL","Crops and livestock products","203","Czechia","5312","Area harvested","01445","Sunflower seed","2020","2020","ha","11270","A","Official value",""
"QCL","Crops and livestock products","203","Czechia","5412","Yield","01445","Sunflower seed","2020","2020","kg/ha","2582.1","A","Official value",""
"QCL","Crops and livestock products","203","Czechia","5510","Production","01445","Sunflower seed","2020","2020","t","29100","A","Official value",""
"QCL","Crops and livestock products","203","Czechia","5312","Area harvested","01445","Sunflower seed","2021","2021","ha","17980","A","Official value",""
"QCL","Crops and livestock products","203","Czechia","5412","Yield","01445","Sunflower seed","2021","2021","kg/ha","2898.8","A","Official value",""
"QCL","Crops and livestock products","203","Czechia","5510","Production","01445","Sunflower seed","2021","2021","t","52120","A","Official value",""
"QCL","Crops and livestock products","203","Czechia","5312","Area harvested","01445","Sunflower seed","2022","2022","ha","22490","A","Official value",""
"QCL","Crops and livestock products","203","Czechia","5412","Yield","01445","Sunflower seed","2022","2022","kg/ha","2654.1","A","Official value",""
"QCL","Crops and livestock products","203","Czechia","5510","Production","01445","Sunflower seed","2022","2022","t","59690","A","Official value",""
"QCL","Crops and livestock products","203","Czechia","5312","Area harvested","01445","Sunflower seed","2023","2023","ha","19800","A","Official value",""
"QCL","Crops and livestock products","203","Czechia","5412","Yield","01445","Sunflower seed","2023","2023","kg/ha","2490.4","A","Official value",""
"QCL","Crops and livestock products","203","Czechia","5510","Production","01445","Sunflower seed","2023","2023","t","49310","A","Official value",""
"QCL","Crops and livestock products","203","Czechia","5312","Area harvested","01445","Sunflower seed","2024","2024","ha","16420","A","Official value",""
"QCL","Crops and livestock products","203","Czechia","5412","Yield","01445","Sunflower seed","2024","2024","kg/ha","2504.3","A","Official value",""
"QCL","Crops and livestock products","203","Czechia","5510","Production","01445","Sunflower seed","2024","2024","t","41120","A","Official value",""
"QCL","Crops and livestock products","203","Czechia","5312","Area harvested","01324","Tangerines, mandarins, clementines","2018","2018","ha","0","A","Official value",""
"QCL","Crops and livestock products","203","Czechia","5510","Production","01324","Tangerines, mandarins, clementines","2018","2018","t","0","A","Official value",""
"QCL","Crops and livestock products","203","Czechia","5312","Area harvested","01324","Tangerines, mandarins, clementines","2019","2019","ha","0","A","Official value",""
"QCL","Crops and livestock products","203","Czechia","5510","Production","01324","Tangerines, mandarins, clementines","2019","2019","t","0","A","Official value",""
"QCL","Crops and livestock products","203","Czechia","5312","Area harvested","01324","Tangerines, mandarins, clementines","2020","2020","ha","0","A","Official value",""
"QCL","Crops and livestock products","203","Czechia","5510","Production","01324","Tangerines, mandarins, clementines","2020","2020","t","0","A","Official value",""
"QCL","Crops and livestock products","203","Czechia","5312","Area harvested","01324","Tangerines, mandarins, clementines","2021","2021","ha","0","A","Official value",""
"QCL","Crops and livestock products","203","Czechia","5510","Production","01324","Tangerines, mandarins, clementines","2021","2021","t","0","A","Official value",""
"QCL","Crops and livestock products","203","Czechia","5312","Area harvested","01324","Tangerines, mandarins, clementines","2022","2022","ha","0","A","Official value",""
"QCL","Crops and livestock products","203","Czechia","5510","Production","01324","Tangerines, mandarins, clementines","2022","2022","t","0","A","Official value",""
"QCL","Crops and livestock products","203","Czechia","5312","Area harvested","01324","Tangerines, mandarins, clementines","2023","2023","ha","0","A","Official value",""
"QCL","Crops and livestock products","203","Czechia","5510","Production","01324","Tangerines, mandarins, clementines","2023","2023","t","0","A","Official value",""
"QCL","Crops and livestock products","203","Czechia","5312","Area harvested","01324","Tangerines, mandarins, clementines","2024","2024","ha","0","A","Official value",""
"QCL","Crops and livestock products","203","Czechia","5510","Production","01324","Tangerines, mandarins, clementines","2024","2024","t","0","A","Official value",""
"QCL","Crops and livestock products","203","Czechia","5312","Area harvested","01234","Tomatoes","1993","1993","ha","1881","A","Official value",""
"QCL","Crops and livestock products","203","Czechia","5412","Yield","01234","Tomatoes","1993","1993","kg/ha","19414.1","A","Official value",""
"QCL","Crops and livestock products","203","Czechia","5510","Production","01234","Tomatoes","1993","1993","t","36518","A","Official value",""
"QCL","Crops and livestock products","203","Czechia","5312","Area harvested","01234","Tomatoes","1994","1994","ha","1983","A","Official value",""
"QCL","Crops and livestock products","203","Czechia","5412","Yield","01234","Tomatoes","1994","1994","kg/ha","17933.4","A","Official value",""
"QCL","Crops and livestock products","203","Czechia","5510","Production","01234","Tomatoes","1994","1994","t","35562","A","Official value",""
"QCL","Crops and livestock products","203","Czechia","5312","Area harvested","01234","Tomatoes","1995","1995","ha","2181","A","Official value",""
"QCL","Crops and livestock products","203","Czechia","5412","Yield","01234","Tomatoes","1995","1995","kg/ha","17627.7","A","Official value",""
"QCL","Crops and livestock products","203","Czechia","5510","Production","01234","Tomatoes","1995","1995","t","38446","A","Official value",""
"QCL","Crops and livestock products","203","Czechia","5312","Area harvested","01234","Tomatoes","1996","1996","ha","2354","A","Official value",""
"QCL","Crops and livestock products","203","Czechia","5412","Yield","01234","Tomatoes","1996","1996","kg/ha","12089.2","A","Official value",""
"QCL","Crops and livestock products","203","Czechia","5510","Production","01234","Tomatoes","1996","1996","t","28458","A","Official value",""
"QCL","Crops and livestock products","203","Czechia","5312","Area harvested","01234","Tomatoes","1997","1997","ha","1957","A","Official value",""
"QCL","Crops and livestock products","203","Czechia","5412","Yield","01234","Tomatoes","1997","1997","kg/ha","11819.1","A","Official value",""
"QCL","Crops and livestock products","203","Czechia","5510","Production","01234","Tomatoes","1997","1997","t","23130","A","Official value",""
"QCL","Crops and livestock products","203","Czechia","5312","Area harvested","01234","Tomatoes","1998","1998","ha","1988","A","Official value",""
"QCL","Crops and livestock products","203","Czechia","5412","Yield","01234","Tomatoes","1998","1998","kg/ha","15104.6","A","Official value",""
"QCL","Crops and livestock products","203","Czechia","5510","Production","01234","Tomatoes","1998","1998","t","30028","A","Official value",""
"QCL","Crops and livestock products","203","Czechia","5312","Area harvested","01234","Tomatoes","1999","1999","ha","1929","A","Official value",""
"QCL","Crops and livestock products","203","Czechia","5412","Yield","01234","Tomatoes","1999","1999","kg/ha","17653.2","A","Official value",""
"QCL","Crops and livestock products","203","Czechia","5510","Production","01234","Tomatoes","1999","1999","t","34053","A","Official value",""
"QCL","Crops and livestock products","203","Czechia","5312","Area harvested","01234","Tomatoes","2000","2000","ha","1978","A","Official value",""
"QCL","Crops and livestock products","203","Czechia","5412","Yield","01234","Tomatoes","2000","2000","kg/ha","15456.5","A","Official value",""
"QCL","Crops and livestock products","203","Czechia","5510","Production","01234","Tomatoes","2000","2000","t","30573","A","Official value",""
"QCL","Crops and livestock products","203","Czechia","5312","Area harvested","01234","Tomatoes","2001","2001","ha","1547","A","Official value",""
"QCL","Crops and livestock products","203","Czechia","5412","Yield","01234","Tomatoes","2001","2001","kg/ha","16169.4","A","Official value",""
"QCL","Crops and livestock products","203","Czechia","5510","Production","01234","Tomatoes","2001","2001","t","25014","A","Official value",""
"QCL","Crops and livestock products","203","Czechia","5312","Area harvested","01234","Tomatoes","2002","2002","ha","430","A","Official value",""
"QCL","Crops and livestock products","203","Czechia","5412","Yield","01234","Tomatoes","2002","2002","kg/ha","30567.4","A","Official value",""
"QCL","Crops and livestock products","203","Czechia","5510","Production","01234","Tomatoes","2002","2002","t","13144","A","Official value",""
"QCL","Crops and livestock products","203","Czechia","5312","Area harvested","01234","Tomatoes","2003","2003","ha","456","A","Official value",""
"QCL","Crops and livestock products","203","Czechia","5412","Yield","01234","Tomatoes","2003","2003","kg/ha","27653.5","A","Official value",""
"QCL","Crops and livestock products","203","Czechia","5510","Production","01234","Tomatoes","2003","2003","t","12610","A","Official value",""
"QCL","Crops and livestock products","203","Czechia","5312","Area harvested","01234","Tomatoes","2004","2004","ha","474","A","Official value",""
"QCL","Crops and livestock products","203","Czechia","5412","Yield","01234","Tomatoes","2004","2004","kg/ha","33137.1","A","Official value",""
"QCL","Crops and livestock products","203","Czechia","5510","Production","01234","Tomatoes","2004","2004","t","15707","A","Official value",""
"QCL","Crops and livestock products","203","Czechia","5312","Area harvested","01234","Tomatoes","2005","2005","ha","481","A","Official value",""
"QCL","Crops and livestock products","203","Czechia","5412","Yield","01234","Tomatoes","2005","2005","kg/ha","31214.1","A","Official value",""
"QCL","Crops and livestock products","203","Czechia","5510","Production","01234","Tomatoes","2005","2005","t","15014","A","Official value",""
"QCL","Crops and livestock products","203","Czechia","5312","Area harvested","01234","Tomatoes","2006","2006","ha","413","A","Official value",""
"QCL","Crops and livestock products","203","Czechia","5412","Yield","01234","Tomatoes","2006","2006","kg/ha","30227.6","A","Official value",""
"QCL","Crops and livestock products","203","Czechia","5510","Production","01234","Tomatoes","2006","2006","t","12484","A","Official value",""
"QCL","Crops and livestock products","203","Czechia","5312","Area harvested","01234","Tomatoes","2007","2007","ha","433","A","Official value",""
"QCL","Crops and livestock products","203","Czechia","5412","Yield","01234","Tomatoes","2007","2007","kg/ha","21341.8","A","Official value",""
"QCL","Crops and livestock products","203","Czechia","5510","Production","01234","Tomatoes","2007","2007","t","9241","A","Official value",""
"QCL","Crops and livestock products","203","Czechia","5312","Area harvested","01234","Tomatoes","2008","2008","ha","301","A","Official value",""
"QCL","Crops and livestock products","203","Czechia","5412","Yield","01234","Tomatoes","2008","2008","kg/ha","32162.8","A","Official value",""
"QCL","Crops and livestock products","203","Czechia","5510","Production","01234","Tomatoes","2008","2008","t","9681","A","Official value",""
"QCL","Crops and livestock products","203","Czechia","5312","Area harvested","01234","Tomatoes","2009","2009","ha","442","A","Official value",""
"QCL","Crops and livestock products","203","Czechia","5412","Yield","01234","Tomatoes","2009","2009","kg/ha","33382.4","A","Official value",""
"QCL","Crops and livestock products","203","Czechia","5510","Production","01234","Tomatoes","2009","2009","t","14755","A","Official value",""
"QCL","Crops and livestock products","203","Czechia","5312","Area harvested","01234","Tomatoes","2010","2010","ha","389","A","Official value",""
"QCL","Crops and livestock products","203","Czechia","5412","Yield","01234","Tomatoes","2010","2010","kg/ha","18606.7","A","Official value",""
"QCL","Crops and livestock products","203","Czechia","5510","Production","01234","Tomatoes","2010","2010","t","7238","A","Official value",""
"QCL","Crops and livestock products","203","Czechia","5312","Area harvested","01234","Tomatoes","2011","2011","ha","409","A","Official value",""
"QCL","Crops and livestock products","203","Czechia","5412","Yield","01234","Tomatoes","2011","2011","kg/ha","37941.3","A","Official value",""
"QCL","Crops and livestock products","203","Czechia","5510","Production","01234","Tomatoes","2011","2011","t","15518","A","Official value",""
"QCL","Crops and livestock products","203","Czechia","5312","Area harvested","01234","Tomatoes","2012","2012","ha","381","A","Official value",""
"QCL","Crops and livestock products","203","Czechia","5412","Yield","01234","Tomatoes","2012","2012","kg/ha","34952.8","A","Official value",""
"QCL","Crops and livestock products","203","Czechia","5510","Production","01234","Tomatoes","2012","2012","t","13317","A","Official value",""
"QCL","Crops and livestock products","203","Czechia","5312","Area harvested","01234","Tomatoes","2013","2013","ha","309","A","Official value",""
"QCL","Crops and livestock products","203","Czechia","5412","Yield","01234","Tomatoes","2013","2013","kg/ha","26822","A","Official value",""
"QCL","Crops and livestock products","203","Czechia","5510","Production","01234","Tomatoes","2013","2013","t","8288","A","Official value",""
"QCL","Crops and livestock products","203","Czechia","5312","Area harvested","01234","Tomatoes","2014","2014","ha","282","A","Official value",""
"QCL","Crops and livestock products","203","Czechia","5412","Yield","01234","Tomatoes","2014","2014","kg/ha","30131.2","A","Official value",""
"QCL","Crops and livestock products","203","Czechia","5510","Production","01234","Tomatoes","2014","2014","t","8497","A","Official value",""
"QCL","Crops and livestock products","203","Czechia","5312","Area harvested","01234","Tomatoes","2015","2015","ha","196","A","Official value",""
"QCL","Crops and livestock products","203","Czechia","5412","Yield","01234","Tomatoes","2015","2015","kg/ha","28311.2","A","Official value",""
"QCL","Crops and livestock products","203","Czechia","5510","Production","01234","Tomatoes","2015","2015","t","5549","A","Official value",""
"QCL","Crops and livestock products","203","Czechia","5312","Area harvested","01234","Tomatoes","2016","2016","ha","339","A","Official value",""
"QCL","Crops and livestock products","203","Czechia","5412","Yield","01234","Tomatoes","2016","2016","kg/ha","42330.4","A","Official value",""
"QCL","Crops and livestock products","203","Czechia","5510","Production","01234","Tomatoes","2016","2016","t","14350","A","Official value",""
"QCL","Crops and livestock products","203","Czechia","5312","Area harvested","01234","Tomatoes","2017","2017","ha","244","A","Official value",""
"QCL","Crops and livestock products","203","Czechia","5412","Yield","01234","Tomatoes","2017","2017","kg/ha","19753.8","A","Official value",""
"QCL","Crops and livestock products","203","Czechia","5510","Production","01234","Tomatoes","2017","2017","t","4818.74","A","Official value",""
"QCL","Crops and livestock products","203","Czechia","5312","Area harvested","01234","Tomatoes","2018","2018","ha","300","A","Official value",""
"QCL","Crops and livestock products","203","Czechia","5412","Yield","01234","Tomatoes","2018","2018","kg/ha","33600","A","Official value",""
"QCL","Crops and livestock products","203","Czechia","5510","Production","01234","Tomatoes","2018","2018","t","10080","A","Official value",""
"QCL","Crops and livestock products","203","Czechia","5312","Area harvested","01234","Tomatoes","2019","2019","ha","160","A","Official value",""
"QCL","Crops and livestock products","203","Czechia","5412","Yield","01234","Tomatoes","2019","2019","kg/ha","66375","A","Official value",""
"QCL","Crops and livestock products","203","Czechia","5510","Production","01234","Tomatoes","2019","2019","t","10620","A","Official value",""
"QCL","Crops and livestock products","203","Czechia","5312","Area harvested","01234","Tomatoes","2020","2020","ha","260","A","Official value",""
"QCL","Crops and livestock products","203","Czechia","5412","Yield","01234","Tomatoes","2020","2020","kg/ha","33576.9","A","Official value",""
"QCL","Crops and livestock products","203","Czechia","5510","Production","01234","Tomatoes","2020","2020","t","8730","A","Official value",""
"QCL","Crops and livestock products","203","Czechia","5312","Area harvested","01234","Tomatoes","2021","2021","ha","260","A","Official value",""
"QCL","Crops and livestock products","203","Czechia","5412","Yield","01234","Tomatoes","2021","2021","kg/ha","49500","A","Official value",""
"QCL","Crops and livestock products","203","Czechia","5510","Production","01234","Tomatoes","2021","2021","t","12870","A","Official value",""
"QCL","Crops and livestock products","203","Czechia","5312","Area harvested","01234","Tomatoes","2022","2022","ha","130","A","Official value",""
"QCL","Crops and livestock products","203","Czechia","5412","Yield","01234","Tomatoes","2022","2022","kg/ha","103538.5","A","Official value",""
"QCL","Crops and livestock products","203","Czechia","5510","Production","01234","Tomatoes","2022","2022","t","13460","A","Official value",""
"QCL","Crops and livestock products","203","Czechia","5312","Area harvested","01234","Tomatoes","2023","2023","ha","120","A","Official value",""
"QCL","Crops and livestock products","203","Czechia","5412","Yield","01234","Tomatoes","2023","2023","kg/ha","169166.7","A","Official value",""
"QCL","Crops and livestock products","203","Czechia","5510","Production","01234","Tomatoes","2023","2023","t","20300","A","Official value",""
"QCL","Crops and livestock products","203","Czechia","5312","Area harvested","01234","Tomatoes","2024","2024","ha","60","A","Official value",""
"QCL","Crops and livestock products","203","Czechia","5412","Yield","01234","Tomatoes","2024","2024","kg/ha","232666.7","A","Official value",""
"QCL","Crops and livestock products","203","Czechia","5510","Production","01234","Tomatoes","2024","2024","t","13960","A","Official value",""
"QCL","Crops and livestock products","203","Czechia","5312","Area harvested","01191","Triticale","1993","1993","ha","16238","A","Official value",""
"QCL","Crops and livestock products","203","Czechia","5412","Yield","01191","Triticale","1993","1993","kg/ha","3691","A","Official value",""
"QCL","Crops and livestock products","203","Czechia","5510","Production","01191","Triticale","1993","1993","t","59934","A","Official value",""
"QCL","Crops and livestock products","203","Czechia","5312","Area harvested","01191","Triticale","1994","1994","ha","14949","A","Official value",""
"QCL","Crops and livestock products","203","Czechia","5412","Yield","01191","Triticale","1994","1994","kg/ha","3751.8","A","Official value",""
"QCL","Crops and livestock products","203","Czechia","5510","Production","01191","Triticale","1994","1994","t","56086","A","Official value",""
"QCL","Crops and livestock products","203","Czechia","5312","Area harvested","01191","Triticale","1995","1995","ha","16219","A","Official value",""
"QCL","Crops and livestock products","203","Czechia","5412","Yield","01191","Triticale","1995","1995","kg/ha","3932.8","A","Official value",""
"QCL","Crops and livestock products","203","Czechia","5510","Production","01191","Triticale","1995","1995","t","63786","A","Official value",""
"QCL","Crops and livestock products","203","Czechia","5312","Area harvested","01191","Triticale","1996","1996","ha","13798","A","Official value",""
"QCL","Crops and livestock products","203","Czechia","5412","Yield","01191","Triticale","1996","1996","kg/ha","3772.9","A","Official value",""
"QCL","Crops and livestock products","203","Czechia","5510","Production","01191","Triticale","1996","1996","t","52058","A","Official value",""
"QCL","Crops and livestock products","203","Czechia","5312","Area harvested","01191","Triticale","1997","1997","ha","14912","A","Official value",""
"QCL","Crops and livestock products","203","Czechia","5412","Yield","01191","Triticale","1997","1997","kg/ha","3832.2","A","Official value",""
"QCL","Crops and livestock products","203","Czechia","5510","Production","01191","Triticale","1997","1997","t","57146","A","Official value",""
"QCL","Crops and livestock products","203","Czechia","5312","Area harvested","01191","Triticale","1998","1998","ha","20308","A","Official value",""
"QCL","Crops and livestock products","203","Czechia","5412","Yield","01191","Triticale","1998","1998","kg/ha","3896.8","A","Official value",""
"QCL","Crops and livestock products","203","Czechia","5510","Production","01191","Triticale","1998","1998","t","79137","A","Official value",""
"QCL","Crops and livestock products","203","Czechia","5312","Area harvested","01191","Triticale","1999","1999","ha","25953","A","Official value",""
"QCL","Crops and livestock products","203","Czechia","5412","Yield","01191","Triticale","1999","1999","kg/ha","4139.5","A","Official value",""
"QCL","Crops and livestock products","203","Czechia","5510","Production","01191","Triticale","1999","1999","t","107433","A","Official value",""
"QCL","Crops and livestock products","203","Czechia","5312","Area harvested","01191","Triticale","2000","2000","ha","37001","A","Official value",""
"QCL","Crops and livestock products","203","Czechia","5412","Yield","01191","Triticale","2000","2000","kg/ha","3742.3","A","Official value",""
"QCL","Crops and livestock products","203","Czechia","5510","Production","01191","Triticale","2000","2000","t","138468","A","Official value",""
"QCL","Crops and livestock products","203","Czechia","5312","Area harvested","01191","Triticale","2001","2001","ha","49499","A","Official value",""
"QCL","Crops and livestock products","203","Czechia","5412","Yield","01191","Triticale","2001","2001","kg/ha","3874.2","A","Official value",""
"QCL","Crops and livestock products","203","Czechia","5510","Production","01191","Triticale","2001","2001","t","191771","A","Official value",""
"QCL","Crops and livestock products","203","Czechia","5312","Area harvested","01191","Triticale","2002","2002","ha","53093","A","Official value",""
"QCL","Crops and livestock products","203","Czechia","5412","Yield","01191","Triticale","2002","2002","kg/ha","3765.7","A","Official value",""
"QCL","Crops and livestock products","203","Czechia","5510","Production","01191","Triticale","2002","2002","t","199932","A","Official value",""
"QCL","Crops and livestock products","203","Czechia","5312","Area harvested","01191","Triticale","2003","2003","ha","45970","A","Official value",""
"QCL","Crops and livestock products","203","Czechia","5412","Yield","01191","Triticale","2003","2003","kg/ha","3521","A","Official value",""
"QCL","Crops and livestock products","203","Czechia","5510","Production","01191","Triticale","2003","2003","t","161860","A","Official value",""
"QCL","Crops and livestock products","203","Czechia","5312","Area harvested","01191","Triticale","2004","2004","ha","62776","A","Official value",""
"QCL","Crops and livestock products","203","Czechia","5412","Yield","01191","Triticale","2004","2004","kg/ha","4864.9","A","Official value",""
"QCL","Crops and livestock products","203","Czechia","5510","Production","01191","Triticale","2004","2004","t","305396","A","Official value",""
"QCL","Crops and livestock products","203","Czechia","5312","Area harvested","01191","Triticale","2005","2005","ha","64811","A","Official value",""
"QCL","Crops and livestock products","203","Czechia","5412","Yield","01191","Triticale","2005","2005","kg/ha","3937.4","A","Official value",""
"QCL","Crops and livestock products","203","Czechia","5510","Production","01191","Triticale","2005","2005","t","255186","A","Official value",""
"QCL","Crops and livestock products","203","Czechia","5312","Area harvested","01191","Triticale","2006","2006","ha","41020","A","Official value",""
"QCL","Crops and livestock products","203","Czechia","5412","Yield","01191","Triticale","2006","2006","kg/ha","3202.2","A","Official value",""
"QCL","Crops and livestock products","203","Czechia","5510","Production","01191","Triticale","2006","2006","t","131353","A","Official value",""
"QCL","Crops and livestock products","203","Czechia","5312","Area harvested","01191","Triticale","2007","2007","ha","50050","A","Official value",""
"QCL","Crops and livestock products","203","Czechia","5412","Yield","01191","Triticale","2007","2007","kg/ha","4106.2","A","Official value",""
"QCL","Crops and livestock products","203","Czechia","5510","Production","01191","Triticale","2007","2007","t","205513","A","Official value",""
"QCL","Crops and livestock products","203","Czechia","5312","Area harvested","01191","Triticale","2008","2008","ha","57758","A","Official value",""
"QCL","Crops and livestock products","203","Czechia","5412","Yield","01191","Triticale","2008","2008","kg/ha","4424.8","A","Official value",""
"QCL","Crops and livestock products","203","Czechia","5510","Production","01191","Triticale","2008","2008","t","255568","A","Official value",""
"QCL","Crops and livestock products","203","Czechia","5312","Area harvested","01191","Triticale","2009","2009","ha","52950","A","Official value",""
"QCL","Crops and livestock products","203","Czechia","5412","Yield","01191","Triticale","2009","2009","kg/ha","4206.1","A","Official value",""
"QCL","Crops and livestock products","203","Czechia","5510","Production","01191","Triticale","2009","2009","t","222711","A","Official value",""
"QCL","Crops and livestock products","203","Czechia","5312","Area harvested","01191","Triticale","2010","2010","ha","45871","A","Official value",""
"QCL","Crops and livestock products","203","Czechia","5412","Yield","01191","Triticale","2010","2010","kg/ha","3732.2","A","Official value",""
"QCL","Crops and livestock products","203","Czechia","5510","Production","01191","Triticale","2010","2010","t","171200","A","Official value",""
"QCL","Crops and livestock products","203","Czechia","5312","Area harvested","01191","Triticale","2011","2011","ha","43529","A","Official value",""
"QCL","Crops and livestock products","203","Czechia","5412","Yield","01191","Triticale","2011","2011","kg/ha","4523.8","A","Official value",""
"QCL","Crops and livestock products","203","Czechia","5510","Production","01191","Triticale","2011","2011","t","196918","A","Official value",""
"QCL","Crops and livestock products","203","Czechia","5312","Area harvested","01191","Triticale","2012","2012","ha","44200","A","Official value",""
"QCL","Crops and livestock products","203","Czechia","5412","Yield","01191","Triticale","2012","2012","kg/ha","4307","A","Official value",""
"QCL","Crops and livestock products","203","Czechia","5510","Production","01191","Triticale","2012","2012","t","190370","A","Official value",""
"QCL","Crops and livestock products","203","Czechia","5312","Area harvested","01191","Triticale","2013","2013","ha","46816","A","Official value",""
"QCL","Crops and livestock products","203","Czechia","5412","Yield","01191","Triticale","2013","2013","kg/ha","4575.5","A","Official value",""
"QCL","Crops and livestock products","203","Czechia","5510","Production","01191","Triticale","2013","2013","t","214207","A","Official value",""
"QCL","Crops and livestock products","203","Czechia","5312","Area harvested","01191","Triticale","2014","2014","ha","48497","A","Official value",""
"QCL","Crops and livestock products","203","Czechia","5412","Yield","01191","Triticale","2014","2014","kg/ha","5029","A","Official value",""
"QCL","Crops and livestock products","203","Czechia","5510","Production","01191","Triticale","2014","2014","t","243889","A","Official value",""
"QCL","Crops and livestock products","203","Czechia","5312","Area harvested","01191","Triticale","2015","2015","ha","42891","A","Official value",""
"QCL","Crops and livestock products","203","Czechia","5412","Yield","01191","Triticale","2015","2015","kg/ha","4724.7","A","Official value",""
"QCL","Crops and livestock products","203","Czechia","5510","Production","01191","Triticale","2015","2015","t","202646","A","Official value",""
"QCL","Crops and livestock products","203","Czechia","5312","Area harvested","01191","Triticale","2016","2016","ha","39595","A","Official value",""
"QCL","Crops and livestock products","203","Czechia","5412","Yield","01191","Triticale","2016","2016","kg/ha","4879.4","A","Official value",""
"QCL","Crops and livestock products","203","Czechia","5510","Production","01191","Triticale","2016","2016","t","193198","A","Official value",""
"QCL","Crops and livestock products","203","Czechia","5312","Area harvested","01191","Triticale","2017","2017","ha","36263","A","Official value",""
"QCL","Crops and livestock products","203","Czechia","5412","Yield","01191","Triticale","2017","2017","kg/ha","4887.9","A","Official value",""
"QCL","Crops and livestock products","203","Czechia","5510","Production","01191","Triticale","2017","2017","t","177251.84","A","Official value",""
"QCL","Crops and livestock products","203","Czechia","5312","Area harvested","01191","Triticale","2018","2018","ha","37850","A","Official value",""
"QCL","Crops and livestock products","203","Czechia","5412","Yield","01191","Triticale","2018","2018","kg/ha","4548.2","A","Official value",""
"QCL","Crops and livestock products","203","Czechia","5510","Production","01191","Triticale","2018","2018","t","172150","A","Official value",""
"QCL","Crops and livestock products","203","Czechia","5312","Area harvested","01191","Triticale","2019","2019","ha","39670","A","Official value",""
"QCL","Crops and livestock products","203","Czechia","5412","Yield","01191","Triticale","2019","2019","kg/ha","4925.9","A","Official value",""
"QCL","Crops and livestock products","203","Czechia","5510","Production","01191","Triticale","2019","2019","t","195410","A","Official value",""
"QCL","Crops and livestock products","203","Czechia","5312","Area harvested","01191","Triticale","2020","2020","ha","42100","A","Official value",""
"QCL","Crops and livestock products","203","Czechia","5412","Yield","01191","Triticale","2020","2020","kg/ha","5065.6","A","Official value",""
"QCL","Crops and livestock products","203","Czechia","5510","Production","01191","Triticale","2020","2020","t","213260","A","Official value",""
"QCL","Crops and livestock products","203","Czechia","5312","Area harvested","01191","Triticale","2021","2021","ha","40860","A","Official value",""
"QCL","Crops and livestock products","203","Czechia","5412","Yield","01191","Triticale","2021","2021","kg/ha","4734.5","A","Official value",""
"QCL","Crops and livestock products","203","Czechia","5510","Production","01191","Triticale","2021","2021","t","193450","A","Official value",""
"QCL","Crops and livestock products","203","Czechia","5312","Area harvested","01191","Triticale","2022","2022","ha","40570","A","Official value",""
"QCL","Crops and livestock products","203","Czechia","5412","Yield","01191","Triticale","2022","2022","kg/ha","5117.6","A","Official value",""
"QCL","Crops and livestock products","203","Czechia","5510","Production","01191","Triticale","2022","2022","t","207620","A","Official value",""
"QCL","Crops and livestock products","203","Czechia","5312","Area harvested","01191","Triticale","2023","2023","ha","42010","A","Official value",""
"QCL","Crops and livestock products","203","Czechia","5412","Yield","01191","Triticale","2023","2023","kg/ha","4978.1","A","Official value",""
"QCL","Crops and livestock products","203","Czechia","5510","Production","01191","Triticale","2023","2023","t","209130","A","Official value",""
"QCL","Crops and livestock products","203","Czechia","5312","Area harvested","01191","Triticale","2024","2024","ha","44050","A","Official value",""
"QCL","Crops and livestock products","203","Czechia","5412","Yield","01191","Triticale","2024","2024","kg/ha","4453.8","A","Official value",""
"QCL","Crops and livestock products","203","Czechia","5510","Production","01191","Triticale","2024","2024","t","196190","A","Official value",""
"QCL","Crops and livestock products","203","Czechia","5312","Area harvested","01929.02","True hemp, raw or retted","1993","1993","ha","","M","Missing value; data cannot exist",""
"QCL","Crops and livestock products","203","Czechia","5510","Production","01929.02","True hemp, raw or retted","1993","1993","t","","M","Missing value; data cannot exist",""
"QCL","Crops and livestock products","203","Czechia","5312","Area harvested","01929.02","True hemp, raw or retted","1994","1994","ha","","M","Missing value; data cannot exist",""
"QCL","Crops and livestock products","203","Czechia","5510","Production","01929.02","True hemp, raw or retted","1994","1994","t","","M","Missing value; data cannot exist",""
"QCL","Crops and livestock products","203","Czechia","5312","Area harvested","01929.02","True hemp, raw or retted","1995","1995","ha","","M","Missing value; data cannot exist",""
"QCL","Crops and livestock products","203","Czechia","5510","Production","01929.02","True hemp, raw or retted","1995","1995","t","","M","Missing value; data cannot exist",""
"QCL","Crops and livestock products","203","Czechia","5312","Area harvested","01929.02","True hemp, raw or retted","1996","1996","ha","","M","Missing value; data cannot exist",""
"QCL","Crops and livestock products","203","Czechia","5510","Production","01929.02","True hemp, raw or retted","1996","1996","t","","M","Missing value; data cannot exist",""
"QCL","Crops and livestock products","203","Czechia","5312","Area harvested","01929.02","True hemp, raw or retted","1997","1997","ha","","M","Missing value; data cannot exist",""
"QCL","Crops and livestock products","203","Czechia","5510","Production","01929.02","True hemp, raw or retted","1997","1997","t","","M","Missing value; data cannot exist",""
"QCL","Crops and livestock products","203","Czechia","5312","Area harvested","01929.02","True hemp, raw or retted","1998","1998","ha","","M","Missing value; data cannot exist",""
"QCL","Crops and livestock products","203","Czechia","5510","Production","01929.02","True hemp, raw or retted","1998","1998","t","","M","Missing value; data cannot exist",""
"QCL","Crops and livestock products","203","Czechia","5312","Area harvested","01929.02","True hemp, raw or retted","1999","1999","ha","","M","Missing value; data cannot exist",""
"QCL","Crops and livestock products","203","Czechia","5510","Production","01929.02","True hemp, raw or retted","1999","1999","t","","M","Missing value; data cannot exist",""
"QCL","Crops and livestock products","203","Czechia","5312","Area harvested","01929.02","True hemp, raw or retted","2000","2000","ha","","M","Missing value; data cannot exist",""
"QCL","Crops and livestock products","203","Czechia","5510","Production","01929.02","True hemp, raw or retted","2000","2000","t","","M","Missing value; data cannot exist",""
"QCL","Crops and livestock products","203","Czechia","5312","Area harvested","01929.02","True hemp, raw or retted","2001","2001","ha","","M","Missing value; data cannot exist",""
"QCL","Crops and livestock products","203","Czechia","5510","Production","01929.02","True hemp, raw or retted","2001","2001","t","","M","Missing value; data cannot exist",""
"QCL","Crops and livestock products","203","Czechia","5312","Area harvested","01929.02","True hemp, raw or retted","2002","2002","ha","","M","Missing value; data cannot exist",""
"QCL","Crops and livestock products","203","Czechia","5510","Production","01929.02","True hemp, raw or retted","2002","2002","t","","M","Missing value; data cannot exist",""
"QCL","Crops and livestock products","203","Czechia","5312","Area harvested","01929.02","True hemp, raw or retted","2003","2003","ha","","M","Missing value; data cannot exist",""
"QCL","Crops and livestock products","203","Czechia","5510","Production","01929.02","True hemp, raw or retted","2003","2003","t","","M","Missing value; data cannot exist",""
"QCL","Crops and livestock products","203","Czechia","5312","Area harvested","01929.02","True hemp, raw or retted","2004","2004","ha","","M","Missing value; data cannot exist",""
"QCL","Crops and livestock products","203","Czechia","5510","Production","01929.02","True hemp, raw or retted","2004","2004","t","","M","Missing value; data cannot exist",""
"QCL","Crops and livestock products","203","Czechia","5312","Area harvested","01929.02","True hemp, raw or retted","2005","2005","ha","","M","Missing value; data cannot exist",""
"QCL","Crops and livestock products","203","Czechia","5510","Production","01929.02","True hemp, raw or retted","2005","2005","t","","M","Missing value; data cannot exist",""
"QCL","Crops and livestock products","203","Czechia","5312","Area harvested","01929.02","True hemp, raw or retted","2006","2006","ha","","M","Missing value; data cannot exist",""
"QCL","Crops and livestock products","203","Czechia","5510","Production","01929.02","True hemp, raw or retted","2006","2006","t","","M","Missing value; data cannot exist",""
"QCL","Crops and livestock products","203","Czechia","5312","Area harvested","01929.02","True hemp, raw or retted","2007","2007","ha","","M","Missing value; data cannot exist",""
"QCL","Crops and livestock products","203","Czechia","5510","Production","01929.02","True hemp, raw or retted","2007","2007","t","","M","Missing value; data cannot exist",""
"QCL","Crops and livestock products","203","Czechia","5312","Area harvested","01929.02","True hemp, raw or retted","2008","2008","ha","","M","Missing value; data cannot exist",""
"QCL","Crops and livestock products","203","Czechia","5510","Production","01929.02","True hemp, raw or retted","2008","2008","t","","M","Missing value; data cannot exist",""
"QCL","Crops and livestock products","203","Czechia","5312","Area harvested","01929.02","True hemp, raw or retted","2009","2009","ha","","M","Missing value; data cannot exist",""
"QCL","Crops and livestock products","203","Czechia","5510","Production","01929.02","True hemp, raw or retted","2009","2009","t","","M","Missing value; data cannot exist",""
"QCL","Crops and livestock products","203","Czechia","5312","Area harvested","01929.02","True hemp, raw or retted","2010","2010","ha","","M","Missing value; data cannot exist",""
"QCL","Crops and livestock products","203","Czechia","5510","Production","01929.02","True hemp, raw or retted","2010","2010","t","","M","Missing value; data cannot exist",""
"QCL","Crops and livestock products","203","Czechia","5312","Area harvested","01929.02","True hemp, raw or retted","2011","2011","ha","299","A","Official value",""
"QCL","Crops and livestock products","203","Czechia","5412","Yield","01929.02","True hemp, raw or retted","2011","2011","kg/ha","1862.9","A","Official value",""
"QCL","Crops and livestock products","203","Czechia","5510","Production","01929.02","True hemp, raw or retted","2011","2011","t","557","A","Official value",""
"QCL","Crops and livestock products","203","Czechia","5312","Area harvested","01929.02","True hemp, raw or retted","2012","2012","ha","213","A","Official value",""
"QCL","Crops and livestock products","203","Czechia","5412","Yield","01929.02","True hemp, raw or retted","2012","2012","kg/ha","1845.1","A","Official value",""
"QCL","Crops and livestock products","203","Czechia","5510","Production","01929.02","True hemp, raw or retted","2012","2012","t","393","A","Official value",""
"QCL","Crops and livestock products","203","Czechia","5312","Area harvested","01929.02","True hemp, raw or retted","2013","2013","ha","280","A","Official value",""
"QCL","Crops and livestock products","203","Czechia","5412","Yield","01929.02","True hemp, raw or retted","2013","2013","kg/ha","3214.3","A","Official value",""
"QCL","Crops and livestock products","203","Czechia","5510","Production","01929.02","True hemp, raw or retted","2013","2013","t","900","A","Official value",""
"QCL","Crops and livestock products","203","Czechia","5312","Area harvested","01929.02","True hemp, raw or retted","2014","2014","ha","222","I","Value imputed by a receiving agency",""
"QCL","Crops and livestock products","203","Czechia","5412","Yield","01929.02","True hemp, raw or retted","2014","2014","kg/ha","2930.7","E","Estimated value",""
"QCL","Crops and livestock products","203","Czechia","5510","Production","01929.02","True hemp, raw or retted","2014","2014","t","651.85","I","Value imputed by a receiving agency",""
"QCL","Crops and livestock products","203","Czechia","5312","Area harvested","01929.02","True hemp, raw or retted","2015","2015","ha","214","I","Value imputed by a receiving agency",""
"QCL","Crops and livestock products","203","Czechia","5412","Yield","01929.02","True hemp, raw or retted","2015","2015","kg/ha","2991.4","E","Estimated value",""
"QCL","Crops and livestock products","203","Czechia","5510","Production","01929.02","True hemp, raw or retted","2015","2015","t","641.22","I","Value imputed by a receiving agency",""
"QCL","Crops and livestock products","203","Czechia","5312","Area harvested","01929.02","True hemp, raw or retted","2016","2016","ha","228","I","Value imputed by a receiving agency",""
"QCL","Crops and livestock products","203","Czechia","5412","Yield","01929.02","True hemp, raw or retted","2016","2016","kg/ha","2675.5","E","Estimated value",""
"QCL","Crops and livestock products","203","Czechia","5510","Production","01929.02","True hemp, raw or retted","2016","2016","t","609.93","I","Value imputed by a receiving agency",""
"QCL","Crops and livestock products","203","Czechia","5312","Area harvested","01929.02","True hemp, raw or retted","2017","2017","ha","222","I","Value imputed by a receiving agency",""
"QCL","Crops and livestock products","203","Czechia","5412","Yield","01929.02","True hemp, raw or retted","2017","2017","kg/ha","2789.7","E","Estimated value",""
"QCL","Crops and livestock products","203","Czechia","5510","Production","01929.02","True hemp, raw or retted","2017","2017","t","619.05","I","Value imputed by a receiving agency",""
"QCL","Crops and livestock products","203","Czechia","5312","Area harvested","01929.02","True hemp, raw or retted","2018","2018","ha","790","A","Official value",""
"QCL","Crops and livestock products","203","Czechia","5412","Yield","01929.02","True hemp, raw or retted","2018","2018","kg/ha","468.4","A","Official value",""
"QCL","Crops and livestock products","203","Czechia","5510","Production","01929.02","True hemp, raw or retted","2018","2018","t","370","A","Official value",""
"QCL","Crops and livestock products","203","Czechia","5312","Area harvested","01929.02","True hemp, raw or retted","2019","2019","ha","400","A","Official value",""
"QCL","Crops and livestock products","203","Czechia","5412","Yield","01929.02","True hemp, raw or retted","2019","2019","kg/ha","450","A","Official value",""
"QCL","Crops and livestock products","203","Czechia","5510","Production","01929.02","True hemp, raw or retted","2019","2019","t","180","A","Official value",""
"QCL","Crops and livestock products","203","Czechia","5312","Area harvested","01929.02","True hemp, raw or retted","2020","2020","ha","410","A","Official value",""
"QCL","Crops and livestock products","203","Czechia","5412","Yield","01929.02","True hemp, raw or retted","2020","2020","kg/ha","682.9","A","Official value",""
"QCL","Crops and livestock products","203","Czechia","5510","Production","01929.02","True hemp, raw or retted","2020","2020","t","280","A","Official value",""
"QCL","Crops and livestock products","203","Czechia","5312","Area harvested","01929.02","True hemp, raw or retted","2021","2021","ha","200","A","Official value",""
"QCL","Crops and livestock products","203","Czechia","5412","Yield","01929.02","True hemp, raw or retted","2021","2021","kg/ha","300","A","Official value",""
"QCL","Crops and livestock products","203","Czechia","5510","Production","01929.02","True hemp, raw or retted","2021","2021","t","60","A","Official value",""
"QCL","Crops and livestock products","203","Czechia","5312","Area harvested","01929.02","True hemp, raw or retted","2022","2022","ha","340","A","Official value",""
"QCL","Crops and livestock products","203","Czechia","5412","Yield","01929.02","True hemp, raw or retted","2022","2022","kg/ha","1176.5","A","Official value",""
"QCL","Crops and livestock products","203","Czechia","5510","Production","01929.02","True hemp, raw or retted","2022","2022","t","400","A","Official value",""
"QCL","Crops and livestock products","203","Czechia","5312","Area harvested","01929.02","True hemp, raw or retted","2023","2023","ha","150","A","Official value",""
"QCL","Crops and livestock products","203","Czechia","5412","Yield","01929.02","True hemp, raw or retted","2023","2023","kg/ha","866.7","A","Official value",""
"QCL","Crops and livestock products","203","Czechia","5510","Production","01929.02","True hemp, raw or retted","2023","2023","t","130","A","Official value",""
"QCL","Crops and livestock products","203","Czechia","5312","Area harvested","01929.02","True hemp, raw or retted","2024","2024","ha","140","A","Official value",""
"QCL","Crops and livestock products","203","Czechia","5412","Yield","01929.02","True hemp, raw or retted","2024","2024","kg/ha","928.6","A","Official value",""
"QCL","Crops and livestock products","203","Czechia","5510","Production","01929.02","True hemp, raw or retted","2024","2024","t","130","A","Official value",""
"QCL","Crops and livestock products","203","Czechia","5312","Area harvested","01970","Unmanufactured tobacco","1994","1994","ha","","M","Missing value; data cannot exist",""
"QCL","Crops and livestock products","203","Czechia","5510","Production","01970","Unmanufactured tobacco","1994","1994","t","","M","Missing value; data cannot exist",""
"QCL","Crops and livestock products","203","Czechia","5312","Area harvested","01970","Unmanufactured tobacco","1995","1995","ha","","M","Missing value; data cannot exist",""
"QCL","Crops and livestock products","203","Czechia","5510","Production","01970","Unmanufactured tobacco","1995","1995","t","","M","Missing value; data cannot exist",""
"QCL","Crops and livestock products","203","Czechia","5312","Area harvested","01970","Unmanufactured tobacco","1996","1996","ha","","M","Missing value; data cannot exist",""
"QCL","Crops and livestock products","203","Czechia","5510","Production","01970","Unmanufactured tobacco","1996","1996","t","","M","Missing value; data cannot exist",""
"QCL","Crops and livestock products","203","Czechia","5312","Area harvested","01970","Unmanufactured tobacco","1997","1997","ha","","M","Missing value; data cannot exist",""
"QCL","Crops and livestock products","203","Czechia","5510","Production","01970","Unmanufactured tobacco","1997","1997","t","","M","Missing value; data cannot exist",""
"QCL","Crops and livestock products","203","Czechia","5312","Area harvested","01970","Unmanufactured tobacco","1998","1998","ha","","M","Missing value; data cannot exist",""
"QCL","Crops and livestock products","203","Czechia","5510","Production","01970","Unmanufactured tobacco","1998","1998","t","","M","Missing value; data cannot exist",""
"QCL","Crops and livestock products","203","Czechia","5312","Area harvested","01970","Unmanufactured tobacco","1999","1999","ha","","M","Missing value; data cannot exist",""
"QCL","Crops and livestock products","203","Czechia","5510","Production","01970","Unmanufactured tobacco","1999","1999","t","","M","Missing value; data cannot exist",""
"QCL","Crops and livestock products","203","Czechia","5312","Area harvested","01970","Unmanufactured tobacco","2000","2000","ha","","M","Missing value; data cannot exist",""
"QCL","Crops and livestock products","203","Czechia","5510","Production","01970","Unmanufactured tobacco","2000","2000","t","","M","Missing value; data cannot exist",""
"QCL","Crops and livestock products","203","Czechia","5312","Area harvested","01970","Unmanufactured tobacco","2001","2001","ha","","M","Missing value; data cannot exist",""
"QCL","Crops and livestock products","203","Czechia","5510","Production","01970","Unmanufactured tobacco","2001","2001","t","","M","Missing value; data cannot exist",""
"QCL","Crops and livestock products","203","Czechia","5312","Area harvested","01970","Unmanufactured tobacco","2002","2002","ha","","M","Missing value; data cannot exist",""
"QCL","Crops and livestock products","203","Czechia","5510","Production","01970","Unmanufactured tobacco","2002","2002","t","","M","Missing value; data cannot exist",""
"QCL","Crops and livestock products","203","Czechia","5312","Area harvested","01970","Unmanufactured tobacco","2003","2003","ha","","M","Missing value; data cannot exist",""
"QCL","Crops and livestock products","203","Czechia","5510","Production","01970","Unmanufactured tobacco","2003","2003","t","","M","Missing value; data cannot exist",""
"QCL","Crops and livestock products","203","Czechia","5312","Area harvested","01970","Unmanufactured tobacco","2004","2004","ha","","M","Missing value; data cannot exist",""
"QCL","Crops and livestock products","203","Czechia","5510","Production","01970","Unmanufactured tobacco","2004","2004","t","","M","Missing value; data cannot exist",""
"QCL","Crops and livestock products","203","Czechia","5312","Area harvested","01970","Unmanufactured tobacco","2005","2005","ha","","M","Missing value; data cannot exist",""
"QCL","Crops and livestock products","203","Czechia","5510","Production","01970","Unmanufactured tobacco","2005","2005","t","","M","Missing value; data cannot exist",""
"QCL","Crops and livestock products","203","Czechia","5312","Area harvested","01970","Unmanufactured tobacco","2006","2006","ha","","M","Missing value; data cannot exist",""
"QCL","Crops and livestock products","203","Czechia","5510","Production","01970","Unmanufactured tobacco","2006","2006","t","","M","Missing value; data cannot exist",""
"QCL","Crops and livestock products","203","Czechia","5312","Area harvested","01970","Unmanufactured tobacco","2007","2007","ha","","M","Missing value; data cannot exist",""
"QCL","Crops and livestock products","203","Czechia","5510","Production","01970","Unmanufactured tobacco","2007","2007","t","","M","Missing value; data cannot exist",""
"QCL","Crops and livestock products","203","Czechia","5312","Area harvested","01970","Unmanufactured tobacco","2008","2008","ha","","M","Missing value; data cannot exist",""
"QCL","Crops and livestock products","203","Czechia","5510","Production","01970","Unmanufactured tobacco","2008","2008","t","","M","Missing value; data cannot exist",""
"QCL","Crops and livestock products","203","Czechia","5312","Area harvested","01970","Unmanufactured tobacco","2009","2009","ha","","M","Missing value; data cannot exist",""
"QCL","Crops and livestock products","203","Czechia","5510","Production","01970","Unmanufactured tobacco","2009","2009","t","","M","Missing value; data cannot exist",""
"QCL","Crops and livestock products","203","Czechia","5312","Area harvested","01970","Unmanufactured tobacco","2010","2010","ha","","M","Missing value; data cannot exist",""
"QCL","Crops and livestock products","203","Czechia","5510","Production","01970","Unmanufactured tobacco","2010","2010","t","","M","Missing value; data cannot exist",""
"QCL","Crops and livestock products","203","Czechia","5312","Area harvested","01970","Unmanufactured tobacco","2011","2011","ha","","M","Missing value; data cannot exist",""
"QCL","Crops and livestock products","203","Czechia","5510","Production","01970","Unmanufactured tobacco","2011","2011","t","","M","Missing value; data cannot exist",""
"QCL","Crops and livestock products","203","Czechia","5312","Area harvested","01970","Unmanufactured tobacco","2012","2012","ha","","M","Missing value; data cannot exist",""
"QCL","Crops and livestock products","203","Czechia","5510","Production","01970","Unmanufactured tobacco","2012","2012","t","","M","Missing value; data cannot exist",""
"QCL","Crops and livestock products","203","Czechia","5312","Area harvested","01970","Unmanufactured tobacco","2013","2013","ha","","M","Missing value; data cannot exist",""
"QCL","Crops and livestock products","203","Czechia","5510","Production","01970","Unmanufactured tobacco","2013","2013","t","","M","Missing value; data cannot exist",""
"QCL","Crops and livestock products","203","Czechia","5312","Area harvested","01970","Unmanufactured tobacco","2014","2014","ha","","M","Missing value; data cannot exist",""
"QCL","Crops and livestock products","203","Czechia","5510","Production","01970","Unmanufactured tobacco","2014","2014","t","","M","Missing value; data cannot exist",""
"QCL","Crops and livestock products","203","Czechia","5312","Area harvested","01970","Unmanufactured tobacco","2015","2015","ha","","M","Missing value; data cannot exist",""
"QCL","Crops and livestock products","203","Czechia","5510","Production","01970","Unmanufactured tobacco","2015","2015","t","","M","Missing value; data cannot exist",""
"QCL","Crops and livestock products","203","Czechia","5312","Area harvested","01970","Unmanufactured tobacco","2016","2016","ha","","M","Missing value; data cannot exist",""
"QCL","Crops and livestock products","203","Czechia","5510","Production","01970","Unmanufactured tobacco","2016","2016","t","","M","Missing value; data cannot exist",""
"QCL","Crops and livestock products","203","Czechia","5312","Area harvested","01970","Unmanufactured tobacco","2017","2017","ha","","M","Missing value; data cannot exist",""
"QCL","Crops and livestock products","203","Czechia","5510","Production","01970","Unmanufactured tobacco","2017","2017","t","","M","Missing value; data cannot exist",""
"QCL","Crops and livestock products","203","Czechia","5312","Area harvested","01970","Unmanufactured tobacco","2018","2018","ha","0","A","Official value",""
"QCL","Crops and livestock products","203","Czechia","5510","Production","01970","Unmanufactured tobacco","2018","2018","t","0","A","Official value",""
"QCL","Crops and livestock products","203","Czechia","5312","Area harvested","01970","Unmanufactured tobacco","2019","2019","ha","0","A","Official value",""
"QCL","Crops and livestock products","203","Czechia","5510","Production","01970","Unmanufactured tobacco","2019","2019","t","0","A","Official value",""
"QCL","Crops and livestock products","203","Czechia","5312","Area harvested","01970","Unmanufactured tobacco","2020","2020","ha","0","A","Official value",""
"QCL","Crops and livestock products","203","Czechia","5510","Production","01970","Unmanufactured tobacco","2020","2020","t","0","A","Official value",""
"QCL","Crops and livestock products","203","Czechia","5312","Area harvested","01970","Unmanufactured tobacco","2021","2021","ha","0","A","Official value",""
"QCL","Crops and livestock products","203","Czechia","5510","Production","01970","Unmanufactured tobacco","2021","2021","t","0","A","Official value",""
"QCL","Crops and livestock products","203","Czechia","5312","Area harvested","01970","Unmanufactured tobacco","2022","2022","ha","0","A","Official value",""
"QCL","Crops and livestock products","203","Czechia","5510","Production","01970","Unmanufactured tobacco","2022","2022","t","0","A","Official value",""
"QCL","Crops and livestock products","203","Czechia","5312","Area harvested","01970","Unmanufactured tobacco","2023","2023","ha","0","A","Official value",""
"QCL","Crops and livestock products","203","Czechia","5510","Production","01970","Unmanufactured tobacco","2023","2023","t","0","A","Official value",""
"QCL","Crops and livestock products","203","Czechia","5312","Area harvested","01970","Unmanufactured tobacco","2024","2024","ha","0","A","Official value",""
"QCL","Crops and livestock products","203","Czechia","5510","Production","01970","Unmanufactured tobacco","2024","2024","t","0","A","Official value",""
"QCL","Crops and livestock products","203","Czechia","5312","Area harvested","01709.01","Vetches","1993","1993","ha","257","A","Official value",""
"QCL","Crops and livestock products","203","Czechia","5412","Yield","01709.01","Vetches","1993","1993","kg/ha","957.2","A","Official value",""
"QCL","Crops and livestock products","203","Czechia","5510","Production","01709.01","Vetches","1993","1993","t","246","A","Official value",""
"QCL","Crops and livestock products","203","Czechia","5312","Area harvested","01709.01","Vetches","1994","1994","ha","300","A","Official value",""
"QCL","Crops and livestock products","203","Czechia","5412","Yield","01709.01","Vetches","1994","1994","kg/ha","800","A","Official value",""
"QCL","Crops and livestock products","203","Czechia","5510","Production","01709.01","Vetches","1994","1994","t","240","A","Official value",""
"QCL","Crops and livestock products","203","Czechia","5312","Area harvested","01709.01","Vetches","1995","1995","ha","260","E","Estimated value",""
"QCL","Crops and livestock products","203","Czechia","5412","Yield","01709.01","Vetches","1995","1995","kg/ha","769.2","E","Estimated value",""
"QCL","Crops and livestock products","203","Czechia","5510","Production","01709.01","Vetches","1995","1995","t","200","E","Estimated value",""
"QCL","Crops and livestock products","203","Czechia","5312","Area harvested","01709.01","Vetches","1996","1996","ha","342","I","Value imputed by a receiving agency",""
"QCL","Crops and livestock products","203","Czechia","5412","Yield","01709.01","Vetches","1996","1996","kg/ha","805.4","E","Estimated value",""
"QCL","Crops and livestock products","203","Czechia","5510","Production","01709.01","Vetches","1996","1996","t","275.17","I","Value imputed by a receiving agency",""
"QCL","Crops and livestock products","203","Czechia","5312","Area harvested","01709.01","Vetches","1997","1997","ha","315","I","Value imputed by a receiving agency",""
"QCL","Crops and livestock products","203","Czechia","5412","Yield","01709.01","Vetches","1997","1997","kg/ha","809.4","E","Estimated value",""
"QCL","Crops and livestock products","203","Czechia","5510","Production","01709.01","Vetches","1997","1997","t","254.89","I","Value imputed by a receiving agency",""
"QCL","Crops and livestock products","203","Czechia","5312","Area harvested","01709.01","Vetches","1998","1998","ha","289","I","Value imputed by a receiving agency",""
"QCL","Crops and livestock products","203","Czechia","5412","Yield","01709.01","Vetches","1998","1998","kg/ha","811.3","E","Estimated value",""
"QCL","Crops and livestock products","203","Czechia","5510","Production","01709.01","Vetches","1998","1998","t","234.16","I","Value imputed by a receiving agency",""
"QCL","Crops and livestock products","203","Czechia","5312","Area harvested","01709.01","Vetches","1999","1999","ha","200","E","Estimated value",""
"QCL","Crops and livestock products","203","Czechia","5412","Yield","01709.01","Vetches","1999","1999","kg/ha","775","E","Estimated value",""
"QCL","Crops and livestock products","203","Czechia","5510","Production","01709.01","Vetches","1999","1999","t","155","E","Estimated value",""
"QCL","Crops and livestock products","203","Czechia","5312","Area harvested","01709.01","Vetches","2000","2000","ha","180","E","Estimated value",""
"QCL","Crops and livestock products","203","Czechia","5412","Yield","01709.01","Vetches","2000","2000","kg/ha","833.3","E","Estimated value",""
"QCL","Crops and livestock products","203","Czechia","5510","Production","01709.01","Vetches","2000","2000","t","150","E","Estimated value",""
"QCL","Crops and livestock products","203","Czechia","5312","Area harvested","01709.01","Vetches","2001","2001","ha","226","I","Value imputed by a receiving agency",""
"QCL","Crops and livestock products","203","Czechia","5412","Yield","01709.01","Vetches","2001","2001","kg/ha","826","E","Estimated value",""
"QCL","Crops and livestock products","203","Czechia","5510","Production","01709.01","Vetches","2001","2001","t","186.54","I","Value imputed by a receiving agency",""
"QCL","Crops and livestock products","203","Czechia","5312","Area harvested","01709.01","Vetches","2002","2002","ha","219","I","Value imputed by a receiving agency",""
"QCL","Crops and livestock products","203","Czechia","5412","Yield","01709.01","Vetches","2002","2002","kg/ha","829.7","E","Estimated value",""
"QCL","Crops and livestock products","203","Czechia","5510","Production","01709.01","Vetches","2002","2002","t","181.71","I","Value imputed by a receiving agency",""
"QCL","Crops and livestock products","203","Czechia","5312","Area harvested","01709.01","Vetches","2003","2003","ha","213","I","Value imputed by a receiving agency",""
"QCL","Crops and livestock products","203","Czechia","5412","Yield","01709.01","Vetches","2003","2003","kg/ha","836.9","E","Estimated value",""
"QCL","Crops and livestock products","203","Czechia","5510","Production","01709.01","Vetches","2003","2003","t","178.15","I","Value imputed by a receiving agency",""
"QCL","Crops and livestock products","203","Czechia","5312","Area harvested","01709.01","Vetches","2004","2004","ha","236","X","Value from external organization","Unofficial figure"
"QCL","Crops and livestock products","203","Czechia","5412","Yield","01709.01","Vetches","2004","2004","kg/ha","839","X","Value from external organization",""
"QCL","Crops and livestock products","203","Czechia","5510","Production","01709.01","Vetches","2004","2004","t","198","X","Value from external organization","Unofficial figure"
"QCL","Crops and livestock products","203","Czechia","5312","Area harvested","01709.01","Vetches","2005","2005","ha","252","X","Value from external organization","Unofficial figure"
"QCL","Crops and livestock products","203","Czechia","5412","Yield","01709.01","Vetches","2005","2005","kg/ha","785.7","X","Value from external organization",""
"QCL","Crops and livestock products","203","Czechia","5510","Production","01709.01","Vetches","2005","2005","t","198","X","Value from external organization","Unofficial figure"
"QCL","Crops and livestock products","203","Czechia","5312","Area harvested","01709.01","Vetches","2006","2006","ha","150","E","Estimated value",""
"QCL","Crops and livestock products","203","Czechia","5412","Yield","01709.01","Vetches","2006","2006","kg/ha","800","E","Estimated value",""
"QCL","Crops and livestock products","203","Czechia","5510","Production","01709.01","Vetches","2006","2006","t","120","E","Estimated value",""
"QCL","Crops and livestock products","203","Czechia","5312","Area harvested","01709.01","Vetches","2007","2007","ha","120","E","Estimated value",""
"QCL","Crops and livestock products","203","Czechia","5412","Yield","01709.01","Vetches","2007","2007","kg/ha","833.3","E","Estimated value",""
"QCL","Crops and livestock products","203","Czechia","5510","Production","01709.01","Vetches","2007","2007","t","100","E","Estimated value",""
"QCL","Crops and livestock products","203","Czechia","5312","Area harvested","01709.01","Vetches","2008","2008","ha","126","I","Value imputed by a receiving agency",""
"QCL","Crops and livestock products","203","Czechia","5412","Yield","01709.01","Vetches","2008","2008","kg/ha","865.2","E","Estimated value",""
"QCL","Crops and livestock products","203","Czechia","5510","Production","01709.01","Vetches","2008","2008","t","108.99","I","Value imputed by a receiving agency",""
"QCL","Crops and livestock products","203","Czechia","5312","Area harvested","01709.01","Vetches","2009","2009","ha","116","I","Value imputed by a receiving agency",""
"QCL","Crops and livestock products","203","Czechia","5412","Yield","01709.01","Vetches","2009","2009","kg/ha","880.5","E","Estimated value",""
"QCL","Crops and livestock products","203","Czechia","5510","Production","01709.01","Vetches","2009","2009","t","102.08","I","Value imputed by a receiving agency",""
"QCL","Crops and livestock products","203","Czechia","5312","Area harvested","01709.01","Vetches","2010","2010","ha","110","E","Estimated value",""
"QCL","Crops and livestock products","203","Czechia","5412","Yield","01709.01","Vetches","2010","2010","kg/ha","894.5","E","Estimated value",""
"QCL","Crops and livestock products","203","Czechia","5510","Production","01709.01","Vetches","2010","2010","t","98.39","I","Value imputed by a receiving agency",""
"QCL","Crops and livestock products","203","Czechia","5312","Area harvested","01709.01","Vetches","2011","2011","ha","93","I","Value imputed by a receiving agency",""
"QCL","Crops and livestock products","203","Czechia","5412","Yield","01709.01","Vetches","2011","2011","kg/ha","908.1","E","Estimated value",""
"QCL","Crops and livestock products","203","Czechia","5510","Production","01709.01","Vetches","2011","2011","t","84.68","I","Value imputed by a receiving agency",""
"QCL","Crops and livestock products","203","Czechia","5312","Area harvested","01709.01","Vetches","2012","2012","ha","80","E","Estimated value",""
"QCL","Crops and livestock products","203","Czechia","5412","Yield","01709.01","Vetches","2012","2012","kg/ha","1000","E","Estimated value",""
"QCL","Crops and livestock products","203","Czechia","5510","Production","01709.01","Vetches","2012","2012","t","80","E","Estimated value",""
"QCL","Crops and livestock products","203","Czechia","5312","Area harvested","01709.01","Vetches","2013","2013","ha","80","E","Estimated value",""
"QCL","Crops and livestock products","203","Czechia","5412","Yield","01709.01","Vetches","2013","2013","kg/ha","1000","E","Estimated value",""
"QCL","Crops and livestock products","203","Czechia","5510","Production","01709.01","Vetches","2013","2013","t","80","E","Estimated value",""
"QCL","Crops and livestock products","203","Czechia","5312","Area harvested","01709.01","Vetches","2014","2014","ha","74","I","Value imputed by a receiving agency",""
"QCL","Crops and livestock products","203","Czechia","5412","Yield","01709.01","Vetches","2014","2014","kg/ha","964.7","E","Estimated value",""
"QCL","Crops and livestock products","203","Czechia","5510","Production","01709.01","Vetches","2014","2014","t","71.41","I","Value imputed by a receiving agency",""
"QCL","Crops and livestock products","203","Czechia","5312","Area harvested","01709.01","Vetches","2015","2015","ha","78","I","Value imputed by a receiving agency",""
"QCL","Crops and livestock products","203","Czechia","5412","Yield","01709.01","Vetches","2015","2015","kg/ha","960.4","E","Estimated value",""
"QCL","Crops and livestock products","203","Czechia","5510","Production","01709.01","Vetches","2015","2015","t","74.76","I","Value imputed by a receiving agency",""
"QCL","Crops and livestock products","203","Czechia","5312","Area harvested","01709.01","Vetches","2016","2016","ha","81","I","Value imputed by a receiving agency",""
"QCL","Crops and livestock products","203","Czechia","5412","Yield","01709.01","Vetches","2016","2016","kg/ha","980.9","E","Estimated value",""
"QCL","Crops and livestock products","203","Czechia","5510","Production","01709.01","Vetches","2016","2016","t","79.32","I","Value imputed by a receiving agency",""
"QCL","Crops and livestock products","203","Czechia","5312","Area harvested","01709.01","Vetches","2017","2017","ha","80","I","Value imputed by a receiving agency",""
"QCL","Crops and livestock products","203","Czechia","5412","Yield","01709.01","Vetches","2017","2017","kg/ha","991","E","Estimated value",""
"QCL","Crops and livestock products","203","Czechia","5510","Production","01709.01","Vetches","2017","2017","t","79.32","I","Value imputed by a receiving agency",""
"QCL","Crops and livestock products","203","Czechia","5312","Area harvested","01376","Walnuts, in shell","1993","1993","ha","4500","E","Estimated value",""
"QCL","Crops and livestock products","203","Czechia","5412","Yield","01376","Walnuts, in shell","1993","1993","kg/ha","1905.3","E","Estimated value",""
"QCL","Crops and livestock products","203","Czechia","5510","Production","01376","Walnuts, in shell","1993","1993","t","8574","A","Official value",""
"QCL","Crops and livestock products","203","Czechia","5312","Area harvested","01376","Walnuts, in shell","1994","1994","ha","4400","E","Estimated value",""
"QCL","Crops and livestock products","203","Czechia","5412","Yield","01376","Walnuts, in shell","1994","1994","kg/ha","1463.2","E","Estimated value",""
"QCL","Crops and livestock products","203","Czechia","5510","Production","01376","Walnuts, in shell","1994","1994","t","6438","A","Official value",""
"QCL","Crops and livestock products","203","Czechia","5312","Area harvested","01376","Walnuts, in shell","1995","1995","ha","5005","I","Value imputed by a receiving agency",""
"QCL","Crops and livestock products","203","Czechia","5412","Yield","01376","Walnuts, in shell","1995","1995","kg/ha","1339.6","E","Estimated value",""
"QCL","Crops and livestock products","203","Czechia","5510","Production","01376","Walnuts, in shell","1995","1995","t","6705","A","Official value",""
"QCL","Crops and livestock products","203","Czechia","5312","Area harvested","01376","Walnuts, in shell","1996","1996","ha","4300","E","Estimated value",""
"QCL","Crops and livestock products","203","Czechia","5412","Yield","01376","Walnuts, in shell","1996","1996","kg/ha","1396.3","E","Estimated value",""
"QCL","Crops and livestock products","203","Czechia","5510","Production","01376","Walnuts, in shell","1996","1996","t","6004","A","Official value",""
"QCL","Crops and livestock products","203","Czechia","5312","Area harvested","01376","Walnuts, in shell","1997","1997","ha","2970","I","Value imputed by a receiving agency",""
"QCL","Crops and livestock products","203","Czechia","5412","Yield","01376","Walnuts, in shell","1997","1997","kg/ha","1253.4","E","Estimated value",""
"QCL","Crops and livestock products","203","Czechia","5510","Production","01376","Walnuts, in shell","1997","1997","t","3723","A","Official value",""
"QCL","Crops and livestock products","203","Czechia","5312","Area harvested","01376","Walnuts, in shell","1998","1998","ha","4400","E","Estimated value",""
"QCL","Crops and livestock products","203","Czechia","5412","Yield","01376","Walnuts, in shell","1998","1998","kg/ha","1222.5","E","Estimated value",""
"QCL","Crops and livestock products","203","Czechia","5510","Production","01376","Walnuts, in shell","1998","1998","t","5379","A","Official value",""
"QCL","Crops and livestock products","203","Czechia","5312","Area harvested","01376","Walnuts, in shell","1999","1999","ha","5186","I","Value imputed by a receiving agency",""
"QCL","Crops and livestock products","203","Czechia","5412","Yield","01376","Walnuts, in shell","1999","1999","kg/ha","1195.3","E","Estimated value",""
"QCL","Crops and livestock products","203","Czechia","5510","Production","01376","Walnuts, in shell","1999","1999","t","6199","A","Official value",""
"QCL","Crops and livestock products","203","Czechia","5312","Area harvested","01376","Walnuts, in shell","2000","2000","ha","4300","A","Official value",""
"QCL","Crops and livestock products","203","Czechia","5412","Yield","01376","Walnuts, in shell","2000","2000","kg/ha","1503.5","A","Official value",""
"QCL","Crops and livestock products","203","Czechia","5510","Production","01376","Walnuts, in shell","2000","2000","t","6465","A","Official value",""
"QCL","Crops and livestock products","203","Czechia","5312","Area harvested","01376","Walnuts, in shell","2001","2001","ha","4100","A","Official value",""
"QCL","Crops and livestock products","203","Czechia","5412","Yield","01376","Walnuts, in shell","2001","2001","kg/ha","1328","A","Official value",""
"QCL","Crops and livestock products","203","Czechia","5510","Production","01376","Walnuts, in shell","2001","2001","t","5445","A","Official value",""
"QCL","Crops and livestock products","203","Czechia","5312","Area harvested","01376","Walnuts, in shell","2002","2002","ha","200","A","Official value",""
"QCL","Crops and livestock products","203","Czechia","5412","Yield","01376","Walnuts, in shell","2002","2002","kg/ha","545","A","Official value",""
"QCL","Crops and livestock products","203","Czechia","5510","Production","01376","Walnuts, in shell","2002","2002","t","109","A","Official value",""
"QCL","Crops and livestock products","203","Czechia","5312","Area harvested","01376","Walnuts, in shell","2003","2003","ha","200","A","Official value",""
"QCL","Crops and livestock products","203","Czechia","5412","Yield","01376","Walnuts, in shell","2003","2003","kg/ha","860","A","Official value",""
"QCL","Crops and livestock products","203","Czechia","5510","Production","01376","Walnuts, in shell","2003","2003","t","172","A","Official value",""
"QCL","Crops and livestock products","203","Czechia","5312","Area harvested","01376","Walnuts, in shell","2004","2004","ha","200","A","Official value",""
"QCL","Crops and livestock products","203","Czechia","5412","Yield","01376","Walnuts, in shell","2004","2004","kg/ha","580","A","Official value",""
"QCL","Crops and livestock products","203","Czechia","5510","Production","01376","Walnuts, in shell","2004","2004","t","116","A","Official value",""
"QCL","Crops and livestock products","203","Czechia","5312","Area harvested","01376","Walnuts, in shell","2005","2005","ha","200","A","Official value",""
"QCL","Crops and livestock products","203","Czechia","5412","Yield","01376","Walnuts, in shell","2005","2005","kg/ha","650","A","Official value",""
"QCL","Crops and livestock products","203","Czechia","5510","Production","01376","Walnuts, in shell","2005","2005","t","130","A","Official value",""
"QCL","Crops and livestock products","203","Czechia","5312","Area harvested","01376","Walnuts, in shell","2006","2006","ha","200","A","Official value",""
"QCL","Crops and livestock products","203","Czechia","5412","Yield","01376","Walnuts, in shell","2006","2006","kg/ha","680","A","Official value",""
"QCL","Crops and livestock products","203","Czechia","5510","Production","01376","Walnuts, in shell","2006","2006","t","136","A","Official value",""
"QCL","Crops and livestock products","203","Czechia","5312","Area harvested","01376","Walnuts, in shell","2007","2007","ha","200","A","Official value",""
"QCL","Crops and livestock products","203","Czechia","5412","Yield","01376","Walnuts, in shell","2007","2007","kg/ha","560","A","Official value",""
"QCL","Crops and livestock products","203","Czechia","5510","Production","01376","Walnuts, in shell","2007","2007","t","112","A","Official value",""
"QCL","Crops and livestock products","203","Czechia","5312","Area harvested","01376","Walnuts, in shell","2008","2008","ha","200","A","Official value",""
"QCL","Crops and livestock products","203","Czechia","5412","Yield","01376","Walnuts, in shell","2008","2008","kg/ha","540","A","Official value",""
"QCL","Crops and livestock products","203","Czechia","5510","Production","01376","Walnuts, in shell","2008","2008","t","108","A","Official value",""
"QCL","Crops and livestock products","203","Czechia","5312","Area harvested","01376","Walnuts, in shell","2009","2009","ha","200","A","Official value",""
"QCL","Crops and livestock products","203","Czechia","5412","Yield","01376","Walnuts, in shell","2009","2009","kg/ha","845","A","Official value",""
"QCL","Crops and livestock products","203","Czechia","5510","Production","01376","Walnuts, in shell","2009","2009","t","169","A","Official value",""
"QCL","Crops and livestock products","203","Czechia","5312","Area harvested","01376","Walnuts, in shell","2010","2010","ha","200","A","Official value",""
"QCL","Crops and livestock products","203","Czechia","5412","Yield","01376","Walnuts, in shell","2010","2010","kg/ha","345","A","Official value",""
"QCL","Crops and livestock products","203","Czechia","5510","Production","01376","Walnuts, in shell","2010","2010","t","69","A","Official value",""
"QCL","Crops and livestock products","203","Czechia","5312","Area harvested","01376","Walnuts, in shell","2011","2011","ha","200","A","Official value",""
"QCL","Crops and livestock products","203","Czechia","5412","Yield","01376","Walnuts, in shell","2011","2011","kg/ha","514.7","E","Estimated value",""
"QCL","Crops and livestock products","203","Czechia","5510","Production","01376","Walnuts, in shell","2011","2011","t","102.94","I","Value imputed by a receiving agency",""
"QCL","Crops and livestock products","203","Czechia","5312","Area harvested","01376","Walnuts, in shell","2012","2012","ha","170","A","Official value",""
"QCL","Crops and livestock products","203","Czechia","5412","Yield","01376","Walnuts, in shell","2012","2012","kg/ha","522.3","E","Estimated value",""
"QCL","Crops and livestock products","203","Czechia","5510","Production","01376","Walnuts, in shell","2012","2012","t","88.79","I","Value imputed by a receiving agency",""
"QCL","Crops and livestock products","203","Czechia","5312","Area harvested","01376","Walnuts, in shell","2013","2013","ha","200","A","Official value",""
"QCL","Crops and livestock products","203","Czechia","5412","Yield","01376","Walnuts, in shell","2013","2013","kg/ha","491.5","E","Estimated value",""
"QCL","Crops and livestock products","203","Czechia","5510","Production","01376","Walnuts, in shell","2013","2013","t","98.29","I","Value imputed by a receiving agency",""
"QCL","Crops and livestock products","203","Czechia","5312","Area harvested","01376","Walnuts, in shell","2014","2014","ha","190","A","Official value",""
"QCL","Crops and livestock products","203","Czechia","5412","Yield","01376","Walnuts, in shell","2014","2014","kg/ha","347.4","A","Official value",""
"QCL","Crops and livestock products","203","Czechia","5510","Production","01376","Walnuts, in shell","2014","2014","t","66","A","Official value",""
"QCL","Crops and livestock products","203","Czechia","5312","Area harvested","01376","Walnuts, in shell","2015","2015","ha","129","A","Official value",""
"QCL","Crops and livestock products","203","Czechia","5412","Yield","01376","Walnuts, in shell","2015","2015","kg/ha","1403.1","A","Official value",""
"QCL","Crops and livestock products","203","Czechia","5510","Production","01376","Walnuts, in shell","2015","2015","t","181","A","Official value",""
"QCL","Crops and livestock products","203","Czechia","5312","Area harvested","01376","Walnuts, in shell","2016","2016","ha","175","A","Official value",""
"QCL","Crops and livestock products","203","Czechia","5412","Yield","01376","Walnuts, in shell","2016","2016","kg/ha","520","A","Official value",""
"QCL","Crops and livestock products","203","Czechia","5510","Production","01376","Walnuts, in shell","2016","2016","t","91","A","Official value",""
"QCL","Crops and livestock products","203","Czechia","5312","Area harvested","01376","Walnuts, in shell","2017","2017","ha","186","A","Official value",""
"QCL","Crops and livestock products","203","Czechia","5412","Yield","01376","Walnuts, in shell","2017","2017","kg/ha","379.4","A","Official value",""
"QCL","Crops and livestock products","203","Czechia","5510","Production","01376","Walnuts, in shell","2017","2017","t","70.56","A","Official value",""
"QCL","Crops and livestock products","203","Czechia","5312","Area harvested","01376","Walnuts, in shell","2018","2018","ha","170","A","Official value",""
"QCL","Crops and livestock products","203","Czechia","5412","Yield","01376","Walnuts, in shell","2018","2018","kg/ha","882.4","A","Official value",""
"QCL","Crops and livestock products","203","Czechia","5510","Production","01376","Walnuts, in shell","2018","2018","t","150","A","Official value",""
"QCL","Crops and livestock products","203","Czechia","5312","Area harvested","01376","Walnuts, in shell","2019","2019","ha","130","A","Official value",""
"QCL","Crops and livestock products","203","Czechia","5412","Yield","01376","Walnuts, in shell","2019","2019","kg/ha","846.2","A","Official value",""
"QCL","Crops and livestock products","203","Czechia","5510","Production","01376","Walnuts, in shell","2019","2019","t","110","A","Official value",""
"QCL","Crops and livestock products","203","Czechia","5312","Area harvested","01376","Walnuts, in shell","2020","2020","ha","160","A","Official value",""
"QCL","Crops and livestock products","203","Czechia","5412","Yield","01376","Walnuts, in shell","2020","2020","kg/ha","625","A","Official value",""
"QCL","Crops and livestock products","203","Czechia","5510","Production","01376","Walnuts, in shell","2020","2020","t","100","A","Official value",""
"QCL","Crops and livestock products","203","Czechia","5312","Area harvested","01376","Walnuts, in shell","2021","2021","ha","130","A","Official value",""
"QCL","Crops and livestock products","203","Czechia","5412","Yield","01376","Walnuts, in shell","2021","2021","kg/ha","1384.6","A","Official value",""
"QCL","Crops and livestock products","203","Czechia","5510","Production","01376","Walnuts, in shell","2021","2021","t","180","A","Official value",""
"QCL","Crops and livestock products","203","Czechia","5312","Area harvested","01376","Walnuts, in shell","2022","2022","ha","140","A","Official value",""
"QCL","Crops and livestock products","203","Czechia","5412","Yield","01376","Walnuts, in shell","2022","2022","kg/ha","857.1","A","Official value",""
"QCL","Crops and livestock products","203","Czechia","5510","Production","01376","Walnuts, in shell","2022","2022","t","120","A","Official value",""
"QCL","Crops and livestock products","203","Czechia","5312","Area harvested","01376","Walnuts, in shell","2023","2023","ha","130","A","Official value",""
"QCL","Crops and livestock products","203","Czechia","5412","Yield","01376","Walnuts, in shell","2023","2023","kg/ha","923.1","A","Official value",""
"QCL","Crops and livestock products","203","Czechia","5510","Production","01376","Walnuts, in shell","2023","2023","t","120","A","Official value",""
"QCL","Crops and livestock products","203","Czechia","5312","Area harvested","01376","Walnuts, in shell","2024","2024","ha","120","A","Official value",""
"QCL","Crops and livestock products","203","Czechia","5412","Yield","01376","Walnuts, in shell","2024","2024","kg/ha","750","A","Official value",""
"QCL","Crops and livestock products","203","Czechia","5510","Production","01376","Walnuts, in shell","2024","2024","t","90","A","Official value",""
"QCL","Crops and livestock products","203","Czechia","5312","Area harvested","01221","Watermelons","2023","2023","ha","60","A","Official value",""
"QCL","Crops and livestock products","203","Czechia","5412","Yield","01221","Watermelons","2023","2023","kg/ha","41500","A","Official value",""
"QCL","Crops and livestock products","203","Czechia","5510","Production","01221","Watermelons","2023","2023","t","2490","A","Official value",""
"QCL","Crops and livestock products","203","Czechia","5312","Area harvested","01221","Watermelons","2024","2024","ha","40","A","Official value",""
"QCL","Crops and livestock products","203","Czechia","5412","Yield","01221","Watermelons","2024","2024","kg/ha","42750","A","Official value",""
"QCL","Crops and livestock products","203","Czechia","5510","Production","01221","Watermelons","2024","2024","t","1710","A","Official value",""
"QCL","Crops and livestock products","203","Czechia","5312","Area harvested","0111","Wheat","1993","1993","ha","780236","A","Official value",""
"QCL","Crops and livestock products","203","Czechia","5412","Yield","0111","Wheat","1993","1993","kg/ha","4235","A","Official value",""
"QCL","Crops and livestock products","203","Czechia","5510","Production","0111","Wheat","1993","1993","t","3304271","A","Official value",""
"QCL","Crops and livestock products","203","Czechia","5312","Area harvested","0111","Wheat","1994","1994","ha","810810","A","Official value",""
"QCL","Crops and livestock products","203","Czechia","5412","Yield","0111","Wheat","1994","1994","kg/ha","4580","A","Official value",""
"QCL","Crops and livestock products","203","Czechia","5510","Production","0111","Wheat","1994","1994","t","3713476","A","Official value",""
"QCL","Crops and livestock products","203","Czechia","5312","Area harvested","0111","Wheat","1995","1995","ha","830753","A","Official value",""
"QCL","Crops and livestock products","203","Czechia","5412","Yield","0111","Wheat","1995","1995","kg/ha","4601.6","A","Official value",""
"QCL","Crops and livestock products","203","Czechia","5510","Production","0111","Wheat","1995","1995","t","3822769","A","Official value",""
"QCL","Crops and livestock products","203","Czechia","5312","Area harvested","0111","Wheat","1996","1996","ha","798610","A","Official value",""
"QCL","Crops and livestock products","203","Czechia","5412","Yield","0111","Wheat","1996","1996","kg/ha","4667.1","A","Official value",""
"QCL","Crops and livestock products","203","Czechia","5510","Production","0111","Wheat","1996","1996","t","3727203","A","Official value",""
"QCL","Crops and livestock products","203","Czechia","5312","Area harvested","0111","Wheat","1997","1997","ha","825450","A","Official value",""
"QCL","Crops and livestock products","203","Czechia","5412","Yield","0111","Wheat","1997","1997","kg/ha","4410","A","Official value",""
"QCL","Crops and livestock products","203","Czechia","5510","Production","0111","Wheat","1997","1997","t","3640269","A","Official value",""
"QCL","Crops and livestock products","203","Czechia","5312","Area harvested","0111","Wheat","1998","1998","ha","912301","A","Official value",""
"QCL","Crops and livestock products","203","Czechia","5412","Yield","0111","Wheat","1998","1998","kg/ha","4214.3","A","Official value",""
"QCL","Crops and livestock products","203","Czechia","5510","Production","0111","Wheat","1998","1998","t","3844741","A","Official value",""
"QCL","Crops and livestock products","203","Czechia","5312","Area harvested","0111","Wheat","1999","1999","ha","867102","A","Official value",""
"QCL","Crops and livestock products","203","Czechia","5412","Yield","0111","Wheat","1999","1999","kg/ha","4645.7","A","Official value",""
"QCL","Crops and livestock products","203","Czechia","5510","Production","0111","Wheat","1999","1999","t","4028271","A","Official value",""
"QCL","Crops and livestock products","203","Czechia","5312","Area harvested","0111","Wheat","2000","2000","ha","970435","A","Official value",""
"QCL","Crops and livestock products","203","Czechia","5412","Yield","0111","Wheat","2000","2000","kg/ha","4208.5","A","Official value",""
"QCL","Crops and livestock products","203","Czechia","5510","Production","0111","Wheat","2000","2000","t","4084107","A","Official value",""
"QCL","Crops and livestock products","203","Czechia","5312","Area harvested","0111","Wheat","2001","2001","ha","923236","A","Official value",""
"QCL","Crops and livestock products","203","Czechia","5412","Yield","0111","Wheat","2001","2001","kg/ha","4848.3","A","Official value",""
"QCL","Crops and livestock products","203","Czechia","5510","Production","0111","Wheat","2001","2001","t","4476080","A","Official value",""
"QCL","Crops and livestock products","203","Czechia","5312","Area harvested","0111","Wheat","2002","2002","ha","848830","A","Official value",""
"QCL","Crops and livestock products","203","Czechia","5412","Yield","0111","Wheat","2002","2002","kg/ha","4555.1","A","Official value",""
"QCL","Crops and livestock products","203","Czechia","5510","Production","0111","Wheat","2002","2002","t","3866473","A","Official value",""
"QCL","Crops and livestock products","203","Czechia","5312","Area harvested","0111","Wheat","2003","2003","ha","648390","A","Official value",""
"QCL","Crops and livestock products","203","Czechia","5412","Yield","0111","Wheat","2003","2003","kg/ha","4068.4","A","Official value",""
"QCL","Crops and livestock products","203","Czechia","5510","Production","0111","Wheat","2003","2003","t","2637891","A","Official value",""
"QCL","Crops and livestock products","203","Czechia","5312","Area harvested","0111","Wheat","2004","2004","ha","863161","A","Official value",""
"QCL","Crops and livestock products","203","Czechia","5412","Yield","0111","Wheat","2004","2004","kg/ha","5841.9","A","Official value",""
"QCL","Crops and livestock products","203","Czechia","5510","Production","0111","Wheat","2004","2004","t","5042523","A","Official value",""
"QCL","Crops and livestock products","203","Czechia","5312","Area harvested","0111","Wheat","2005","2005","ha","820439","A","Official value",""
"QCL","Crops and livestock products","203","Czechia","5412","Yield","0111","Wheat","2005","2005","kg/ha","5052.2","A","Official value",""
"QCL","Crops and livestock products","203","Czechia","5510","Production","0111","Wheat","2005","2005","t","4145039","A","Official value",""
"QCL","Crops and livestock products","203","Czechia","5312","Area harvested","0111","Wheat","2006","2006","ha","781520","A","Official value",""
"QCL","Crops and livestock products","203","Czechia","5412","Yield","0111","Wheat","2006","2006","kg/ha","4486.5","A","Official value",""
"QCL","Crops and livestock products","203","Czechia","5510","Production","0111","Wheat","2006","2006","t","3506252","A","Official value",""
"QCL","Crops and livestock products","203","Czechia","5312","Area harvested","0111","Wheat","2007","2007","ha","810987","A","Official value",""
"QCL","Crops and livestock products","203","Czechia","5412","Yield","0111","Wheat","2007","2007","kg/ha","4857","A","Official value",""
"QCL","Crops and livestock products","203","Czechia","5510","Production","0111","Wheat","2007","2007","t","3938924","A","Official value",""
"QCL","Crops and livestock products","203","Czechia","5312","Area harvested","0111","Wheat","2008","2008","ha","802325","A","Official value",""
"QCL","Crops and livestock products","203","Czechia","5412","Yield","0111","Wheat","2008","2008","kg/ha","5772.6","A","Official value",""
"QCL","Crops and livestock products","203","Czechia","5510","Production","0111","Wheat","2008","2008","t","4631502","A","Official value",""
"QCL","Crops and livestock products","203","Czechia","5312","Area harvested","0111","Wheat","2009","2009","ha","831300","A","Official value",""
"QCL","Crops and livestock products","203","Czechia","5412","Yield","0111","Wheat","2009","2009","kg/ha","5242.5","A","Official value",""
"QCL","Crops and livestock products","203","Czechia","5510","Production","0111","Wheat","2009","2009","t","4358073","A","Official value",""
"QCL","Crops and livestock products","203","Czechia","5312","Area harvested","0111","Wheat","2010","2010","ha","833577","A","Official value",""
"QCL","Crops and livestock products","203","Czechia","5412","Yield","0111","Wheat","2010","2010","kg/ha","4992.4","A","Official value",""
"QCL","Crops and livestock products","203","Czechia","5510","Production","0111","Wheat","2010","2010","t","4161553","A","Official value",""
"QCL","Crops and livestock products","203","Czechia","5312","Area harvested","0111","Wheat","2011","2011","ha","863132","A","Official value",""
"QCL","Crops and livestock products","203","Czechia","5412","Yield","0111","Wheat","2011","2011","kg/ha","5692.1","A","Official value",""
"QCL","Crops and livestock products","203","Czechia","5510","Production","0111","Wheat","2011","2011","t","4913048","A","Official value",""
"QCL","Crops and livestock products","203","Czechia","5312","Area harvested","0111","Wheat","2012","2012","ha","815381","A","Official value",""
"QCL","Crops and livestock products","203","Czechia","5412","Yield","0111","Wheat","2012","2012","kg/ha","4315.6","A","Official value",""
"QCL","Crops and livestock products","203","Czechia","5510","Production","0111","Wheat","2012","2012","t","3518896","A","Official value",""
"QCL","Crops and livestock products","203","Czechia","5312","Area harvested","0111","Wheat","2013","2013","ha","829393","A","Official value",""
"QCL","Crops and livestock products","203","Czechia","5412","Yield","0111","Wheat","2013","2013","kg/ha","5667.6","A","Official value",""
"QCL","Crops and livestock products","203","Czechia","5510","Production","0111","Wheat","2013","2013","t","4700696","A","Official value",""
"QCL","Crops and livestock products","203","Czechia","5312","Area harvested","0111","Wheat","2014","2014","ha","835941","A","Official value",""
"QCL","Crops and livestock products","203","Czechia","5412","Yield","0111","Wheat","2014","2014","kg/ha","6510.4","A","Official value",""
"QCL","Crops and livestock products","203","Czechia","5510","Production","0111","Wheat","2014","2014","t","5442349","A","Official value",""
"QCL","Crops and livestock products","203","Czechia","5312","Area harvested","0111","Wheat","2015","2015","ha","829820","A","Official value",""
"QCL","Crops and livestock products","203","Czechia","5412","Yield","0111","Wheat","2015","2015","kg/ha","6355.9","A","Official value",""
"QCL","Crops and livestock products","203","Czechia","5510","Production","0111","Wheat","2015","2015","t","5274272","A","Official value",""
"QCL","Crops and livestock products","203","Czechia","5312","Area harvested","0111","Wheat","2016","2016","ha","839710","A","Official value",""
"QCL","Crops and livestock products","203","Czechia","5412","Yield","0111","Wheat","2016","2016","kg/ha","6495.9","A","Official value",""
"QCL","Crops and livestock products","203","Czechia","5510","Production","0111","Wheat","2016","2016","t","5454663","A","Official value",""
"QCL","Crops and livestock products","203","Czechia","5312","Area harvested","0111","Wheat","2017","2017","ha","832062","A","Official value",""
"QCL","Crops and livestock products","203","Czechia","5412","Yield","0111","Wheat","2017","2017","kg/ha","5670.5","A","Official value",""
"QCL","Crops and livestock products","203","Czechia","5510","Production","0111","Wheat","2017","2017","t","4718205.16","A","Official value",""
"QCL","Crops and livestock products","203","Czechia","5312","Area harvested","0111","Wheat","2018","2018","ha","819690","A","Official value",""
"QCL","Crops and livestock products","203","Czechia","5412","Yield","0111","Wheat","2018","2018","kg/ha","5389.6","A","Official value",""
"QCL","Crops and livestock products","203","Czechia","5510","Production","0111","Wheat","2018","2018","t","4417840","A","Official value",""
"QCL","Crops and livestock products","203","Czechia","5312","Area harvested","0111","Wheat","2019","2019","ha","839450","A","Official value",""
"QCL","Crops and livestock products","203","Czechia","5412","Yield","0111","Wheat","2019","2019","kg/ha","5732.5","A","Official value",""
"QCL","Crops and livestock products","203","Czechia","5510","Production","0111","Wheat","2019","2019","t","4812160","A","Official value",""
"QCL","Crops and livestock products","203","Czechia","5312","Area harvested","0111","Wheat","2020","2020","ha","798580","A","Official value",""
"QCL","Crops and livestock products","203","Czechia","5412","Yield","0111","Wheat","2020","2020","kg/ha","6138.9","A","Official value",""
"QCL","Crops and livestock products","203","Czechia","5510","Production","0111","Wheat","2020","2020","t","4902410","A","Official value",""
"QCL","Crops and livestock products","203","Czechia","5312","Area harvested","0111","Wheat","2021","2021","ha","784780","A","Official value",""
"QCL","Crops and livestock products","203","Czechia","5412","Yield","0111","Wheat","2021","2021","kg/ha","6321.4","A","Official value",""
"QCL","Crops and livestock products","203","Czechia","5510","Production","0111","Wheat","2021","2021","t","4960930","A","Official value",""
"QCL","Crops and livestock products","203","Czechia","5312","Area harvested","0111","Wheat","2022","2022","ha","854430","A","Official value",""
"QCL","Crops and livestock products","203","Czechia","5412","Yield","0111","Wheat","2022","2022","kg/ha","6072.7","A","Official value",""
"QCL","Crops and livestock products","203","Czechia","5510","Production","0111","Wheat","2022","2022","t","5188690","A","Official value",""
"QCL","Crops and livestock products","203","Czechia","5312","Area harvested","0111","Wheat","2023","2023","ha","817760","A","Official value",""
"QCL","Crops and livestock products","203","Czechia","5412","Yield","0111","Wheat","2023","2023","kg/ha","6435.1","A","Official value",""
"QCL","Crops and livestock products","203","Czechia","5510","Production","0111","Wheat","2023","2023","t","5262360","A","Official value",""
"QCL","Crops and livestock products","203","Czechia","5312","Area harvested","0111","Wheat","2024","2024","ha","776500","A","Official value",""
"QCL","Crops and livestock products","203","Czechia","5412","Yield","0111","Wheat","2024","2024","kg/ha","5956.7","A","Official value",""
"QCL","Crops and livestock products","203","Czechia","5510","Production","0111","Wheat","2024","2024","t","4625370","A","Official value",""
