Domain Code,Domain,Area Code (M49),Area,Element Code,Element,Item Code (CPC),Item,Year Code,Year,Months Code,Months,Unit,Value,Flag,Flag Description
"PP","Producer Prices","203","Czechia","5531","Producer Price (SLC/tonne)","01341","Apples","1993","1993","7021","Annual value","SLC","6550","A","Official value"
"PP","Producer Prices","203","Czechia","5531","Producer Price (SLC/tonne)","01341","Apples","1994","1994","7021","Annual value","SLC","6399","A","Official value"
"PP","Producer Prices","203","Czechia","5531","Producer Price (SLC/tonne)","01341","Apples","1995","1995","7021","Annual value","SLC","8828","A","Official value"
"PP","Producer Prices","203","Czechia","5531","Producer Price (SLC/tonne)","01341","Apples","1996","1996","7021","Annual value","SLC","11784","A","Official value"
"PP","Producer Prices","203","Czechia","5531","Producer Price (SLC/tonne)","01341","Apples","1997","1997","7021","Annual value","SLC","8409","A","Official value"
"PP","Producer Prices","203","Czechia","5531","Producer Price (SLC/tonne)","01341","Apples","1998","1998","7021","Annual value","SLC","7784","A","Official value"
"PP","Producer Prices","203","Czechia","5531","Producer Price (SLC/tonne)","01341","Apples","1999","1999","7021","Annual value","SLC","8219","A","Official value"
"PP","Producer Prices","203","Czechia","5531","Producer Price (SLC/tonne)","01341","Apples","2000","2000","7021","Annual value","SLC","7006","A","Official value"
"PP","Producer Prices","203","Czechia","5531","Producer Price (SLC/tonne)","01341","Apples","2001","2001","7021","Annual value","SLC","8470","A","Official value"
"PP","Producer Prices","203","Czechia","5531","Producer Price (SLC/tonne)","01341","Apples","2002","2002","7021","Annual value","SLC","8153","A","Official value"
"PP","Producer Prices","203","Czechia","5531","Producer Price (SLC/tonne)","01341","Apples","2003","2003","7021","Annual value","SLC","8225","A","Official value"
"PP","Producer Prices","203","Czechia","5531","Producer Price (SLC/tonne)","01341","Apples","2004","2004","7021","Annual value","SLC","8373","A","Official value"
"PP","Producer Prices","203","Czechia","5531","Producer Price (SLC/tonne)","01341","Apples","2005","2005","7021","Annual value","SLC","7790","A","Official value"
"PP","Producer Prices","203","Czechia","5531","Producer Price (SLC/tonne)","01341","Apples","2006","2006","7021","Annual value","SLC","8598","A","Official value"
"PP","Producer Prices","203","Czechia","5531","Producer Price (SLC/tonne)","01341","Apples","2007","2007","7021","Annual value","SLC","6443","A","Official value"
"PP","Producer Prices","203","Czechia","5531","Producer Price (SLC/tonne)","01341","Apples","2008","2008","7021","Annual value","SLC","4005","A","Official value"
"PP","Producer Prices","203","Czechia","5531","Producer Price (SLC/tonne)","01341","Apples","2009","2009","7021","Annual value","SLC","2983","A","Official value"
"PP","Producer Prices","203","Czechia","5531","Producer Price (SLC/tonne)","01341","Apples","2010","2010","7021","Annual value","SLC","4205.2","A","Official value"
"PP","Producer Prices","203","Czechia","5531","Producer Price (SLC/tonne)","01341","Apples","2011","2011","7021","Annual value","SLC","4806.5","A","Official value"
"PP","Producer Prices","203","Czechia","5531","Producer Price (SLC/tonne)","01341","Apples","2012","2012","7021","Annual value","SLC","4841.3","A","Official value"
"PP","Producer Prices","203","Czechia","5531","Producer Price (SLC/tonne)","01341","Apples","2013","2013","7021","Annual value","SLC","7198.4","A","Official value"
"PP","Producer Prices","203","Czechia","5531","Producer Price (SLC/tonne)","01341","Apples","2014","2014","7021","Annual value","SLC","7279.8","A","Official value"
"PP","Producer Prices","203","Czechia","5531","Producer Price (SLC/tonne)","01341","Apples","2015","2015","7021","Annual value","SLC","6648","A","Official value"
"PP","Producer Prices","203","Czechia","5531","Producer Price (SLC/tonne)","01341","Apples","2016","2016","7021","Annual value","SLC","6547","A","Official value"
"PP","Producer Prices","203","Czechia","5531","Producer Price (SLC/tonne)","01341","Apples","2017","2017","7021","Annual value","SLC","9346.4","A","Official value"
"PP","Producer Prices","203","Czechia","5531","Producer Price (SLC/tonne)","01341","Apples","2018","2018","7021","Annual value","SLC","7644","A","Official value"
"PP","Producer Prices","203","Czechia","5531","Producer Price (SLC/tonne)","01341","Apples","2019","2019","7021","Annual value","SLC","7857","A","Official value"
"PP","Producer Prices","203","Czechia","5531","Producer Price (SLC/tonne)","01341","Apples","2020","2020","7021","Annual value","SLC","9784","A","Official value"
"PP","Producer Prices","203","Czechia","5531","Producer Price (SLC/tonne)","01341","Apples","2021","2021","7021","Annual value","SLC","9716.3","A","Official value"
"PP","Producer Prices","203","Czechia","5531","Producer Price (SLC/tonne)","01341","Apples","2022","2022","7021","Annual value","SLC","13362","A","Official value"
"PP","Producer Prices","203","Czechia","5531","Producer Price (SLC/tonne)","01341","Apples","2023","2023","7021","Annual value","SLC","14949","A","Official value"
"PP","Producer Prices","203","Czechia","5531","Producer Price (SLC/tonne)","01341","Apples","2024","2024","7021","Annual value","SLC","17697","A","Official value"
"PP","Producer Prices","203","Czechia","5531","Producer Price (SLC/tonne)","01343","Apricots","1993","1993","7021","Annual value","SLC","12666","A","Official value"
"PP","Producer Prices","203","Czechia","5531","Producer Price (SLC/tonne)","01343","Apricots","1994","1994","7021","Annual value","SLC","14995","A","Official value"
"PP","Producer Prices","203","Czechia","5531","Producer Price (SLC/tonne)","01343","Apricots","1995","1995","7021","Annual value","SLC","11654","A","Official value"
"PP","Producer Prices","203","Czechia","5531","Producer Price (SLC/tonne)","01343","Apricots","1996","1996","7021","Annual value","SLC","11992","A","Official value"
"PP","Producer Prices","203","Czechia","5531","Producer Price (SLC/tonne)","01343","Apricots","1997","1997","7021","Annual value","SLC","13708","A","Official value"
"PP","Producer Prices","203","Czechia","5531","Producer Price (SLC/tonne)","01343","Apricots","1998","1998","7021","Annual value","SLC","17680","A","Official value"
"PP","Producer Prices","203","Czechia","5531","Producer Price (SLC/tonne)","01343","Apricots","1999","1999","7021","Annual value","SLC","11566","A","Official value"
"PP","Producer Prices","203","Czechia","5531","Producer Price (SLC/tonne)","01343","Apricots","2000","2000","7021","Annual value","SLC","13591","A","Official value"
"PP","Producer Prices","203","Czechia","5531","Producer Price (SLC/tonne)","01343","Apricots","2001","2001","7021","Annual value","SLC","18745","A","Official value"
"PP","Producer Prices","203","Czechia","5531","Producer Price (SLC/tonne)","01343","Apricots","2002","2002","7021","Annual value","SLC","22449","A","Official value"
"PP","Producer Prices","203","Czechia","5531","Producer Price (SLC/tonne)","01343","Apricots","2003","2003","7021","Annual value","SLC","15445","A","Official value"
"PP","Producer Prices","203","Czechia","5531","Producer Price (SLC/tonne)","01343","Apricots","2004","2004","7021","Annual value","SLC","13401","A","Official value"
"PP","Producer Prices","203","Czechia","5531","Producer Price (SLC/tonne)","01343","Apricots","2005","2005","7021","Annual value","SLC","19023","A","Official value"
"PP","Producer Prices","203","Czechia","5531","Producer Price (SLC/tonne)","01343","Apricots","2006","2006","7021","Annual value","SLC","13963","A","Official value"
"PP","Producer Prices","203","Czechia","5531","Producer Price (SLC/tonne)","01343","Apricots","2007","2007","7021","Annual value","SLC","16155","A","Official value"
"PP","Producer Prices","203","Czechia","5531","Producer Price (SLC/tonne)","01343","Apricots","2008","2008","7021","Annual value","SLC","19182","A","Official value"
"PP","Producer Prices","203","Czechia","5531","Producer Price (SLC/tonne)","01343","Apricots","2009","2009","7021","Annual value","SLC","14584","A","Official value"
"PP","Producer Prices","203","Czechia","5531","Producer Price (SLC/tonne)","01343","Apricots","2010","2010","7021","Annual value","SLC","19884","A","Official value"
"PP","Producer Prices","203","Czechia","5531","Producer Price (SLC/tonne)","01343","Apricots","2011","2011","7021","Annual value","SLC","20143","A","Official value"
"PP","Producer Prices","203","Czechia","5531","Producer Price (SLC/tonne)","01343","Apricots","2012","2012","7021","Annual value","SLC","24120","A","Official value"
"PP","Producer Prices","203","Czechia","5531","Producer Price (SLC/tonne)","01343","Apricots","2013","2013","7021","Annual value","SLC","22835","A","Official value"
"PP","Producer Prices","203","Czechia","5531","Producer Price (SLC/tonne)","01343","Apricots","2014","2014","7021","Annual value","SLC","21924","A","Official value"
"PP","Producer Prices","203","Czechia","5531","Producer Price (SLC/tonne)","01343","Apricots","2015","2015","7021","Annual value","SLC","22225","A","Official value"
"PP","Producer Prices","203","Czechia","5531","Producer Price (SLC/tonne)","01343","Apricots","2016","2016","7021","Annual value","SLC","27650","A","Official value"
"PP","Producer Prices","203","Czechia","5531","Producer Price (SLC/tonne)","01343","Apricots","2017","2017","7021","Annual value","SLC","26233","A","Official value"
"PP","Producer Prices","203","Czechia","5531","Producer Price (SLC/tonne)","01343","Apricots","2018","2018","7021","Annual value","SLC","21940","A","Official value"
"PP","Producer Prices","203","Czechia","5531","Producer Price (SLC/tonne)","01343","Apricots","2019","2019","7021","Annual value","SLC","23767","A","Official value"
"PP","Producer Prices","203","Czechia","5531","Producer Price (SLC/tonne)","01343","Apricots","2020","2020","7021","Annual value","SLC","34448","A","Official value"
"PP","Producer Prices","203","Czechia","5531","Producer Price (SLC/tonne)","01343","Apricots","2021","2021","7021","Annual value","SLC","23926","A","Official value"
"PP","Producer Prices","203","Czechia","5531","Producer Price (SLC/tonne)","01343","Apricots","2022","2022","7021","Annual value","SLC","33485","A","Official value"
"PP","Producer Prices","203","Czechia","5531","Producer Price (SLC/tonne)","01343","Apricots","2023","2023","7021","Annual value","SLC","57700","A","Official value"
"PP","Producer Prices","203","Czechia","5531","Producer Price (SLC/tonne)","01343","Apricots","2024","2024","7021","Annual value","SLC","29177","A","Official value"
"PP","Producer Prices","203","Czechia","5531","Producer Price (SLC/tonne)","0115","Barley","1993","1993","7021","Annual value","SLC","2709","A","Official value"
"PP","Producer Prices","203","Czechia","5531","Producer Price (SLC/tonne)","0115","Barley","1994","1994","7021","Annual value","SLC","2466","A","Official value"
"PP","Producer Prices","203","Czechia","5531","Producer Price (SLC/tonne)","0115","Barley","1995","1995","7021","Annual value","SLC","2341","A","Official value"
"PP","Producer Prices","203","Czechia","5531","Producer Price (SLC/tonne)","0115","Barley","1996","1996","7021","Annual value","SLC","3145","A","Official value"
"PP","Producer Prices","203","Czechia","5531","Producer Price (SLC/tonne)","0115","Barley","1997","1997","7021","Annual value","SLC","3672","A","Official value"
"PP","Producer Prices","203","Czechia","5531","Producer Price (SLC/tonne)","0115","Barley","1998","1998","7021","Annual value","SLC","3149","A","Official value"
"PP","Producer Prices","203","Czechia","5531","Producer Price (SLC/tonne)","0115","Barley","1999","1999","7021","Annual value","SLC","2479","A","Official value"
"PP","Producer Prices","203","Czechia","5531","Producer Price (SLC/tonne)","0115","Barley","2000","2000","7021","Annual value","SLC","3265","A","Official value"
"PP","Producer Prices","203","Czechia","5531","Producer Price (SLC/tonne)","0115","Barley","2001","2001","7021","Annual value","SLC","3970","A","Official value"
"PP","Producer Prices","203","Czechia","5531","Producer Price (SLC/tonne)","0115","Barley","2002","2002","7021","Annual value","SLC","4029","A","Official value"
"PP","Producer Prices","203","Czechia","5531","Producer Price (SLC/tonne)","0115","Barley","2003","2003","7021","Annual value","SLC","3540","A","Official value"
"PP","Producer Prices","203","Czechia","5531","Producer Price (SLC/tonne)","0115","Barley","2004","2004","7021","Annual value","SLC","3654","A","Official value"
"PP","Producer Prices","203","Czechia","5531","Producer Price (SLC/tonne)","0115","Barley","2005","2005","7021","Annual value","SLC","2796","A","Official value"
"PP","Producer Prices","203","Czechia","5531","Producer Price (SLC/tonne)","0115","Barley","2006","2006","7021","Annual value","SLC","3252","A","Official value"
"PP","Producer Prices","203","Czechia","5531","Producer Price (SLC/tonne)","0115","Barley","2007","2007","7021","Annual value","SLC","4335","A","Official value"
"PP","Producer Prices","203","Czechia","5531","Producer Price (SLC/tonne)","0115","Barley","2008","2008","7021","Annual value","SLC","5371","A","Official value"
"PP","Producer Prices","203","Czechia","5531","Producer Price (SLC/tonne)","0115","Barley","2009","2009","7021","Annual value","SLC","3341","A","Official value"
"PP","Producer Prices","203","Czechia","5531","Producer Price (SLC/tonne)","0115","Barley","2010","2010","7021","Annual value","SLC","3126","A","Official value"
"PP","Producer Prices","203","Czechia","5531","Producer Price (SLC/tonne)","0115","Barley","2011","2011","7021","Annual value","SLC","4527.1","A","Official value"
"PP","Producer Prices","203","Czechia","5531","Producer Price (SLC/tonne)","0115","Barley","2012","2012","7021","Annual value","SLC","4924.7","A","Official value"
"PP","Producer Prices","203","Czechia","5531","Producer Price (SLC/tonne)","0115","Barley","2013","2013","7021","Annual value","SLC","5170","A","Official value"
"PP","Producer Prices","203","Czechia","5531","Producer Price (SLC/tonne)","0115","Barley","2014","2014","7021","Annual value","SLC","5122","A","Official value"
"PP","Producer Prices","203","Czechia","5531","Producer Price (SLC/tonne)","0115","Barley","2015","2015","7021","Annual value","SLC","4412","A","Official value"
"PP","Producer Prices","203","Czechia","5531","Producer Price (SLC/tonne)","0115","Barley","2016","2016","7021","Annual value","SLC","4007","A","Official value"
"PP","Producer Prices","203","Czechia","5531","Producer Price (SLC/tonne)","0115","Barley","2017","2017","7021","Annual value","SLC","4010.3","A","Official value"
"PP","Producer Prices","203","Czechia","5531","Producer Price (SLC/tonne)","0115","Barley","2018","2018","7021","Annual value","SLC","4348","A","Official value"
"PP","Producer Prices","203","Czechia","5531","Producer Price (SLC/tonne)","0115","Barley","2019","2019","7021","Annual value","SLC","4706","A","Official value"
"PP","Producer Prices","203","Czechia","5531","Producer Price (SLC/tonne)","0115","Barley","2020","2020","7021","Annual value","SLC","4367","A","Official value"
"PP","Producer Prices","203","Czechia","5531","Producer Price (SLC/tonne)","0115","Barley","2021","2021","7021","Annual value","SLC","4600.3","A","Official value"
"PP","Producer Prices","203","Czechia","5531","Producer Price (SLC/tonne)","0115","Barley","2022","2022","7021","Annual value","SLC","7078","A","Official value"
"PP","Producer Prices","203","Czechia","5531","Producer Price (SLC/tonne)","0115","Barley","2023","2023","7021","Annual value","SLC","6910","A","Official value"
"PP","Producer Prices","203","Czechia","5531","Producer Price (SLC/tonne)","0115","Barley","2024","2024","7021","Annual value","SLC","5933","A","Official value"
"PP","Producer Prices","203","Czechia","5531","Producer Price (SLC/tonne)","01701","Beans, dry","1993","1993","7021","Annual value","SLC","15617","A","Official value"
"PP","Producer Prices","203","Czechia","5531","Producer Price (SLC/tonne)","01701","Beans, dry","1994","1994","7021","Annual value","SLC","15000","A","Official value"
"PP","Producer Prices","203","Czechia","5531","Producer Price (SLC/tonne)","01701","Beans, dry","1995","1995","7021","Annual value","SLC","19688","A","Official value"
"PP","Producer Prices","203","Czechia","5531","Producer Price (SLC/tonne)","01701","Beans, dry","1996","1996","7021","Annual value","SLC","24273","A","Official value"
"PP","Producer Prices","203","Czechia","5531","Producer Price (SLC/tonne)","01701","Beans, dry","1997","1997","7021","Annual value","SLC","23832","A","Official value"
"PP","Producer Prices","203","Czechia","5531","Producer Price (SLC/tonne)","01701","Beans, dry","1998","1998","7021","Annual value","SLC","25068","A","Official value"
"PP","Producer Prices","203","Czechia","5531","Producer Price (SLC/tonne)","01701","Beans, dry","1999","1999","7021","Annual value","SLC","23139","A","Official value"
"PP","Producer Prices","203","Czechia","5531","Producer Price (SLC/tonne)","01701","Beans, dry","2000","2000","7021","Annual value","SLC","27759","A","Official value"
"PP","Producer Prices","203","Czechia","5531","Producer Price (SLC/tonne)","01212","Cabbages","1993","1993","7021","Annual value","SLC","4003","A","Official value"
"PP","Producer Prices","203","Czechia","5531","Producer Price (SLC/tonne)","01212","Cabbages","1994","1994","7021","Annual value","SLC","3480","A","Official value"
"PP","Producer Prices","203","Czechia","5531","Producer Price (SLC/tonne)","01212","Cabbages","1995","1995","7021","Annual value","SLC","3951","A","Official value"
"PP","Producer Prices","203","Czechia","5531","Producer Price (SLC/tonne)","01212","Cabbages","1996","1996","7021","Annual value","SLC","4083","A","Official value"
"PP","Producer Prices","203","Czechia","5531","Producer Price (SLC/tonne)","01212","Cabbages","1997","1997","7021","Annual value","SLC","3655","A","Official value"
"PP","Producer Prices","203","Czechia","5531","Producer Price (SLC/tonne)","01212","Cabbages","1998","1998","7021","Annual value","SLC","3525","A","Official value"
"PP","Producer Prices","203","Czechia","5531","Producer Price (SLC/tonne)","01212","Cabbages","1999","1999","7021","Annual value","SLC","3523","A","Official value"
"PP","Producer Prices","203","Czechia","5531","Producer Price (SLC/tonne)","01212","Cabbages","2000","2000","7021","Annual value","SLC","3450","A","Official value"
"PP","Producer Prices","203","Czechia","5531","Producer Price (SLC/tonne)","01212","Cabbages","2001","2001","7021","Annual value","SLC","3479","A","Official value"
"PP","Producer Prices","203","Czechia","5531","Producer Price (SLC/tonne)","01212","Cabbages","2002","2002","7021","Annual value","SLC","4168","A","Official value"
"PP","Producer Prices","203","Czechia","5531","Producer Price (SLC/tonne)","01212","Cabbages","2003","2003","7021","Annual value","SLC","4184","A","Official value"
"PP","Producer Prices","203","Czechia","5531","Producer Price (SLC/tonne)","01212","Cabbages","2004","2004","7021","Annual value","SLC","2751","A","Official value"
"PP","Producer Prices","203","Czechia","5531","Producer Price (SLC/tonne)","01212","Cabbages","2005","2005","7021","Annual value","SLC","5045","A","Official value"
"PP","Producer Prices","203","Czechia","5531","Producer Price (SLC/tonne)","01212","Cabbages","2006","2006","7021","Annual value","SLC","5189","A","Official value"
"PP","Producer Prices","203","Czechia","5531","Producer Price (SLC/tonne)","01212","Cabbages","2007","2007","7021","Annual value","SLC","4746","A","Official value"
"PP","Producer Prices","203","Czechia","5531","Producer Price (SLC/tonne)","01212","Cabbages","2008","2008","7021","Annual value","SLC","3652","A","Official value"
"PP","Producer Prices","203","Czechia","5531","Producer Price (SLC/tonne)","01212","Cabbages","2009","2009","7021","Annual value","SLC","3383","A","Official value"
"PP","Producer Prices","203","Czechia","5531","Producer Price (SLC/tonne)","01212","Cabbages","2010","2010","7021","Annual value","SLC","5204","A","Official value"
"PP","Producer Prices","203","Czechia","5531","Producer Price (SLC/tonne)","01212","Cabbages","2011","2011","7021","Annual value","SLC","3315.1","A","Official value"
"PP","Producer Prices","203","Czechia","5531","Producer Price (SLC/tonne)","01212","Cabbages","2012","2012","7021","Annual value","SLC","3888.9","A","Official value"
"PP","Producer Prices","203","Czechia","5531","Producer Price (SLC/tonne)","01212","Cabbages","2013","2013","7021","Annual value","SLC","6357","A","Official value"
"PP","Producer Prices","203","Czechia","5531","Producer Price (SLC/tonne)","01212","Cabbages","2014","2014","7021","Annual value","SLC","6383.6","A","Official value"
"PP","Producer Prices","203","Czechia","5531","Producer Price (SLC/tonne)","01212","Cabbages","2015","2015","7021","Annual value","SLC","6679","A","Official value"
"PP","Producer Prices","203","Czechia","5531","Producer Price (SLC/tonne)","01212","Cabbages","2016","2016","7021","Annual value","SLC","7095","A","Official value"
"PP","Producer Prices","203","Czechia","5531","Producer Price (SLC/tonne)","01212","Cabbages","2017","2017","7021","Annual value","SLC","5018.7","A","Official value"
"PP","Producer Prices","203","Czechia","5531","Producer Price (SLC/tonne)","01212","Cabbages","2018","2018","7021","Annual value","SLC","7043","A","Official value"
"PP","Producer Prices","203","Czechia","5531","Producer Price (SLC/tonne)","01212","Cabbages","2019","2019","7021","Annual value","SLC","8479","A","Official value"
"PP","Producer Prices","203","Czechia","5531","Producer Price (SLC/tonne)","01212","Cabbages","2020","2020","7021","Annual value","SLC","6631","A","Official value"
"PP","Producer Prices","203","Czechia","5531","Producer Price (SLC/tonne)","01212","Cabbages","2021","2021","7021","Annual value","SLC","7390.6","A","Official value"
"PP","Producer Prices","203","Czechia","5531","Producer Price (SLC/tonne)","01212","Cabbages","2022","2022","7021","Annual value","SLC","10100.6","A","Official value"
"PP","Producer Prices","203","Czechia","5531","Producer Price (SLC/tonne)","01212","Cabbages","2023","2023","7021","Annual value","SLC","8577.6","A","Official value"
"PP","Producer Prices","203","Czechia","5531","Producer Price (SLC/tonne)","01212","Cabbages","2024","2024","7021","Annual value","SLC","8995.8","A","Official value"
"PP","Producer Prices","203","Czechia","5531","Producer Price (SLC/tonne)","01229","Cantaloupes and other melons","1993","1993","7021","Annual value","SLC","5127","A","Official value"
"PP","Producer Prices","203","Czechia","5531","Producer Price (SLC/tonne)","01251","Carrots and turnips","1993","1993","7021","Annual value","SLC","4947","A","Official value"
"PP","Producer Prices","203","Czechia","5531","Producer Price (SLC/tonne)","01251","Carrots and turnips","1994","1994","7021","Annual value","SLC","4476","A","Official value"
"PP","Producer Prices","203","Czechia","5531","Producer Price (SLC/tonne)","01251","Carrots and turnips","1995","1995","7021","Annual value","SLC","5389","A","Official value"
"PP","Producer Prices","203","Czechia","5531","Producer Price (SLC/tonne)","01251","Carrots and turnips","1996","1996","7021","Annual value","SLC","5427","A","Official value"
"PP","Producer Prices","203","Czechia","5531","Producer Price (SLC/tonne)","01251","Carrots and turnips","1997","1997","7021","Annual value","SLC","5367","A","Official value"
"PP","Producer Prices","203","Czechia","5531","Producer Price (SLC/tonne)","01251","Carrots and turnips","1998","1998","7021","Annual value","SLC","5554","A","Official value"
"PP","Producer Prices","203","Czechia","5531","Producer Price (SLC/tonne)","01251","Carrots and turnips","1999","1999","7021","Annual value","SLC","5994","A","Official value"
"PP","Producer Prices","203","Czechia","5531","Producer Price (SLC/tonne)","01251","Carrots and turnips","2000","2000","7021","Annual value","SLC","5179","A","Official value"
"PP","Producer Prices","203","Czechia","5531","Producer Price (SLC/tonne)","01251","Carrots and turnips","2001","2001","7021","Annual value","SLC","5412","A","Official value"
"PP","Producer Prices","203","Czechia","5531","Producer Price (SLC/tonne)","01251","Carrots and turnips","2002","2002","7021","Annual value","SLC","5693","A","Official value"
"PP","Producer Prices","203","Czechia","5531","Producer Price (SLC/tonne)","01251","Carrots and turnips","2003","2003","7021","Annual value","SLC","5992","A","Official value"
"PP","Producer Prices","203","Czechia","5531","Producer Price (SLC/tonne)","01251","Carrots and turnips","2004","2004","7021","Annual value","SLC","4991","A","Official value"
"PP","Producer Prices","203","Czechia","5531","Producer Price (SLC/tonne)","01251","Carrots and turnips","2005","2005","7021","Annual value","SLC","8448","A","Official value"
"PP","Producer Prices","203","Czechia","5531","Producer Price (SLC/tonne)","01251","Carrots and turnips","2006","2006","7021","Annual value","SLC","10173","A","Official value"
"PP","Producer Prices","203","Czechia","5531","Producer Price (SLC/tonne)","01251","Carrots and turnips","2007","2007","7021","Annual value","SLC","6515","A","Official value"
"PP","Producer Prices","203","Czechia","5531","Producer Price (SLC/tonne)","01251","Carrots and turnips","2008","2008","7021","Annual value","SLC","6107","A","Official value"
"PP","Producer Prices","203","Czechia","5531","Producer Price (SLC/tonne)","01251","Carrots and turnips","2009","2009","7021","Annual value","SLC","4655","A","Official value"
"PP","Producer Prices","203","Czechia","5531","Producer Price (SLC/tonne)","01251","Carrots and turnips","2010","2010","7021","Annual value","SLC","6509","A","Official value"
"PP","Producer Prices","203","Czechia","5531","Producer Price (SLC/tonne)","01251","Carrots and turnips","2011","2011","7021","Annual value","SLC","5400","A","Official value"
"PP","Producer Prices","203","Czechia","5531","Producer Price (SLC/tonne)","01251","Carrots and turnips","2012","2012","7021","Annual value","SLC","4986","A","Official value"
"PP","Producer Prices","203","Czechia","5531","Producer Price (SLC/tonne)","01251","Carrots and turnips","2013","2013","7021","Annual value","SLC","5254","A","Official value"
"PP","Producer Prices","203","Czechia","5531","Producer Price (SLC/tonne)","01251","Carrots and turnips","2014","2014","7021","Annual value","SLC","5047","A","Official value"
"PP","Producer Prices","203","Czechia","5531","Producer Price (SLC/tonne)","01251","Carrots and turnips","2015","2015","7021","Annual value","SLC","8047","A","Official value"
"PP","Producer Prices","203","Czechia","5531","Producer Price (SLC/tonne)","01251","Carrots and turnips","2016","2016","7021","Annual value","SLC","7608","A","Official value"
"PP","Producer Prices","203","Czechia","5531","Producer Price (SLC/tonne)","01251","Carrots and turnips","2017","2017","7021","Annual value","SLC","6790","A","Official value"
"PP","Producer Prices","203","Czechia","5531","Producer Price (SLC/tonne)","01251","Carrots and turnips","2018","2018","7021","Annual value","SLC","9353","A","Official value"
"PP","Producer Prices","203","Czechia","5531","Producer Price (SLC/tonne)","01251","Carrots and turnips","2019","2019","7021","Annual value","SLC","8464","A","Official value"
"PP","Producer Prices","203","Czechia","5531","Producer Price (SLC/tonne)","01251","Carrots and turnips","2020","2020","7021","Annual value","SLC","7734","A","Official value"
"PP","Producer Prices","203","Czechia","5531","Producer Price (SLC/tonne)","01251","Carrots and turnips","2021","2021","7021","Annual value","SLC","8013","A","Official value"
"PP","Producer Prices","203","Czechia","5531","Producer Price (SLC/tonne)","01251","Carrots and turnips","2022","2022","7021","Annual value","SLC","8742","A","Official value"
"PP","Producer Prices","203","Czechia","5531","Producer Price (SLC/tonne)","01251","Carrots and turnips","2023","2023","7021","Annual value","SLC","10931","A","Official value"
"PP","Producer Prices","203","Czechia","5531","Producer Price (SLC/tonne)","01251","Carrots and turnips","2024","2024","7021","Annual value","SLC","9788","A","Official value"
"PP","Producer Prices","203","Czechia","5531","Producer Price (SLC/tonne)","01213","Cauliflowers and broccoli","1993","1993","7021","Annual value","SLC","8425","A","Official value"
"PP","Producer Prices","203","Czechia","5531","Producer Price (SLC/tonne)","01213","Cauliflowers and broccoli","1994","1994","7021","Annual value","SLC","8929","A","Official value"
"PP","Producer Prices","203","Czechia","5531","Producer Price (SLC/tonne)","01213","Cauliflowers and broccoli","1995","1995","7021","Annual value","SLC","9671","A","Official value"
"PP","Producer Prices","203","Czechia","5531","Producer Price (SLC/tonne)","01213","Cauliflowers and broccoli","1996","1996","7021","Annual value","SLC","10299","A","Official value"
"PP","Producer Prices","203","Czechia","5531","Producer Price (SLC/tonne)","01213","Cauliflowers and broccoli","1997","1997","7021","Annual value","SLC","11890","A","Official value"
"PP","Producer Prices","203","Czechia","5531","Producer Price (SLC/tonne)","01213","Cauliflowers and broccoli","1998","1998","7021","Annual value","SLC","10439","A","Official value"
"PP","Producer Prices","203","Czechia","5531","Producer Price (SLC/tonne)","01213","Cauliflowers and broccoli","1999","1999","7021","Annual value","SLC","11085","A","Official value"
"PP","Producer Prices","203","Czechia","5531","Producer Price (SLC/tonne)","01213","Cauliflowers and broccoli","2000","2000","7021","Annual value","SLC","11765","A","Official value"
"PP","Producer Prices","203","Czechia","5531","Producer Price (SLC/tonne)","01213","Cauliflowers and broccoli","2001","2001","7021","Annual value","SLC","13145","A","Official value"
"PP","Producer Prices","203","Czechia","5531","Producer Price (SLC/tonne)","01213","Cauliflowers and broccoli","2002","2002","7021","Annual value","SLC","10143","A","Official value"
"PP","Producer Prices","203","Czechia","5531","Producer Price (SLC/tonne)","01213","Cauliflowers and broccoli","2003","2003","7021","Annual value","SLC","10531","A","Official value"
"PP","Producer Prices","203","Czechia","5531","Producer Price (SLC/tonne)","01213","Cauliflowers and broccoli","2004","2004","7021","Annual value","SLC","8551","A","Official value"
"PP","Producer Prices","203","Czechia","5531","Producer Price (SLC/tonne)","01213","Cauliflowers and broccoli","2005","2005","7021","Annual value","SLC","10735","A","Official value"
"PP","Producer Prices","203","Czechia","5531","Producer Price (SLC/tonne)","01213","Cauliflowers and broccoli","2006","2006","7021","Annual value","SLC","11635","A","Official value"
"PP","Producer Prices","203","Czechia","5531","Producer Price (SLC/tonne)","01213","Cauliflowers and broccoli","2007","2007","7021","Annual value","SLC","12094","A","Official value"
"PP","Producer Prices","203","Czechia","5531","Producer Price (SLC/tonne)","01213","Cauliflowers and broccoli","2008","2008","7021","Annual value","SLC","11171","A","Official value"
"PP","Producer Prices","203","Czechia","5531","Producer Price (SLC/tonne)","01213","Cauliflowers and broccoli","2009","2009","7021","Annual value","SLC","10902","A","Official value"
"PP","Producer Prices","203","Czechia","5531","Producer Price (SLC/tonne)","01213","Cauliflowers and broccoli","2010","2010","7021","Annual value","SLC","14127","A","Official value"
"PP","Producer Prices","203","Czechia","5531","Producer Price (SLC/tonne)","01213","Cauliflowers and broccoli","2011","2011","7021","Annual value","SLC","10870","A","Official value"
"PP","Producer Prices","203","Czechia","5531","Producer Price (SLC/tonne)","01213","Cauliflowers and broccoli","2012","2012","7021","Annual value","SLC","12406","A","Official value"
"PP","Producer Prices","203","Czechia","5531","Producer Price (SLC/tonne)","01213","Cauliflowers and broccoli","2013","2013","7021","Annual value","SLC","14532","A","Official value"
"PP","Producer Prices","203","Czechia","5531","Producer Price (SLC/tonne)","01213","Cauliflowers and broccoli","2014","2014","7021","Annual value","SLC","13174","A","Official value"
"PP","Producer Prices","203","Czechia","5531","Producer Price (SLC/tonne)","01213","Cauliflowers and broccoli","2015","2015","7021","Annual value","SLC","13706","A","Official value"
"PP","Producer Prices","203","Czechia","5531","Producer Price (SLC/tonne)","01213","Cauliflowers and broccoli","2016","2016","7021","Annual value","SLC","15437","A","Official value"
"PP","Producer Prices","203","Czechia","5531","Producer Price (SLC/tonne)","01213","Cauliflowers and broccoli","2017","2017","7021","Annual value","SLC","16094","A","Official value"
"PP","Producer Prices","203","Czechia","5531","Producer Price (SLC/tonne)","01213","Cauliflowers and broccoli","2018","2018","7021","Annual value","SLC","16816","A","Official value"
"PP","Producer Prices","203","Czechia","5531","Producer Price (SLC/tonne)","01213","Cauliflowers and broccoli","2019","2019","7021","Annual value","SLC","17467","A","Official value"
"PP","Producer Prices","203","Czechia","5531","Producer Price (SLC/tonne)","01213","Cauliflowers and broccoli","2020","2020","7021","Annual value","SLC","21215","A","Official value"
"PP","Producer Prices","203","Czechia","5531","Producer Price (SLC/tonne)","01213","Cauliflowers and broccoli","2021","2021","7021","Annual value","SLC","17661","A","Official value"
"PP","Producer Prices","203","Czechia","5531","Producer Price (SLC/tonne)","01213","Cauliflowers and broccoli","2022","2022","7021","Annual value","SLC","24457","A","Official value"
"PP","Producer Prices","203","Czechia","5531","Producer Price (SLC/tonne)","01213","Cauliflowers and broccoli","2023","2023","7021","Annual value","SLC","23969","A","Official value"
"PP","Producer Prices","203","Czechia","5531","Producer Price (SLC/tonne)","01213","Cauliflowers and broccoli","2024","2024","7021","Annual value","SLC","32265","A","Official value"
"PP","Producer Prices","203","Czechia","5531","Producer Price (SLC/tonne)","01344.02","Cherries","1993","1993","7021","Annual value","SLC","8756","A","Official value"
"PP","Producer Prices","203","Czechia","5531","Producer Price (SLC/tonne)","01344.02","Cherries","1994","1994","7021","Annual value","SLC","9768","A","Official value"
"PP","Producer Prices","203","Czechia","5531","Producer Price (SLC/tonne)","01344.02","Cherries","1995","1995","7021","Annual value","SLC","10459","A","Official value"
"PP","Producer Prices","203","Czechia","5531","Producer Price (SLC/tonne)","01344.02","Cherries","1996","1996","7021","Annual value","SLC","13050","A","Official value"
"PP","Producer Prices","203","Czechia","5531","Producer Price (SLC/tonne)","01344.02","Cherries","1997","1997","7021","Annual value","SLC","15499","A","Official value"
"PP","Producer Prices","203","Czechia","5531","Producer Price (SLC/tonne)","01344.02","Cherries","1998","1998","7021","Annual value","SLC","17610","A","Official value"
"PP","Producer Prices","203","Czechia","5531","Producer Price (SLC/tonne)","01344.02","Cherries","1999","1999","7021","Annual value","SLC","15462","A","Official value"
"PP","Producer Prices","203","Czechia","5531","Producer Price (SLC/tonne)","01344.02","Cherries","2000","2000","7021","Annual value","SLC","20915","A","Official value"
"PP","Producer Prices","203","Czechia","5531","Producer Price (SLC/tonne)","01344.02","Cherries","2001","2001","7021","Annual value","SLC","21435","A","Official value"
"PP","Producer Prices","203","Czechia","5531","Producer Price (SLC/tonne)","01344.02","Cherries","2002","2002","7021","Annual value","SLC","21727","A","Official value"
"PP","Producer Prices","203","Czechia","5531","Producer Price (SLC/tonne)","01344.02","Cherries","2003","2003","7021","Annual value","SLC","18976","A","Official value"
"PP","Producer Prices","203","Czechia","5531","Producer Price (SLC/tonne)","01344.02","Cherries","2004","2004","7021","Annual value","SLC","22664","A","Official value"
"PP","Producer Prices","203","Czechia","5531","Producer Price (SLC/tonne)","01344.02","Cherries","2005","2005","7021","Annual value","SLC","27190","A","Official value"
"PP","Producer Prices","203","Czechia","5531","Producer Price (SLC/tonne)","01344.02","Cherries","2006","2006","7021","Annual value","SLC","21347","A","Official value"
"PP","Producer Prices","203","Czechia","5531","Producer Price (SLC/tonne)","01344.02","Cherries","2007","2007","7021","Annual value","SLC","19900","A","Official value"
"PP","Producer Prices","203","Czechia","5531","Producer Price (SLC/tonne)","01344.02","Cherries","2008","2008","7021","Annual value","SLC","29366","A","Official value"
"PP","Producer Prices","203","Czechia","5531","Producer Price (SLC/tonne)","01344.02","Cherries","2009","2009","7021","Annual value","SLC","26460","A","Official value"
"PP","Producer Prices","203","Czechia","5531","Producer Price (SLC/tonne)","01344.02","Cherries","2010","2010","7021","Annual value","SLC","30314","A","Official value"
"PP","Producer Prices","203","Czechia","5531","Producer Price (SLC/tonne)","01344.02","Cherries","2011","2011","7021","Annual value","SLC","30601","A","Official value"
"PP","Producer Prices","203","Czechia","5531","Producer Price (SLC/tonne)","01344.02","Cherries","2012","2012","7021","Annual value","SLC","31757","A","Official value"
"PP","Producer Prices","203","Czechia","5531","Producer Price (SLC/tonne)","01344.02","Cherries","2013","2013","7021","Annual value","SLC","37120","A","Official value"
"PP","Producer Prices","203","Czechia","5531","Producer Price (SLC/tonne)","01344.02","Cherries","2014","2014","7021","Annual value","SLC","32490","A","Official value"
"PP","Producer Prices","203","Czechia","5531","Producer Price (SLC/tonne)","01344.02","Cherries","2015","2015","7021","Annual value","SLC","38638","A","Official value"
"PP","Producer Prices","203","Czechia","5531","Producer Price (SLC/tonne)","01344.02","Cherries","2016","2016","7021","Annual value","SLC","41621","A","Official value"
"PP","Producer Prices","203","Czechia","5531","Producer Price (SLC/tonne)","01344.02","Cherries","2017","2017","7021","Annual value","SLC","40207","A","Official value"
"PP","Producer Prices","203","Czechia","5531","Producer Price (SLC/tonne)","01344.02","Cherries","2018","2018","7021","Annual value","SLC","34313","A","Official value"
"PP","Producer Prices","203","Czechia","5531","Producer Price (SLC/tonne)","01344.02","Cherries","2019","2019","7021","Annual value","SLC","42556","A","Official value"
"PP","Producer Prices","203","Czechia","5531","Producer Price (SLC/tonne)","01344.02","Cherries","2020","2020","7021","Annual value","SLC","52293","A","Official value"
"PP","Producer Prices","203","Czechia","5531","Producer Price (SLC/tonne)","01344.02","Cherries","2021","2021","7021","Annual value","SLC","48837","A","Official value"
"PP","Producer Prices","203","Czechia","5531","Producer Price (SLC/tonne)","01344.02","Cherries","2022","2022","7021","Annual value","SLC","44768","A","Official value"
"PP","Producer Prices","203","Czechia","5531","Producer Price (SLC/tonne)","01344.02","Cherries","2023","2023","7021","Annual value","SLC","61002","A","Official value"
"PP","Producer Prices","203","Czechia","5531","Producer Price (SLC/tonne)","01344.02","Cherries","2024","2024","7021","Annual value","SLC","92028","A","Official value"
"PP","Producer Prices","203","Czechia","5531","Producer Price (SLC/tonne)","01652","Chillies and peppers, dry (Capsicum spp., Pimenta spp.), raw","1993","1993","7021","Annual value","SLC","56650","A","Official value"
"PP","Producer Prices","203","Czechia","5531","Producer Price (SLC/tonne)","01231","Chillies and peppers, green (Capsicum spp. and Pimenta spp.)","1993","1993","7021","Annual value","SLC","16837","A","Official value"
"PP","Producer Prices","203","Czechia","5531","Producer Price (SLC/tonne)","01231","Chillies and peppers, green (Capsicum spp. and Pimenta spp.)","1994","1994","7021","Annual value","SLC","22351","A","Official value"
"PP","Producer Prices","203","Czechia","5531","Producer Price (SLC/tonne)","01231","Chillies and peppers, green (Capsicum spp. and Pimenta spp.)","1995","1995","7021","Annual value","SLC","25883","A","Official value"
"PP","Producer Prices","203","Czechia","5531","Producer Price (SLC/tonne)","01231","Chillies and peppers, green (Capsicum spp. and Pimenta spp.)","1996","1996","7021","Annual value","SLC","26758","A","Official value"
"PP","Producer Prices","203","Czechia","5531","Producer Price (SLC/tonne)","01231","Chillies and peppers, green (Capsicum spp. and Pimenta spp.)","1997","1997","7021","Annual value","SLC","32291","A","Official value"
"PP","Producer Prices","203","Czechia","5531","Producer Price (SLC/tonne)","01231","Chillies and peppers, green (Capsicum spp. and Pimenta spp.)","1998","1998","7021","Annual value","SLC","28938","A","Official value"
"PP","Producer Prices","203","Czechia","5531","Producer Price (SLC/tonne)","01231","Chillies and peppers, green (Capsicum spp. and Pimenta spp.)","1999","1999","7021","Annual value","SLC","28208","A","Official value"
"PP","Producer Prices","203","Czechia","5531","Producer Price (SLC/tonne)","01231","Chillies and peppers, green (Capsicum spp. and Pimenta spp.)","2000","2000","7021","Annual value","SLC","16837","A","Official value"
"PP","Producer Prices","203","Czechia","5531","Producer Price (SLC/tonne)","01231","Chillies and peppers, green (Capsicum spp. and Pimenta spp.)","2001","2001","7021","Annual value","SLC","23276","A","Official value"
"PP","Producer Prices","203","Czechia","5531","Producer Price (SLC/tonne)","01231","Chillies and peppers, green (Capsicum spp. and Pimenta spp.)","2002","2002","7021","Annual value","SLC","17991","A","Official value"
"PP","Producer Prices","203","Czechia","5531","Producer Price (SLC/tonne)","01231","Chillies and peppers, green (Capsicum spp. and Pimenta spp.)","2003","2003","7021","Annual value","SLC","13980","A","Official value"
"PP","Producer Prices","203","Czechia","5531","Producer Price (SLC/tonne)","01231","Chillies and peppers, green (Capsicum spp. and Pimenta spp.)","2004","2004","7021","Annual value","SLC","15889","A","Official value"
"PP","Producer Prices","203","Czechia","5531","Producer Price (SLC/tonne)","01231","Chillies and peppers, green (Capsicum spp. and Pimenta spp.)","2005","2005","7021","Annual value","SLC","15414","A","Official value"
"PP","Producer Prices","203","Czechia","5531","Producer Price (SLC/tonne)","01231","Chillies and peppers, green (Capsicum spp. and Pimenta spp.)","2006","2006","7021","Annual value","SLC","18794","A","Official value"
"PP","Producer Prices","203","Czechia","5531","Producer Price (SLC/tonne)","01231","Chillies and peppers, green (Capsicum spp. and Pimenta spp.)","2007","2007","7021","Annual value","SLC","17067","A","Official value"
"PP","Producer Prices","203","Czechia","5531","Producer Price (SLC/tonne)","01231","Chillies and peppers, green (Capsicum spp. and Pimenta spp.)","2008","2008","7021","Annual value","SLC","18291","A","Official value"
"PP","Producer Prices","203","Czechia","5531","Producer Price (SLC/tonne)","01231","Chillies and peppers, green (Capsicum spp. and Pimenta spp.)","2009","2009","7021","Annual value","SLC","14023","A","Official value"
"PP","Producer Prices","203","Czechia","5531","Producer Price (SLC/tonne)","01231","Chillies and peppers, green (Capsicum spp. and Pimenta spp.)","2010","2010","7021","Annual value","SLC","18603","A","Official value"
"PP","Producer Prices","203","Czechia","5531","Producer Price (SLC/tonne)","01231","Chillies and peppers, green (Capsicum spp. and Pimenta spp.)","2011","2011","7021","Annual value","SLC","15188","A","Official value"
"PP","Producer Prices","203","Czechia","5531","Producer Price (SLC/tonne)","01231","Chillies and peppers, green (Capsicum spp. and Pimenta spp.)","2012","2012","7021","Annual value","SLC","16294","A","Official value"
"PP","Producer Prices","203","Czechia","5531","Producer Price (SLC/tonne)","01231","Chillies and peppers, green (Capsicum spp. and Pimenta spp.)","2013","2013","7021","Annual value","SLC","24213","A","Official value"
"PP","Producer Prices","203","Czechia","5531","Producer Price (SLC/tonne)","01231","Chillies and peppers, green (Capsicum spp. and Pimenta spp.)","2014","2014","7021","Annual value","SLC","23356","A","Official value"
"PP","Producer Prices","203","Czechia","5531","Producer Price (SLC/tonne)","01231","Chillies and peppers, green (Capsicum spp. and Pimenta spp.)","2015","2015","7021","Annual value","SLC","22953","A","Official value"
"PP","Producer Prices","203","Czechia","5531","Producer Price (SLC/tonne)","01231","Chillies and peppers, green (Capsicum spp. and Pimenta spp.)","2016","2016","7021","Annual value","SLC","19703","A","Official value"
"PP","Producer Prices","203","Czechia","5531","Producer Price (SLC/tonne)","01231","Chillies and peppers, green (Capsicum spp. and Pimenta spp.)","2017","2017","7021","Annual value","SLC","22471","A","Official value"
"PP","Producer Prices","203","Czechia","5531","Producer Price (SLC/tonne)","01231","Chillies and peppers, green (Capsicum spp. and Pimenta spp.)","2018","2018","7021","Annual value","SLC","21027","A","Official value"
"PP","Producer Prices","203","Czechia","5531","Producer Price (SLC/tonne)","01231","Chillies and peppers, green (Capsicum spp. and Pimenta spp.)","2019","2019","7021","Annual value","SLC","30146","A","Official value"
"PP","Producer Prices","203","Czechia","5531","Producer Price (SLC/tonne)","01231","Chillies and peppers, green (Capsicum spp. and Pimenta spp.)","2020","2020","7021","Annual value","SLC","23739","A","Official value"
"PP","Producer Prices","203","Czechia","5531","Producer Price (SLC/tonne)","01231","Chillies and peppers, green (Capsicum spp. and Pimenta spp.)","2021","2021","7021","Annual value","SLC","22325","A","Official value"
"PP","Producer Prices","203","Czechia","5531","Producer Price (SLC/tonne)","01231","Chillies and peppers, green (Capsicum spp. and Pimenta spp.)","2022","2022","7021","Annual value","SLC","26173","A","Official value"
"PP","Producer Prices","203","Czechia","5531","Producer Price (SLC/tonne)","01231","Chillies and peppers, green (Capsicum spp. and Pimenta spp.)","2023","2023","7021","Annual value","SLC","26951","A","Official value"
"PP","Producer Prices","203","Czechia","5531","Producer Price (SLC/tonne)","01231","Chillies and peppers, green (Capsicum spp. and Pimenta spp.)","2024","2024","7021","Annual value","SLC","26484","A","Official value"
"PP","Producer Prices","203","Czechia","5531","Producer Price (SLC/tonne)","01232","Cucumbers and gherkins","1993","1993","7021","Annual value","SLC","13685","A","Official value"
"PP","Producer Prices","203","Czechia","5531","Producer Price (SLC/tonne)","01232","Cucumbers and gherkins","1994","1994","7021","Annual value","SLC","15518","A","Official value"
"PP","Producer Prices","203","Czechia","5531","Producer Price (SLC/tonne)","01232","Cucumbers and gherkins","1995","1995","7021","Annual value","SLC","17404","A","Official value"
"PP","Producer Prices","203","Czechia","5531","Producer Price (SLC/tonne)","01232","Cucumbers and gherkins","1996","1996","7021","Annual value","SLC","17172","A","Official value"
"PP","Producer Prices","203","Czechia","5531","Producer Price (SLC/tonne)","01232","Cucumbers and gherkins","1997","1997","7021","Annual value","SLC","18997","A","Official value"
"PP","Producer Prices","203","Czechia","5531","Producer Price (SLC/tonne)","01232","Cucumbers and gherkins","1998","1998","7021","Annual value","SLC","21466","A","Official value"
"PP","Producer Prices","203","Czechia","5531","Producer Price (SLC/tonne)","01232","Cucumbers and gherkins","1999","1999","7021","Annual value","SLC","15807","A","Official value"
"PP","Producer Prices","203","Czechia","5531","Producer Price (SLC/tonne)","01232","Cucumbers and gherkins","2000","2000","7021","Annual value","SLC","13502","A","Official value"
"PP","Producer Prices","203","Czechia","5531","Producer Price (SLC/tonne)","01232","Cucumbers and gherkins","2001","2001","7021","Annual value","SLC","14709","A","Official value"
"PP","Producer Prices","203","Czechia","5531","Producer Price (SLC/tonne)","01232","Cucumbers and gherkins","2002","2002","7021","Annual value","SLC","11373","A","Official value"
"PP","Producer Prices","203","Czechia","5531","Producer Price (SLC/tonne)","01232","Cucumbers and gherkins","2003","2003","7021","Annual value","SLC","11971","A","Official value"
"PP","Producer Prices","203","Czechia","5531","Producer Price (SLC/tonne)","01232","Cucumbers and gherkins","2004","2004","7021","Annual value","SLC","13562","A","Official value"
"PP","Producer Prices","203","Czechia","5531","Producer Price (SLC/tonne)","01232","Cucumbers and gherkins","2005","2005","7021","Annual value","SLC","19689","A","Official value"
"PP","Producer Prices","203","Czechia","5531","Producer Price (SLC/tonne)","01232","Cucumbers and gherkins","2006","2006","7021","Annual value","SLC","17164","A","Official value"
"PP","Producer Prices","203","Czechia","5531","Producer Price (SLC/tonne)","01232","Cucumbers and gherkins","2007","2007","7021","Annual value","SLC","19669","A","Official value"
"PP","Producer Prices","203","Czechia","5531","Producer Price (SLC/tonne)","01232","Cucumbers and gherkins","2008","2008","7021","Annual value","SLC","19145","A","Official value"
"PP","Producer Prices","203","Czechia","5531","Producer Price (SLC/tonne)","01232","Cucumbers and gherkins","2009","2009","7021","Annual value","SLC","17743","A","Official value"
"PP","Producer Prices","203","Czechia","5531","Producer Price (SLC/tonne)","01232","Cucumbers and gherkins","2010","2010","7021","Annual value","SLC","18747","A","Official value"
"PP","Producer Prices","203","Czechia","5531","Producer Price (SLC/tonne)","01232","Cucumbers and gherkins","2011","2011","7021","Annual value","SLC","18784.9","A","Official value"
"PP","Producer Prices","203","Czechia","5531","Producer Price (SLC/tonne)","01232","Cucumbers and gherkins","2012","2012","7021","Annual value","SLC","18022.1","A","Official value"
"PP","Producer Prices","203","Czechia","5531","Producer Price (SLC/tonne)","01232","Cucumbers and gherkins","2013","2013","7021","Annual value","SLC","15364","A","Official value"
"PP","Producer Prices","203","Czechia","5531","Producer Price (SLC/tonne)","01232","Cucumbers and gherkins","2014","2014","7021","Annual value","SLC","15363.7","A","Official value"
"PP","Producer Prices","203","Czechia","5531","Producer Price (SLC/tonne)","01232","Cucumbers and gherkins","2015","2015","7021","Annual value","SLC","19745","A","Official value"
"PP","Producer Prices","203","Czechia","5531","Producer Price (SLC/tonne)","01232","Cucumbers and gherkins","2016","2016","7021","Annual value","SLC","19969","A","Official value"
"PP","Producer Prices","203","Czechia","5531","Producer Price (SLC/tonne)","01232","Cucumbers and gherkins","2017","2017","7021","Annual value","SLC","18581","A","Official value"
"PP","Producer Prices","203","Czechia","5531","Producer Price (SLC/tonne)","01232","Cucumbers and gherkins","2018","2018","7021","Annual value","SLC","22837","A","Official value"
"PP","Producer Prices","203","Czechia","5531","Producer Price (SLC/tonne)","01232","Cucumbers and gherkins","2019","2019","7021","Annual value","SLC","24168","A","Official value"
"PP","Producer Prices","203","Czechia","5531","Producer Price (SLC/tonne)","01232","Cucumbers and gherkins","2020","2020","7021","Annual value","SLC","23203","A","Official value"
"PP","Producer Prices","203","Czechia","5531","Producer Price (SLC/tonne)","01232","Cucumbers and gherkins","2021","2021","7021","Annual value","SLC","22442","A","Official value"
"PP","Producer Prices","203","Czechia","5531","Producer Price (SLC/tonne)","01232","Cucumbers and gherkins","2022","2022","7021","Annual value","SLC","23948","A","Official value"
"PP","Producer Prices","203","Czechia","5531","Producer Price (SLC/tonne)","01232","Cucumbers and gherkins","2023","2023","7021","Annual value","SLC","23913","A","Official value"
"PP","Producer Prices","203","Czechia","5531","Producer Price (SLC/tonne)","01232","Cucumbers and gherkins","2024","2024","7021","Annual value","SLC","30891","A","Official value"
"PP","Producer Prices","203","Czechia","5531","Producer Price (SLC/tonne)","01351.01","Currants","1993","1993","7021","Annual value","SLC","5172","A","Official value"
"PP","Producer Prices","203","Czechia","5531","Producer Price (SLC/tonne)","01351.01","Currants","1994","1994","7021","Annual value","SLC","5562","A","Official value"
"PP","Producer Prices","203","Czechia","5531","Producer Price (SLC/tonne)","01351.01","Currants","1995","1995","7021","Annual value","SLC","8070","A","Official value"
"PP","Producer Prices","203","Czechia","5531","Producer Price (SLC/tonne)","01351.01","Currants","1996","1996","7021","Annual value","SLC","12754","A","Official value"
"PP","Producer Prices","203","Czechia","5531","Producer Price (SLC/tonne)","01351.01","Currants","1997","1997","7021","Annual value","SLC","11133","A","Official value"
"PP","Producer Prices","203","Czechia","5531","Producer Price (SLC/tonne)","01351.01","Currants","1998","1998","7021","Annual value","SLC","11403","A","Official value"
"PP","Producer Prices","203","Czechia","5531","Producer Price (SLC/tonne)","01351.01","Currants","1999","1999","7021","Annual value","SLC","10847","A","Official value"
"PP","Producer Prices","203","Czechia","5531","Producer Price (SLC/tonne)","01351.01","Currants","2000","2000","7021","Annual value","SLC","12726","A","Official value"
"PP","Producer Prices","203","Czechia","5531","Producer Price (SLC/tonne)","01351.01","Currants","2001","2001","7021","Annual value","SLC","13468","A","Official value"
"PP","Producer Prices","203","Czechia","5531","Producer Price (SLC/tonne)","01351.01","Currants","2002","2002","7021","Annual value","SLC","12925","A","Official value"
"PP","Producer Prices","203","Czechia","5531","Producer Price (SLC/tonne)","01351.01","Currants","2003","2003","7021","Annual value","SLC","17545","A","Official value"
"PP","Producer Prices","203","Czechia","5531","Producer Price (SLC/tonne)","01351.01","Currants","2004","2004","7021","Annual value","SLC","5458","A","Official value"
"PP","Producer Prices","203","Czechia","5531","Producer Price (SLC/tonne)","01351.01","Currants","2005","2005","7021","Annual value","SLC","5201","A","Official value"
"PP","Producer Prices","203","Czechia","5531","Producer Price (SLC/tonne)","01351.01","Currants","2006","2006","7021","Annual value","SLC","5790","A","Official value"
"PP","Producer Prices","203","Czechia","5531","Producer Price (SLC/tonne)","01351.01","Currants","2007","2007","7021","Annual value","SLC","11874","A","Official value"
"PP","Producer Prices","203","Czechia","5531","Producer Price (SLC/tonne)","01351.01","Currants","2008","2008","7021","Annual value","SLC","7687","A","Official value"
"PP","Producer Prices","203","Czechia","5531","Producer Price (SLC/tonne)","01351.01","Currants","2009","2009","7021","Annual value","SLC","6796","A","Official value"
"PP","Producer Prices","203","Czechia","5531","Producer Price (SLC/tonne)","01351.01","Currants","2010","2010","7021","Annual value","SLC","7150","A","Official value"
"PP","Producer Prices","203","Czechia","5531","Producer Price (SLC/tonne)","01351.01","Currants","2011","2011","7021","Annual value","SLC","8676.7","A","Official value"
"PP","Producer Prices","203","Czechia","5531","Producer Price (SLC/tonne)","01351.01","Currants","2012","2012","7021","Annual value","SLC","7969.7","A","Official value"
"PP","Producer Prices","203","Czechia","5531","Producer Price (SLC/tonne)","01351.01","Currants","2013","2013","7021","Annual value","SLC","9079","A","Official value"
"PP","Producer Prices","203","Czechia","5531","Producer Price (SLC/tonne)","01351.01","Currants","2014","2014","7021","Annual value","SLC","9079.5","A","Official value"
"PP","Producer Prices","203","Czechia","5531","Producer Price (SLC/tonne)","01351.01","Currants","2015","2015","7021","Annual value","SLC","8758","A","Official value"
"PP","Producer Prices","203","Czechia","5531","Producer Price (SLC/tonne)","01351.01","Currants","2016","2016","7021","Annual value","SLC","12607","A","Official value"
"PP","Producer Prices","203","Czechia","5531","Producer Price (SLC/tonne)","26190.01","Flax, processed but not spun","1993","1993","7021","Annual value","SLC","3588","A","Official value"
"PP","Producer Prices","203","Czechia","5531","Producer Price (SLC/tonne)","26190.01","Flax, processed but not spun","1994","1994","7021","Annual value","SLC","3740","A","Official value"
"PP","Producer Prices","203","Czechia","5531","Producer Price (SLC/tonne)","26190.01","Flax, processed but not spun","1995","1995","7021","Annual value","SLC","4197","A","Official value"
"PP","Producer Prices","203","Czechia","5531","Producer Price (SLC/tonne)","26190.01","Flax, processed but not spun","1996","1996","7021","Annual value","SLC","3696","A","Official value"
"PP","Producer Prices","203","Czechia","5531","Producer Price (SLC/tonne)","26190.01","Flax, processed but not spun","1997","1997","7021","Annual value","SLC","3222","A","Official value"
"PP","Producer Prices","203","Czechia","5531","Producer Price (SLC/tonne)","26190.01","Flax, processed but not spun","1998","1998","7021","Annual value","SLC","3510","A","Official value"
"PP","Producer Prices","203","Czechia","5531","Producer Price (SLC/tonne)","26190.01","Flax, processed but not spun","1999","1999","7021","Annual value","SLC","4100","A","Official value"
"PP","Producer Prices","203","Czechia","5531","Producer Price (SLC/tonne)","26190.01","Flax, processed but not spun","2000","2000","7021","Annual value","SLC","3606","A","Official value"
"PP","Producer Prices","203","Czechia","5531","Producer Price (SLC/tonne)","26190.01","Flax, processed but not spun","2001","2001","7021","Annual value","SLC","4393","A","Official value"
"PP","Producer Prices","203","Czechia","5531","Producer Price (SLC/tonne)","26190.01","Flax, processed but not spun","2002","2002","7021","Annual value","SLC","4281","A","Official value"
"PP","Producer Prices","203","Czechia","5531","Producer Price (SLC/tonne)","26190.01","Flax, processed but not spun","2003","2003","7021","Annual value","SLC","4284","A","Official value"
"PP","Producer Prices","203","Czechia","5531","Producer Price (SLC/tonne)","26190.01","Flax, processed but not spun","2004","2004","7021","Annual value","SLC","3899","A","Official value"
"PP","Producer Prices","203","Czechia","5531","Producer Price (SLC/tonne)","26190.01","Flax, processed but not spun","2005","2005","7021","Annual value","SLC","4332","A","Official value"
"PP","Producer Prices","203","Czechia","5531","Producer Price (SLC/tonne)","26190.01","Flax, processed but not spun","2006","2006","7021","Annual value","SLC","3100","A","Official value"
"PP","Producer Prices","203","Czechia","5531","Producer Price (SLC/tonne)","26190.01","Flax, processed but not spun","2007","2007","7021","Annual value","SLC","2450","A","Official value"
"PP","Producer Prices","203","Czechia","5531","Producer Price (SLC/tonne)","01351.02","Gooseberries","1993","1993","7021","Annual value","SLC","3291","A","Official value"
"PP","Producer Prices","203","Czechia","5531","Producer Price (SLC/tonne)","01330","Grapes","1993","1993","7021","Annual value","SLC","6838","A","Official value"
"PP","Producer Prices","203","Czechia","5531","Producer Price (SLC/tonne)","01330","Grapes","1994","1994","7021","Annual value","SLC","8523","A","Official value"
"PP","Producer Prices","203","Czechia","5531","Producer Price (SLC/tonne)","01330","Grapes","1995","1995","7021","Annual value","SLC","9744","A","Official value"
"PP","Producer Prices","203","Czechia","5531","Producer Price (SLC/tonne)","01330","Grapes","1996","1996","7021","Annual value","SLC","13293","A","Official value"
"PP","Producer Prices","203","Czechia","5531","Producer Price (SLC/tonne)","01330","Grapes","1997","1997","7021","Annual value","SLC","14913","A","Official value"
"PP","Producer Prices","203","Czechia","5531","Producer Price (SLC/tonne)","01330","Grapes","1998","1998","7021","Annual value","SLC","12680","A","Official value"
"PP","Producer Prices","203","Czechia","5531","Producer Price (SLC/tonne)","01330","Grapes","1999","1999","7021","Annual value","SLC","10714","A","Official value"
"PP","Producer Prices","203","Czechia","5531","Producer Price (SLC/tonne)","01330","Grapes","2000","2000","7021","Annual value","SLC","13616","A","Official value"
"PP","Producer Prices","203","Czechia","5531","Producer Price (SLC/tonne)","01330","Grapes","2001","2001","7021","Annual value","SLC","13511","A","Official value"
"PP","Producer Prices","203","Czechia","5531","Producer Price (SLC/tonne)","01330","Grapes","2002","2002","7021","Annual value","SLC","14787","A","Official value"
"PP","Producer Prices","203","Czechia","5531","Producer Price (SLC/tonne)","01330","Grapes","2003","2003","7021","Annual value","SLC","14701","A","Official value"
"PP","Producer Prices","203","Czechia","5531","Producer Price (SLC/tonne)","01330","Grapes","2004","2004","7021","Annual value","SLC","14984","A","Official value"
"PP","Producer Prices","203","Czechia","5531","Producer Price (SLC/tonne)","01330","Grapes","2005","2005","7021","Annual value","SLC","13832","A","Official value"
"PP","Producer Prices","203","Czechia","5531","Producer Price (SLC/tonne)","01330","Grapes","2006","2006","7021","Annual value","SLC","13909","A","Official value"
"PP","Producer Prices","203","Czechia","5531","Producer Price (SLC/tonne)","01330","Grapes","2007","2007","7021","Annual value","SLC","14718","A","Official value"
"PP","Producer Prices","203","Czechia","5531","Producer Price (SLC/tonne)","01330","Grapes","2008","2008","7021","Annual value","SLC","17966","A","Official value"
"PP","Producer Prices","203","Czechia","5531","Producer Price (SLC/tonne)","01330","Grapes","2009","2009","7021","Annual value","SLC","11464","A","Official value"
"PP","Producer Prices","203","Czechia","5531","Producer Price (SLC/tonne)","01330","Grapes","2010","2010","7021","Annual value","SLC","16638","A","Official value"
"PP","Producer Prices","203","Czechia","5531","Producer Price (SLC/tonne)","01330","Grapes","2011","2011","7021","Annual value","SLC","16118","A","Official value"
"PP","Producer Prices","203","Czechia","5531","Producer Price (SLC/tonne)","01330","Grapes","2012","2012","7021","Annual value","SLC","16443","A","Official value"
"PP","Producer Prices","203","Czechia","5531","Producer Price (SLC/tonne)","01330","Grapes","2013","2013","7021","Annual value","SLC","15603","A","Official value"
"PP","Producer Prices","203","Czechia","5531","Producer Price (SLC/tonne)","01330","Grapes","2014","2014","7021","Annual value","SLC","16135","A","Official value"
"PP","Producer Prices","203","Czechia","5531","Producer Price (SLC/tonne)","01330","Grapes","2015","2015","7021","Annual value","SLC","17896","A","Official value"
"PP","Producer Prices","203","Czechia","5531","Producer Price (SLC/tonne)","01330","Grapes","2016","2016","7021","Annual value","SLC","19562","A","Official value"
"PP","Producer Prices","203","Czechia","5531","Producer Price (SLC/tonne)","01252","Green garlic","1993","1993","7021","Annual value","SLC","33230","A","Official value"
"PP","Producer Prices","203","Czechia","5531","Producer Price (SLC/tonne)","01252","Green garlic","1994","1994","7021","Annual value","SLC","33073","A","Official value"
"PP","Producer Prices","203","Czechia","5531","Producer Price (SLC/tonne)","01252","Green garlic","1995","1995","7021","Annual value","SLC","32409","A","Official value"
"PP","Producer Prices","203","Czechia","5531","Producer Price (SLC/tonne)","01252","Green garlic","1996","1996","7021","Annual value","SLC","29332","A","Official value"
"PP","Producer Prices","203","Czechia","5531","Producer Price (SLC/tonne)","01252","Green garlic","1997","1997","7021","Annual value","SLC","39030","A","Official value"
"PP","Producer Prices","203","Czechia","5531","Producer Price (SLC/tonne)","01252","Green garlic","1999","1999","7021","Annual value","SLC","33067","A","Official value"
"PP","Producer Prices","203","Czechia","5531","Producer Price (SLC/tonne)","01252","Green garlic","2000","2000","7021","Annual value","SLC","37730","A","Official value"
"PP","Producer Prices","203","Czechia","5531","Producer Price (SLC/tonne)","01252","Green garlic","2001","2001","7021","Annual value","SLC","34027","A","Official value"
"PP","Producer Prices","203","Czechia","5531","Producer Price (SLC/tonne)","01252","Green garlic","2002","2002","7021","Annual value","SLC","29301","A","Official value"
"PP","Producer Prices","203","Czechia","5531","Producer Price (SLC/tonne)","01252","Green garlic","2003","2003","7021","Annual value","SLC","31979","A","Official value"
"PP","Producer Prices","203","Czechia","5531","Producer Price (SLC/tonne)","01252","Green garlic","2004","2004","7021","Annual value","SLC","43481","A","Official value"
"PP","Producer Prices","203","Czechia","5531","Producer Price (SLC/tonne)","01252","Green garlic","2005","2005","7021","Annual value","SLC","42655","A","Official value"
"PP","Producer Prices","203","Czechia","5531","Producer Price (SLC/tonne)","01252","Green garlic","2006","2006","7021","Annual value","SLC","42991","A","Official value"
"PP","Producer Prices","203","Czechia","5531","Producer Price (SLC/tonne)","01252","Green garlic","2007","2007","7021","Annual value","SLC","53622","A","Official value"
"PP","Producer Prices","203","Czechia","5531","Producer Price (SLC/tonne)","01252","Green garlic","2008","2008","7021","Annual value","SLC","66183","A","Official value"
"PP","Producer Prices","203","Czechia","5531","Producer Price (SLC/tonne)","01252","Green garlic","2009","2009","7021","Annual value","SLC","58423","A","Official value"
"PP","Producer Prices","203","Czechia","5531","Producer Price (SLC/tonne)","01252","Green garlic","2010","2010","7021","Annual value","SLC","59340","A","Official value"
"PP","Producer Prices","203","Czechia","5531","Producer Price (SLC/tonne)","01252","Green garlic","2011","2011","7021","Annual value","SLC","113892","A","Official value"
"PP","Producer Prices","203","Czechia","5531","Producer Price (SLC/tonne)","01252","Green garlic","2012","2012","7021","Annual value","SLC","151786","A","Official value"
"PP","Producer Prices","203","Czechia","5531","Producer Price (SLC/tonne)","01252","Green garlic","2013","2013","7021","Annual value","SLC","109556","A","Official value"
"PP","Producer Prices","203","Czechia","5531","Producer Price (SLC/tonne)","01252","Green garlic","2014","2014","7021","Annual value","SLC","100188","A","Official value"
"PP","Producer Prices","203","Czechia","5531","Producer Price (SLC/tonne)","01252","Green garlic","2015","2015","7021","Annual value","SLC","135141","A","Official value"
"PP","Producer Prices","203","Czechia","5531","Producer Price (SLC/tonne)","01252","Green garlic","2016","2016","7021","Annual value","SLC","127812","A","Official value"
"PP","Producer Prices","203","Czechia","5531","Producer Price (SLC/tonne)","01252","Green garlic","2017","2017","7021","Annual value","SLC","114611","A","Official value"
"PP","Producer Prices","203","Czechia","5531","Producer Price (SLC/tonne)","01252","Green garlic","2018","2018","7021","Annual value","SLC","91538","A","Official value"
"PP","Producer Prices","203","Czechia","5531","Producer Price (SLC/tonne)","01252","Green garlic","2019","2019","7021","Annual value","SLC","90741","A","Official value"
"PP","Producer Prices","203","Czechia","5531","Producer Price (SLC/tonne)","01252","Green garlic","2020","2020","7021","Annual value","SLC","88823","A","Official value"
"PP","Producer Prices","203","Czechia","5531","Producer Price (SLC/tonne)","01252","Green garlic","2021","2021","7021","Annual value","SLC","95995","A","Official value"
"PP","Producer Prices","203","Czechia","5531","Producer Price (SLC/tonne)","01252","Green garlic","2022","2022","7021","Annual value","SLC","99183","A","Official value"
"PP","Producer Prices","203","Czechia","5531","Producer Price (SLC/tonne)","01252","Green garlic","2023","2023","7021","Annual value","SLC","135646","A","Official value"
"PP","Producer Prices","203","Czechia","5531","Producer Price (SLC/tonne)","01252","Green garlic","2024","2024","7021","Annual value","SLC","124000","A","Official value"
"PP","Producer Prices","203","Czechia","5531","Producer Price (SLC/tonne)","0231","Hen eggs in shell, fresh","1993","1993","7021","Annual value","SLC","25073","A","Official value"
"PP","Producer Prices","203","Czechia","5531","Producer Price (SLC/tonne)","0231","Hen eggs in shell, fresh","1994","1994","7021","Annual value","SLC","26605","A","Official value"
"PP","Producer Prices","203","Czechia","5531","Producer Price (SLC/tonne)","0231","Hen eggs in shell, fresh","1995","1995","7021","Annual value","SLC","24290","A","Official value"
"PP","Producer Prices","203","Czechia","5531","Producer Price (SLC/tonne)","0231","Hen eggs in shell, fresh","1996","1996","7021","Annual value","SLC","30320","A","Official value"
"PP","Producer Prices","203","Czechia","5531","Producer Price (SLC/tonne)","0231","Hen eggs in shell, fresh","1997","1997","7021","Annual value","SLC","33599","A","Official value"
"PP","Producer Prices","203","Czechia","5531","Producer Price (SLC/tonne)","0231","Hen eggs in shell, fresh","1998","1998","7021","Annual value","SLC","31790","A","Official value"
"PP","Producer Prices","203","Czechia","5531","Producer Price (SLC/tonne)","0231","Hen eggs in shell, fresh","1999","1999","7021","Annual value","SLC","26831","A","Official value"
"PP","Producer Prices","203","Czechia","5531","Producer Price (SLC/tonne)","0231","Hen eggs in shell, fresh","2000","2000","7021","Annual value","SLC","34333.6","A","Official value"
"PP","Producer Prices","203","Czechia","5531","Producer Price (SLC/tonne)","0231","Hen eggs in shell, fresh","2001","2001","7021","Annual value","SLC","31210.8","A","Official value"
"PP","Producer Prices","203","Czechia","5531","Producer Price (SLC/tonne)","0231","Hen eggs in shell, fresh","2002","2002","7021","Annual value","SLC","26105.5","A","Official value"
"PP","Producer Prices","203","Czechia","5531","Producer Price (SLC/tonne)","0231","Hen eggs in shell, fresh","2003","2003","7021","Annual value","SLC","28631.8","A","Official value"
"PP","Producer Prices","203","Czechia","5531","Producer Price (SLC/tonne)","0231","Hen eggs in shell, fresh","2004","2004","7021","Annual value","SLC","31351.1","A","Official value"
"PP","Producer Prices","203","Czechia","5531","Producer Price (SLC/tonne)","0231","Hen eggs in shell, fresh","2005","2005","7021","Annual value","SLC","25894.9","A","Official value"
"PP","Producer Prices","203","Czechia","5531","Producer Price (SLC/tonne)","0231","Hen eggs in shell, fresh","2006","2006","7021","Annual value","SLC","25947.6","A","Official value"
"PP","Producer Prices","203","Czechia","5531","Producer Price (SLC/tonne)","0231","Hen eggs in shell, fresh","2007","2007","7021","Annual value","SLC","30326","A","Official value"
"PP","Producer Prices","203","Czechia","5531","Producer Price (SLC/tonne)","0231","Hen eggs in shell, fresh","2008","2008","7021","Annual value","SLC","31739","A","Official value"
"PP","Producer Prices","203","Czechia","5531","Producer Price (SLC/tonne)","0231","Hen eggs in shell, fresh","2009","2009","7021","Annual value","SLC","31345.8","A","Official value"
"PP","Producer Prices","203","Czechia","5531","Producer Price (SLC/tonne)","0231","Hen eggs in shell, fresh","2010","2010","7021","Annual value","SLC","29599.6","A","Official value"
"PP","Producer Prices","203","Czechia","5531","Producer Price (SLC/tonne)","0231","Hen eggs in shell, fresh","2011","2011","7021","Annual value","SLC","25919.8","A","Official value"
"PP","Producer Prices","203","Czechia","5531","Producer Price (SLC/tonne)","0231","Hen eggs in shell, fresh","2012","2012","7021","Annual value","SLC","40220.9","A","Official value"
"PP","Producer Prices","203","Czechia","5531","Producer Price (SLC/tonne)","0231","Hen eggs in shell, fresh","2013","2013","7021","Annual value","SLC","32586","A","Official value"
"PP","Producer Prices","203","Czechia","5531","Producer Price (SLC/tonne)","0231","Hen eggs in shell, fresh","2014","2014","7021","Annual value","SLC","32070.4","A","Official value"
"PP","Producer Prices","203","Czechia","5531","Producer Price (SLC/tonne)","0231","Hen eggs in shell, fresh","2015","2015","7021","Annual value","SLC","33011.5","A","Official value"
"PP","Producer Prices","203","Czechia","5531","Producer Price (SLC/tonne)","0231","Hen eggs in shell, fresh","2016","2016","7021","Annual value","SLC","30473","A","Official value"
"PP","Producer Prices","203","Czechia","5531","Producer Price (SLC/tonne)","0231","Hen eggs in shell, fresh","2017","2017","7021","Annual value","SLC","37024.5","A","Official value"
"PP","Producer Prices","203","Czechia","5531","Producer Price (SLC/tonne)","0231","Hen eggs in shell, fresh","2018","2018","7021","Annual value","SLC","33456","A","Official value"
"PP","Producer Prices","203","Czechia","5531","Producer Price (SLC/tonne)","0231","Hen eggs in shell, fresh","2019","2019","7021","Annual value","SLC","31280","A","Official value"
"PP","Producer Prices","203","Czechia","5531","Producer Price (SLC/tonne)","0231","Hen eggs in shell, fresh","2020","2020","7021","Annual value","SLC","32511","A","Official value"
"PP","Producer Prices","203","Czechia","5531","Producer Price (SLC/tonne)","0231","Hen eggs in shell, fresh","2021","2021","7021","Annual value","SLC","33214.5","A","Official value"
"PP","Producer Prices","203","Czechia","5531","Producer Price (SLC/tonne)","0231","Hen eggs in shell, fresh","2022","2022","7021","Annual value","SLC","42579","A","Official value"
"PP","Producer Prices","203","Czechia","5531","Producer Price (SLC/tonne)","0231","Hen eggs in shell, fresh","2023","2023","7021","Annual value","SLC","54753","A","Official value"
"PP","Producer Prices","203","Czechia","5531","Producer Price (SLC/tonne)","0231","Hen eggs in shell, fresh","2024","2024","7021","Annual value","SLC","47499","A","Official value"
"PP","Producer Prices","203","Czechia","5531","Producer Price (SLC/tonne)","01659","Hop cones","1993","1993","7021","Annual value","SLC","177893","A","Official value"
"PP","Producer Prices","203","Czechia","5531","Producer Price (SLC/tonne)","01659","Hop cones","1994","1994","7021","Annual value","SLC","146411","A","Official value"
"PP","Producer Prices","203","Czechia","5531","Producer Price (SLC/tonne)","01659","Hop cones","1995","1995","7021","Annual value","SLC","146879","A","Official value"
"PP","Producer Prices","203","Czechia","5531","Producer Price (SLC/tonne)","01659","Hop cones","1996","1996","7021","Annual value","SLC","142771","A","Official value"
"PP","Producer Prices","203","Czechia","5531","Producer Price (SLC/tonne)","01659","Hop cones","1997","1997","7021","Annual value","SLC","120039","A","Official value"
"PP","Producer Prices","203","Czechia","5531","Producer Price (SLC/tonne)","01659","Hop cones","1998","1998","7021","Annual value","SLC","123864","A","Official value"
"PP","Producer Prices","203","Czechia","5531","Producer Price (SLC/tonne)","01659","Hop cones","1999","1999","7021","Annual value","SLC","131676","A","Official value"
"PP","Producer Prices","203","Czechia","5531","Producer Price (SLC/tonne)","01659","Hop cones","2000","2000","7021","Annual value","SLC","131358","A","Official value"
"PP","Producer Prices","203","Czechia","5531","Producer Price (SLC/tonne)","01659","Hop cones","2001","2001","7021","Annual value","SLC","133007","A","Official value"
"PP","Producer Prices","203","Czechia","5531","Producer Price (SLC/tonne)","01659","Hop cones","2002","2002","7021","Annual value","SLC","126475","A","Official value"
"PP","Producer Prices","203","Czechia","5531","Producer Price (SLC/tonne)","01659","Hop cones","2003","2003","7021","Annual value","SLC","110588","A","Official value"
"PP","Producer Prices","203","Czechia","5531","Producer Price (SLC/tonne)","01659","Hop cones","2004","2004","7021","Annual value","SLC","131609","A","Official value"
"PP","Producer Prices","203","Czechia","5531","Producer Price (SLC/tonne)","01659","Hop cones","2005","2005","7021","Annual value","SLC","135264","A","Official value"
"PP","Producer Prices","203","Czechia","5531","Producer Price (SLC/tonne)","01659","Hop cones","2006","2006","7021","Annual value","SLC","118454","A","Official value"
"PP","Producer Prices","203","Czechia","5531","Producer Price (SLC/tonne)","01659","Hop cones","2007","2007","7021","Annual value","SLC","149524","A","Official value"
"PP","Producer Prices","203","Czechia","5531","Producer Price (SLC/tonne)","01659","Hop cones","2008","2008","7021","Annual value","SLC","217191","A","Official value"
"PP","Producer Prices","203","Czechia","5531","Producer Price (SLC/tonne)","01659","Hop cones","2009","2009","7021","Annual value","SLC","216606","A","Official value"
"PP","Producer Prices","203","Czechia","5531","Producer Price (SLC/tonne)","01659","Hop cones","2010","2010","7021","Annual value","SLC","191225","A","Official value"
"PP","Producer Prices","203","Czechia","5531","Producer Price (SLC/tonne)","01659","Hop cones","2011","2011","7021","Annual value","SLC","129568","A","Official value"
"PP","Producer Prices","203","Czechia","5531","Producer Price (SLC/tonne)","01659","Hop cones","2012","2012","7021","Annual value","SLC","137811","A","Official value"
"PP","Producer Prices","203","Czechia","5531","Producer Price (SLC/tonne)","01659","Hop cones","2013","2013","7021","Annual value","SLC","151978","A","Official value"
"PP","Producer Prices","203","Czechia","5531","Producer Price (SLC/tonne)","01659","Hop cones","2014","2014","7021","Annual value","SLC","169217","A","Official value"
"PP","Producer Prices","203","Czechia","5531","Producer Price (SLC/tonne)","01659","Hop cones","2015","2015","7021","Annual value","SLC","190420","A","Official value"
"PP","Producer Prices","203","Czechia","5531","Producer Price (SLC/tonne)","01659","Hop cones","2016","2016","7021","Annual value","SLC","209388","A","Official value"
"PP","Producer Prices","203","Czechia","5531","Producer Price (SLC/tonne)","01659","Hop cones","2017","2017","7021","Annual value","SLC","217910","A","Official value"
"PP","Producer Prices","203","Czechia","5531","Producer Price (SLC/tonne)","01659","Hop cones","2018","2018","7021","Annual value","SLC","224799","A","Official value"
"PP","Producer Prices","203","Czechia","5531","Producer Price (SLC/tonne)","01659","Hop cones","2019","2019","7021","Annual value","SLC","229999","A","Official value"
"PP","Producer Prices","203","Czechia","5531","Producer Price (SLC/tonne)","01659","Hop cones","2020","2020","7021","Annual value","SLC","240525","A","Official value"
"PP","Producer Prices","203","Czechia","5531","Producer Price (SLC/tonne)","01659","Hop cones","2021","2021","7021","Annual value","SLC","234294","A","Official value"
"PP","Producer Prices","203","Czechia","5531","Producer Price (SLC/tonne)","01659","Hop cones","2022","2022","7021","Annual value","SLC","258902","A","Official value"
"PP","Producer Prices","203","Czechia","5531","Producer Price (SLC/tonne)","01659","Hop cones","2023","2023","7021","Annual value","SLC","268877","A","Official value"
"PP","Producer Prices","203","Czechia","5531","Producer Price (SLC/tonne)","01659","Hop cones","2024","2024","7021","Annual value","SLC","270437","A","Official value"
"PP","Producer Prices","203","Czechia","5531","Producer Price (SLC/tonne)","21118.01","Horse meat, fresh or chilled","2000","2000","7021","Annual value","SLC","35730","A","Official value"
"PP","Producer Prices","203","Czechia","5531","Producer Price (SLC/tonne)","21118.01","Horse meat, fresh or chilled","2001","2001","7021","Annual value","SLC","35285","A","Official value"
"PP","Producer Prices","203","Czechia","5531","Producer Price (SLC/tonne)","21118.01b","Horse meat, fresh or chilled (biological)","2000","2000","7021","Annual value","SLC","20010","A","Official value"
"PP","Producer Prices","203","Czechia","5531","Producer Price (SLC/tonne)","21118.01b","Horse meat, fresh or chilled (biological)","2001","2001","7021","Annual value","SLC","19760","A","Official value"
"PP","Producer Prices","203","Czechia","5531","Producer Price (SLC/tonne)","01254","Leeks and other alliaceous vegetables","2000","2000","7021","Annual value","SLC","12042","A","Official value"
"PP","Producer Prices","203","Czechia","5531","Producer Price (SLC/tonne)","01254","Leeks and other alliaceous vegetables","2001","2001","7021","Annual value","SLC","15289","A","Official value"
"PP","Producer Prices","203","Czechia","5531","Producer Price (SLC/tonne)","01254","Leeks and other alliaceous vegetables","2002","2002","7021","Annual value","SLC","12479","A","Official value"
"PP","Producer Prices","203","Czechia","5531","Producer Price (SLC/tonne)","01254","Leeks and other alliaceous vegetables","2003","2003","7021","Annual value","SLC","16011","A","Official value"
"PP","Producer Prices","203","Czechia","5531","Producer Price (SLC/tonne)","01254","Leeks and other alliaceous vegetables","2004","2004","7021","Annual value","SLC","13998","A","Official value"
"PP","Producer Prices","203","Czechia","5531","Producer Price (SLC/tonne)","01254","Leeks and other alliaceous vegetables","2005","2005","7021","Annual value","SLC","13321","A","Official value"
"PP","Producer Prices","203","Czechia","5531","Producer Price (SLC/tonne)","01254","Leeks and other alliaceous vegetables","2006","2006","7021","Annual value","SLC","14874","A","Official value"
"PP","Producer Prices","203","Czechia","5531","Producer Price (SLC/tonne)","01254","Leeks and other alliaceous vegetables","2007","2007","7021","Annual value","SLC","12936","A","Official value"
"PP","Producer Prices","203","Czechia","5531","Producer Price (SLC/tonne)","01254","Leeks and other alliaceous vegetables","2008","2008","7021","Annual value","SLC","12026","A","Official value"
"PP","Producer Prices","203","Czechia","5531","Producer Price (SLC/tonne)","01254","Leeks and other alliaceous vegetables","2009","2009","7021","Annual value","SLC","11064","A","Official value"
"PP","Producer Prices","203","Czechia","5531","Producer Price (SLC/tonne)","01254","Leeks and other alliaceous vegetables","2010","2010","7021","Annual value","SLC","13510","A","Official value"
"PP","Producer Prices","203","Czechia","5531","Producer Price (SLC/tonne)","01254","Leeks and other alliaceous vegetables","2011","2011","7021","Annual value","SLC","15000","A","Official value"
"PP","Producer Prices","203","Czechia","5531","Producer Price (SLC/tonne)","01254","Leeks and other alliaceous vegetables","2012","2012","7021","Annual value","SLC","14000","A","Official value"
"PP","Producer Prices","203","Czechia","5531","Producer Price (SLC/tonne)","01704","Lentils, dry","1993","1993","7021","Annual value","SLC","23914","A","Official value"
"PP","Producer Prices","203","Czechia","5531","Producer Price (SLC/tonne)","01704","Lentils, dry","1994","1994","7021","Annual value","SLC","24648","A","Official value"
"PP","Producer Prices","203","Czechia","5531","Producer Price (SLC/tonne)","01704","Lentils, dry","1995","1995","7021","Annual value","SLC","20515","A","Official value"
"PP","Producer Prices","203","Czechia","5531","Producer Price (SLC/tonne)","01704","Lentils, dry","1996","1996","7021","Annual value","SLC","22068","A","Official value"
"PP","Producer Prices","203","Czechia","5531","Producer Price (SLC/tonne)","01214","Lettuce and chicory","1993","1993","7021","Annual value","SLC","19761","A","Official value"
"PP","Producer Prices","203","Czechia","5531","Producer Price (SLC/tonne)","01214","Lettuce and chicory","1994","1994","7021","Annual value","SLC","16595","A","Official value"
"PP","Producer Prices","203","Czechia","5531","Producer Price (SLC/tonne)","01214","Lettuce and chicory","1995","1995","7021","Annual value","SLC","20314","A","Official value"
"PP","Producer Prices","203","Czechia","5531","Producer Price (SLC/tonne)","01214","Lettuce and chicory","1996","1996","7021","Annual value","SLC","24067","A","Official value"
"PP","Producer Prices","203","Czechia","5531","Producer Price (SLC/tonne)","01214","Lettuce and chicory","1997","1997","7021","Annual value","SLC","17867","A","Official value"
"PP","Producer Prices","203","Czechia","5531","Producer Price (SLC/tonne)","01214","Lettuce and chicory","1998","1998","7021","Annual value","SLC","23414","A","Official value"
"PP","Producer Prices","203","Czechia","5531","Producer Price (SLC/tonne)","01214","Lettuce and chicory","1999","1999","7021","Annual value","SLC","24688","A","Official value"
"PP","Producer Prices","203","Czechia","5531","Producer Price (SLC/tonne)","01214","Lettuce and chicory","2000","2000","7021","Annual value","SLC","21718","A","Official value"
"PP","Producer Prices","203","Czechia","5531","Producer Price (SLC/tonne)","01214","Lettuce and chicory","2001","2001","7021","Annual value","SLC","31242","A","Official value"
"PP","Producer Prices","203","Czechia","5531","Producer Price (SLC/tonne)","01214","Lettuce and chicory","2002","2002","7021","Annual value","SLC","27444","A","Official value"
"PP","Producer Prices","203","Czechia","5531","Producer Price (SLC/tonne)","01214","Lettuce and chicory","2003","2003","7021","Annual value","SLC","30370","A","Official value"
"PP","Producer Prices","203","Czechia","5531","Producer Price (SLC/tonne)","01214","Lettuce and chicory","2004","2004","7021","Annual value","SLC","29190","A","Official value"
"PP","Producer Prices","203","Czechia","5531","Producer Price (SLC/tonne)","01214","Lettuce and chicory","2005","2005","7021","Annual value","SLC","32837","A","Official value"
"PP","Producer Prices","203","Czechia","5531","Producer Price (SLC/tonne)","01214","Lettuce and chicory","2006","2006","7021","Annual value","SLC","34338","A","Official value"
"PP","Producer Prices","203","Czechia","5531","Producer Price (SLC/tonne)","01214","Lettuce and chicory","2007","2007","7021","Annual value","SLC","27293","A","Official value"
"PP","Producer Prices","203","Czechia","5531","Producer Price (SLC/tonne)","01214","Lettuce and chicory","2008","2008","7021","Annual value","SLC","23498","A","Official value"
"PP","Producer Prices","203","Czechia","5531","Producer Price (SLC/tonne)","01214","Lettuce and chicory","2009","2009","7021","Annual value","SLC","21487","A","Official value"
"PP","Producer Prices","203","Czechia","5531","Producer Price (SLC/tonne)","01214","Lettuce and chicory","2010","2010","7021","Annual value","SLC","28639","A","Official value"
"PP","Producer Prices","203","Czechia","5531","Producer Price (SLC/tonne)","01214","Lettuce and chicory","2011","2011","7021","Annual value","SLC","23488","A","Official value"
"PP","Producer Prices","203","Czechia","5531","Producer Price (SLC/tonne)","01214","Lettuce and chicory","2012","2012","7021","Annual value","SLC","26862","A","Official value"
"PP","Producer Prices","203","Czechia","5531","Producer Price (SLC/tonne)","01214","Lettuce and chicory","2013","2013","7021","Annual value","SLC","30727","A","Official value"
"PP","Producer Prices","203","Czechia","5531","Producer Price (SLC/tonne)","01214","Lettuce and chicory","2014","2014","7021","Annual value","SLC","25948","A","Official value"
"PP","Producer Prices","203","Czechia","5531","Producer Price (SLC/tonne)","01214","Lettuce and chicory","2015","2015","7021","Annual value","SLC","31106","A","Official value"
"PP","Producer Prices","203","Czechia","5531","Producer Price (SLC/tonne)","01214","Lettuce and chicory","2016","2016","7021","Annual value","SLC","31681","A","Official value"
"PP","Producer Prices","203","Czechia","5531","Producer Price (SLC/tonne)","01214","Lettuce and chicory","2017","2017","7021","Annual value","SLC","30626","A","Official value"
"PP","Producer Prices","203","Czechia","5531","Producer Price (SLC/tonne)","01214","Lettuce and chicory","2018","2018","7021","Annual value","SLC","30840","A","Official value"
"PP","Producer Prices","203","Czechia","5531","Producer Price (SLC/tonne)","01214","Lettuce and chicory","2019","2019","7021","Annual value","SLC","33557","A","Official value"
"PP","Producer Prices","203","Czechia","5531","Producer Price (SLC/tonne)","01214","Lettuce and chicory","2020","2020","7021","Annual value","SLC","39023","A","Official value"
"PP","Producer Prices","203","Czechia","5531","Producer Price (SLC/tonne)","01214","Lettuce and chicory","2021","2021","7021","Annual value","SLC","41961","A","Official value"
"PP","Producer Prices","203","Czechia","5531","Producer Price (SLC/tonne)","01214","Lettuce and chicory","2022","2022","7021","Annual value","SLC","51150","A","Official value"
"PP","Producer Prices","203","Czechia","5531","Producer Price (SLC/tonne)","01214","Lettuce and chicory","2023","2023","7021","Annual value","SLC","54860","A","Official value"
"PP","Producer Prices","203","Czechia","5531","Producer Price (SLC/tonne)","01214","Lettuce and chicory","2024","2024","7021","Annual value","SLC","51956","A","Official value"
"PP","Producer Prices","203","Czechia","5531","Producer Price (SLC/tonne)","01441","Linseed","1993","1993","7021","Annual value","SLC","6277","A","Official value"
"PP","Producer Prices","203","Czechia","5531","Producer Price (SLC/tonne)","01441","Linseed","1994","1994","7021","Annual value","SLC","6475","A","Official value"
"PP","Producer Prices","203","Czechia","5531","Producer Price (SLC/tonne)","01441","Linseed","1995","1995","7021","Annual value","SLC","7336","A","Official value"
"PP","Producer Prices","203","Czechia","5531","Producer Price (SLC/tonne)","01441","Linseed","1996","1996","7021","Annual value","SLC","7455","A","Official value"
"PP","Producer Prices","203","Czechia","5531","Producer Price (SLC/tonne)","01441","Linseed","1997","1997","7021","Annual value","SLC","8978","A","Official value"
"PP","Producer Prices","203","Czechia","5531","Producer Price (SLC/tonne)","01441","Linseed","1998","1998","7021","Annual value","SLC","10875","A","Official value"
"PP","Producer Prices","203","Czechia","5531","Producer Price (SLC/tonne)","01441","Linseed","1999","1999","7021","Annual value","SLC","10988","A","Official value"
"PP","Producer Prices","203","Czechia","5531","Producer Price (SLC/tonne)","01441","Linseed","2000","2000","7021","Annual value","SLC","8423","A","Official value"
"PP","Producer Prices","203","Czechia","5531","Producer Price (SLC/tonne)","01441","Linseed","2001","2001","7021","Annual value","SLC","8584","A","Official value"
"PP","Producer Prices","203","Czechia","5531","Producer Price (SLC/tonne)","01441","Linseed","2002","2002","7021","Annual value","SLC","9034","A","Official value"
"PP","Producer Prices","203","Czechia","5531","Producer Price (SLC/tonne)","01441","Linseed","2003","2003","7021","Annual value","SLC","9451","A","Official value"
"PP","Producer Prices","203","Czechia","5531","Producer Price (SLC/tonne)","01441","Linseed","2004","2004","7021","Annual value","SLC","11295","A","Official value"
"PP","Producer Prices","203","Czechia","5531","Producer Price (SLC/tonne)","01441","Linseed","2005","2005","7021","Annual value","SLC","12014","A","Official value"
"PP","Producer Prices","203","Czechia","5531","Producer Price (SLC/tonne)","01441","Linseed","2006","2006","7021","Annual value","SLC","10265","A","Official value"
"PP","Producer Prices","203","Czechia","5531","Producer Price (SLC/tonne)","01441","Linseed","2007","2007","7021","Annual value","SLC","9972","A","Official value"
"PP","Producer Prices","203","Czechia","5531","Producer Price (SLC/tonne)","01441","Linseed","2008","2008","7021","Annual value","SLC","13789","A","Official value"
"PP","Producer Prices","203","Czechia","5531","Producer Price (SLC/tonne)","01441","Linseed","2009","2009","7021","Annual value","SLC","14437","A","Official value"
"PP","Producer Prices","203","Czechia","5531","Producer Price (SLC/tonne)","01441","Linseed","2010","2010","7021","Annual value","SLC","11073","A","Official value"
"PP","Producer Prices","203","Czechia","5531","Producer Price (SLC/tonne)","01441","Linseed","2011","2011","7021","Annual value","SLC","12611","A","Official value"
"PP","Producer Prices","203","Czechia","5531","Producer Price (SLC/tonne)","01441","Linseed","2012","2012","7021","Annual value","SLC","13370","A","Official value"
"PP","Producer Prices","203","Czechia","5531","Producer Price (SLC/tonne)","01441","Linseed","2013","2013","7021","Annual value","SLC","16191","A","Official value"
"PP","Producer Prices","203","Czechia","5531","Producer Price (SLC/tonne)","01441","Linseed","2014","2014","7021","Annual value","SLC","17632","A","Official value"
"PP","Producer Prices","203","Czechia","5531","Producer Price (SLC/tonne)","01441","Linseed","2015","2015","7021","Annual value","SLC","17961","A","Official value"
"PP","Producer Prices","203","Czechia","5531","Producer Price (SLC/tonne)","01441","Linseed","2016","2016","7021","Annual value","SLC","17434","A","Official value"
"PP","Producer Prices","203","Czechia","5531","Producer Price (SLC/tonne)","01441","Linseed","2017","2017","7021","Annual value","SLC","15308","A","Official value"
"PP","Producer Prices","203","Czechia","5531","Producer Price (SLC/tonne)","01441","Linseed","2018","2018","7021","Annual value","SLC","13505","A","Official value"
"PP","Producer Prices","203","Czechia","5531","Producer Price (SLC/tonne)","01441","Linseed","2019","2019","7021","Annual value","SLC","14026","A","Official value"
"PP","Producer Prices","203","Czechia","5531","Producer Price (SLC/tonne)","01441","Linseed","2020","2020","7021","Annual value","SLC","15711","A","Official value"
"PP","Producer Prices","203","Czechia","5531","Producer Price (SLC/tonne)","01441","Linseed","2021","2021","7021","Annual value","SLC","16066","A","Official value"
"PP","Producer Prices","203","Czechia","5531","Producer Price (SLC/tonne)","01441","Linseed","2022","2022","7021","Annual value","SLC","24298","A","Official value"
"PP","Producer Prices","203","Czechia","5531","Producer Price (SLC/tonne)","01441","Linseed","2023","2023","7021","Annual value","SLC","22710","A","Official value"
"PP","Producer Prices","203","Czechia","5531","Producer Price (SLC/tonne)","01441","Linseed","2024","2024","7021","Annual value","SLC","14370","A","Official value"
"PP","Producer Prices","203","Czechia","5531","Producer Price (SLC/tonne)","0112","Maize (corn)","1993","1993","7021","Annual value","SLC","3329","A","Official value"
"PP","Producer Prices","203","Czechia","5531","Producer Price (SLC/tonne)","0112","Maize (corn)","1994","1994","7021","Annual value","SLC","3385","A","Official value"
"PP","Producer Prices","203","Czechia","5531","Producer Price (SLC/tonne)","0112","Maize (corn)","1995","1995","7021","Annual value","SLC","3524","A","Official value"
"PP","Producer Prices","203","Czechia","5531","Producer Price (SLC/tonne)","0112","Maize (corn)","1996","1996","7021","Annual value","SLC","4765","A","Official value"
"PP","Producer Prices","203","Czechia","5531","Producer Price (SLC/tonne)","0112","Maize (corn)","1997","1997","7021","Annual value","SLC","3844","A","Official value"
"PP","Producer Prices","203","Czechia","5531","Producer Price (SLC/tonne)","0112","Maize (corn)","1998","1998","7021","Annual value","SLC","3441","A","Official value"
"PP","Producer Prices","203","Czechia","5531","Producer Price (SLC/tonne)","0112","Maize (corn)","1999","1999","7021","Annual value","SLC","3129","A","Official value"
"PP","Producer Prices","203","Czechia","5531","Producer Price (SLC/tonne)","0112","Maize (corn)","2000","2000","7021","Annual value","SLC","3517","A","Official value"
"PP","Producer Prices","203","Czechia","5531","Producer Price (SLC/tonne)","0112","Maize (corn)","2001","2001","7021","Annual value","SLC","3888","A","Official value"
"PP","Producer Prices","203","Czechia","5531","Producer Price (SLC/tonne)","0112","Maize (corn)","2002","2002","7021","Annual value","SLC","3246","A","Official value"
"PP","Producer Prices","203","Czechia","5531","Producer Price (SLC/tonne)","0112","Maize (corn)","2003","2003","7021","Annual value","SLC","2888","A","Official value"
"PP","Producer Prices","203","Czechia","5531","Producer Price (SLC/tonne)","0112","Maize (corn)","2004","2004","7021","Annual value","SLC","3769","A","Official value"
"PP","Producer Prices","203","Czechia","5531","Producer Price (SLC/tonne)","0112","Maize (corn)","2005","2005","7021","Annual value","SLC","2757","A","Official value"
"PP","Producer Prices","203","Czechia","5531","Producer Price (SLC/tonne)","0112","Maize (corn)","2006","2006","7021","Annual value","SLC","2895","A","Official value"
"PP","Producer Prices","203","Czechia","5531","Producer Price (SLC/tonne)","0112","Maize (corn)","2007","2007","7021","Annual value","SLC","4183","A","Official value"
"PP","Producer Prices","203","Czechia","5531","Producer Price (SLC/tonne)","0112","Maize (corn)","2008","2008","7021","Annual value","SLC","4634","A","Official value"
"PP","Producer Prices","203","Czechia","5531","Producer Price (SLC/tonne)","0112","Maize (corn)","2009","2009","7021","Annual value","SLC","2800","A","Official value"
"PP","Producer Prices","203","Czechia","5531","Producer Price (SLC/tonne)","0112","Maize (corn)","2010","2010","7021","Annual value","SLC","3282","A","Official value"
"PP","Producer Prices","203","Czechia","5531","Producer Price (SLC/tonne)","0112","Maize (corn)","2011","2011","7021","Annual value","SLC","4707","A","Official value"
"PP","Producer Prices","203","Czechia","5531","Producer Price (SLC/tonne)","0112","Maize (corn)","2012","2012","7021","Annual value","SLC","4718","A","Official value"
"PP","Producer Prices","203","Czechia","5531","Producer Price (SLC/tonne)","0112","Maize (corn)","2013","2013","7021","Annual value","SLC","5062","A","Official value"
"PP","Producer Prices","203","Czechia","5531","Producer Price (SLC/tonne)","0112","Maize (corn)","2014","2014","7021","Annual value","SLC","4253","A","Official value"
"PP","Producer Prices","203","Czechia","5531","Producer Price (SLC/tonne)","0112","Maize (corn)","2015","2015","7021","Annual value","SLC","3781","A","Official value"
"PP","Producer Prices","203","Czechia","5531","Producer Price (SLC/tonne)","0112","Maize (corn)","2016","2016","7021","Annual value","SLC","3900","A","Official value"
"PP","Producer Prices","203","Czechia","5531","Producer Price (SLC/tonne)","0112","Maize (corn)","2017","2017","7021","Annual value","SLC","3779","A","Official value"
"PP","Producer Prices","203","Czechia","5531","Producer Price (SLC/tonne)","0112","Maize (corn)","2018","2018","7021","Annual value","SLC","4021","A","Official value"
"PP","Producer Prices","203","Czechia","5531","Producer Price (SLC/tonne)","0112","Maize (corn)","2019","2019","7021","Annual value","SLC","4097","A","Official value"
"PP","Producer Prices","203","Czechia","5531","Producer Price (SLC/tonne)","0112","Maize (corn)","2020","2020","7021","Annual value","SLC","3904","A","Official value"
"PP","Producer Prices","203","Czechia","5531","Producer Price (SLC/tonne)","0112","Maize (corn)","2021","2021","7021","Annual value","SLC","4911","A","Official value"
"PP","Producer Prices","203","Czechia","5531","Producer Price (SLC/tonne)","0112","Maize (corn)","2022","2022","7021","Annual value","SLC","6816","A","Official value"
"PP","Producer Prices","203","Czechia","5531","Producer Price (SLC/tonne)","0112","Maize (corn)","2023","2023","7021","Annual value","SLC","5890","A","Official value"
"PP","Producer Prices","203","Czechia","5531","Producer Price (SLC/tonne)","0112","Maize (corn)","2024","2024","7021","Annual value","SLC","4564","A","Official value"
"PP","Producer Prices","203","Czechia","5531","Producer Price (SLC/tonne)","21111.01","Meat of cattle with the bone, fresh or chilled","1993","1993","7021","Annual value","SLC","49270","A","Official value"
"PP","Producer Prices","203","Czechia","5531","Producer Price (SLC/tonne)","21111.01","Meat of cattle with the bone, fresh or chilled","1994","1994","7021","Annual value","SLC","59310","A","Official value"
"PP","Producer Prices","203","Czechia","5531","Producer Price (SLC/tonne)","21111.01","Meat of cattle with the bone, fresh or chilled","1995","1995","7021","Annual value","SLC","64470","A","Official value"
"PP","Producer Prices","203","Czechia","5531","Producer Price (SLC/tonne)","21111.01","Meat of cattle with the bone, fresh or chilled","1996","1996","7021","Annual value","SLC","64930","A","Official value"
"PP","Producer Prices","203","Czechia","5531","Producer Price (SLC/tonne)","21111.01","Meat of cattle with the bone, fresh or chilled","1997","1997","7021","Annual value","SLC","64590","A","Official value"
"PP","Producer Prices","203","Czechia","5531","Producer Price (SLC/tonne)","21111.01","Meat of cattle with the bone, fresh or chilled","1998","1998","7021","Annual value","SLC","71700","A","Official value"
"PP","Producer Prices","203","Czechia","5531","Producer Price (SLC/tonne)","21111.01","Meat of cattle with the bone, fresh or chilled","1999","1999","7021","Annual value","SLC","69160","A","Official value"
"PP","Producer Prices","203","Czechia","5531","Producer Price (SLC/tonne)","21111.01","Meat of cattle with the bone, fresh or chilled","2000","2000","7021","Annual value","SLC","73287","A","Official value"
"PP","Producer Prices","203","Czechia","5531","Producer Price (SLC/tonne)","21111.01","Meat of cattle with the bone, fresh or chilled","2001","2001","7021","Annual value","SLC","61273","A","Official value"
"PP","Producer Prices","203","Czechia","5531","Producer Price (SLC/tonne)","21111.01","Meat of cattle with the bone, fresh or chilled","2002","2002","7021","Annual value","SLC","67263","A","Official value"
"PP","Producer Prices","203","Czechia","5531","Producer Price (SLC/tonne)","21111.01","Meat of cattle with the bone, fresh or chilled","2003","2003","7021","Annual value","SLC","66819","A","Official value"
"PP","Producer Prices","203","Czechia","5531","Producer Price (SLC/tonne)","21111.01","Meat of cattle with the bone, fresh or chilled","2004","2004","7021","Annual value","SLC","68882","A","Official value"
"PP","Producer Prices","203","Czechia","5531","Producer Price (SLC/tonne)","21111.01","Meat of cattle with the bone, fresh or chilled","2005","2005","7021","Annual value","SLC","74668","A","Official value"
"PP","Producer Prices","203","Czechia","5531","Producer Price (SLC/tonne)","21111.01","Meat of cattle with the bone, fresh or chilled","2006","2006","7021","Annual value","SLC","77123","A","Official value"
"PP","Producer Prices","203","Czechia","5531","Producer Price (SLC/tonne)","21111.01","Meat of cattle with the bone, fresh or chilled","2007","2007","7021","Annual value","SLC","62029","A","Official value"
"PP","Producer Prices","203","Czechia","5531","Producer Price (SLC/tonne)","21111.01","Meat of cattle with the bone, fresh or chilled","2008","2008","7021","Annual value","SLC","61051","A","Official value"
"PP","Producer Prices","203","Czechia","5531","Producer Price (SLC/tonne)","21111.01","Meat of cattle with the bone, fresh or chilled","2009","2009","7021","Annual value","SLC","61087","A","Official value"
"PP","Producer Prices","203","Czechia","5531","Producer Price (SLC/tonne)","21111.01","Meat of cattle with the bone, fresh or chilled","2010","2010","7021","Annual value","SLC","60041","A","Official value"
"PP","Producer Prices","203","Czechia","5531","Producer Price (SLC/tonne)","21111.01","Meat of cattle with the bone, fresh or chilled","2011","2011","7021","Annual value","SLC","62883.9","A","Official value"
"PP","Producer Prices","203","Czechia","5531","Producer Price (SLC/tonne)","21111.01","Meat of cattle with the bone, fresh or chilled","2012","2012","7021","Annual value","SLC","69334.8","A","Official value"
"PP","Producer Prices","203","Czechia","5531","Producer Price (SLC/tonne)","21111.01","Meat of cattle with the bone, fresh or chilled","2013","2013","7021","Annual value","SLC","73453","A","Official value"
"PP","Producer Prices","203","Czechia","5531","Producer Price (SLC/tonne)","21111.01","Meat of cattle with the bone, fresh or chilled","2014","2014","7021","Annual value","SLC","72933.5","A","Official value"
"PP","Producer Prices","203","Czechia","5531","Producer Price (SLC/tonne)","21111.01","Meat of cattle with the bone, fresh or chilled","2015","2015","7021","Annual value","SLC","73389","A","Official value"
"PP","Producer Prices","203","Czechia","5531","Producer Price (SLC/tonne)","21111.01","Meat of cattle with the bone, fresh or chilled","2016","2016","7021","Annual value","SLC","73582","A","Official value"
"PP","Producer Prices","203","Czechia","5531","Producer Price (SLC/tonne)","21111.01b","Meat of cattle with the bone, fresh or chilled (biological)","1993","1993","7021","Annual value","SLC","27600","A","Official value"
"PP","Producer Prices","203","Czechia","5531","Producer Price (SLC/tonne)","21111.01b","Meat of cattle with the bone, fresh or chilled (biological)","1994","1994","7021","Annual value","SLC","33090","A","Official value"
"PP","Producer Prices","203","Czechia","5531","Producer Price (SLC/tonne)","21111.01b","Meat of cattle with the bone, fresh or chilled (biological)","1995","1995","7021","Annual value","SLC","35570","A","Official value"
"PP","Producer Prices","203","Czechia","5531","Producer Price (SLC/tonne)","21111.01b","Meat of cattle with the bone, fresh or chilled (biological)","1996","1996","7021","Annual value","SLC","35800","A","Official value"
"PP","Producer Prices","203","Czechia","5531","Producer Price (SLC/tonne)","21111.01b","Meat of cattle with the bone, fresh or chilled (biological)","1997","1997","7021","Annual value","SLC","35480","A","Official value"
"PP","Producer Prices","203","Czechia","5531","Producer Price (SLC/tonne)","21111.01b","Meat of cattle with the bone, fresh or chilled (biological)","1998","1998","7021","Annual value","SLC","39560","A","Official value"
"PP","Producer Prices","203","Czechia","5531","Producer Price (SLC/tonne)","21111.01b","Meat of cattle with the bone, fresh or chilled (biological)","1999","1999","7021","Annual value","SLC","37870","A","Official value"
"PP","Producer Prices","203","Czechia","5531","Producer Price (SLC/tonne)","21111.01b","Meat of cattle with the bone, fresh or chilled (biological)","2000","2000","7021","Annual value","SLC","40317","A","Official value"
"PP","Producer Prices","203","Czechia","5531","Producer Price (SLC/tonne)","21111.01b","Meat of cattle with the bone, fresh or chilled (biological)","2001","2001","7021","Annual value","SLC","34017","A","Official value"
"PP","Producer Prices","203","Czechia","5531","Producer Price (SLC/tonne)","21111.01b","Meat of cattle with the bone, fresh or chilled (biological)","2002","2002","7021","Annual value","SLC","37715","A","Official value"
"PP","Producer Prices","203","Czechia","5531","Producer Price (SLC/tonne)","21111.01b","Meat of cattle with the bone, fresh or chilled (biological)","2003","2003","7021","Annual value","SLC","36763","A","Official value"
"PP","Producer Prices","203","Czechia","5531","Producer Price (SLC/tonne)","21111.01b","Meat of cattle with the bone, fresh or chilled (biological)","2004","2004","7021","Annual value","SLC","37966","A","Official value"
"PP","Producer Prices","203","Czechia","5531","Producer Price (SLC/tonne)","21111.01b","Meat of cattle with the bone, fresh or chilled (biological)","2005","2005","7021","Annual value","SLC","41232","A","Official value"
"PP","Producer Prices","203","Czechia","5531","Producer Price (SLC/tonne)","21111.01b","Meat of cattle with the bone, fresh or chilled (biological)","2006","2006","7021","Annual value","SLC","41933","A","Official value"
"PP","Producer Prices","203","Czechia","5531","Producer Price (SLC/tonne)","21111.01b","Meat of cattle with the bone, fresh or chilled (biological)","2007","2007","7021","Annual value","SLC","33852","A","Official value"
"PP","Producer Prices","203","Czechia","5531","Producer Price (SLC/tonne)","21111.01b","Meat of cattle with the bone, fresh or chilled (biological)","2008","2008","7021","Annual value","SLC","32931","A","Official value"
"PP","Producer Prices","203","Czechia","5531","Producer Price (SLC/tonne)","21111.01b","Meat of cattle with the bone, fresh or chilled (biological)","2009","2009","7021","Annual value","SLC","33264.8","A","Official value"
"PP","Producer Prices","203","Czechia","5531","Producer Price (SLC/tonne)","21111.01b","Meat of cattle with the bone, fresh or chilled (biological)","2010","2010","7021","Annual value","SLC","33202.4","A","Official value"
"PP","Producer Prices","203","Czechia","5531","Producer Price (SLC/tonne)","21111.01b","Meat of cattle with the bone, fresh or chilled (biological)","2011","2011","7021","Annual value","SLC","34824.4","A","Official value"
"PP","Producer Prices","203","Czechia","5531","Producer Price (SLC/tonne)","21111.01b","Meat of cattle with the bone, fresh or chilled (biological)","2012","2012","7021","Annual value","SLC","38068.4","A","Official value"
"PP","Producer Prices","203","Czechia","5531","Producer Price (SLC/tonne)","21111.01b","Meat of cattle with the bone, fresh or chilled (biological)","2013","2013","7021","Annual value","SLC","40820","A","Official value"
"PP","Producer Prices","203","Czechia","5531","Producer Price (SLC/tonne)","21111.01b","Meat of cattle with the bone, fresh or chilled (biological)","2014","2014","7021","Annual value","SLC","40650.9","A","Official value"
"PP","Producer Prices","203","Czechia","5531","Producer Price (SLC/tonne)","21111.01b","Meat of cattle with the bone, fresh or chilled (biological)","2015","2015","7021","Annual value","SLC","41511","A","Official value"
"PP","Producer Prices","203","Czechia","5531","Producer Price (SLC/tonne)","21111.01b","Meat of cattle with the bone, fresh or chilled (biological)","2016","2016","7021","Annual value","SLC","41173","A","Official value"
"PP","Producer Prices","203","Czechia","5531","Producer Price (SLC/tonne)","21111.01b","Meat of cattle with the bone, fresh or chilled (biological)","2017","2017","7021","Annual value","SLC","41393.5","A","Official value"
"PP","Producer Prices","203","Czechia","5531","Producer Price (SLC/tonne)","21111.01b","Meat of cattle with the bone, fresh or chilled (biological)","2018","2018","7021","Annual value","SLC","41459","A","Official value"
"PP","Producer Prices","203","Czechia","5531","Producer Price (SLC/tonne)","21111.01b","Meat of cattle with the bone, fresh or chilled (biological)","2019","2019","7021","Annual value","SLC","40300","A","Official value"
"PP","Producer Prices","203","Czechia","5531","Producer Price (SLC/tonne)","21111.01b","Meat of cattle with the bone, fresh or chilled (biological)","2020","2020","7021","Annual value","SLC","38714","A","Official value"
"PP","Producer Prices","203","Czechia","5531","Producer Price (SLC/tonne)","21111.01b","Meat of cattle with the bone, fresh or chilled (biological)","2021","2021","7021","Annual value","SLC","40294.9","A","Official value"
"PP","Producer Prices","203","Czechia","5531","Producer Price (SLC/tonne)","21111.01b","Meat of cattle with the bone, fresh or chilled (biological)","2022","2022","7021","Annual value","SLC","48573.7","A","Official value"
"PP","Producer Prices","203","Czechia","5531","Producer Price (SLC/tonne)","21111.01b","Meat of cattle with the bone, fresh or chilled (biological)","2023","2023","7021","Annual value","SLC","49936.6","A","Official value"
"PP","Producer Prices","203","Czechia","5531","Producer Price (SLC/tonne)","21111.01b","Meat of cattle with the bone, fresh or chilled (biological)","2024","2024","7021","Annual value","SLC","53352.7","A","Official value"
"PP","Producer Prices","203","Czechia","5531","Producer Price (SLC/tonne)","21121","Meat of chickens, fresh or chilled","1993","1993","7021","Annual value","SLC","30504","A","Official value"
"PP","Producer Prices","203","Czechia","5531","Producer Price (SLC/tonne)","21121","Meat of chickens, fresh or chilled","1994","1994","7021","Annual value","SLC","32467","A","Official value"
"PP","Producer Prices","203","Czechia","5531","Producer Price (SLC/tonne)","21121","Meat of chickens, fresh or chilled","1995","1995","7021","Annual value","SLC","29632","A","Official value"
"PP","Producer Prices","203","Czechia","5531","Producer Price (SLC/tonne)","21121","Meat of chickens, fresh or chilled","1996","1996","7021","Annual value","SLC","31521","A","Official value"
"PP","Producer Prices","203","Czechia","5531","Producer Price (SLC/tonne)","21121","Meat of chickens, fresh or chilled","1997","1997","7021","Annual value","SLC","35736","A","Official value"
"PP","Producer Prices","203","Czechia","5531","Producer Price (SLC/tonne)","21121","Meat of chickens, fresh or chilled","1998","1998","7021","Annual value","SLC","36839","A","Official value"
"PP","Producer Prices","203","Czechia","5531","Producer Price (SLC/tonne)","21121","Meat of chickens, fresh or chilled","1999","1999","7021","Annual value","SLC","30352","A","Official value"
"PP","Producer Prices","203","Czechia","5531","Producer Price (SLC/tonne)","21121","Meat of chickens, fresh or chilled","2000","2000","7021","Annual value","SLC","28971","A","Official value"
"PP","Producer Prices","203","Czechia","5531","Producer Price (SLC/tonne)","21121b","Meat of chickens, fresh or chilled (biological)","1993","1993","7021","Annual value","SLC","22878","A","Official value"
"PP","Producer Prices","203","Czechia","5531","Producer Price (SLC/tonne)","21121b","Meat of chickens, fresh or chilled (biological)","1994","1994","7021","Annual value","SLC","24350","A","Official value"
"PP","Producer Prices","203","Czechia","5531","Producer Price (SLC/tonne)","21121b","Meat of chickens, fresh or chilled (biological)","1995","1995","7021","Annual value","SLC","22224","A","Official value"
"PP","Producer Prices","203","Czechia","5531","Producer Price (SLC/tonne)","21121b","Meat of chickens, fresh or chilled (biological)","1996","1996","7021","Annual value","SLC","23641","A","Official value"
"PP","Producer Prices","203","Czechia","5531","Producer Price (SLC/tonne)","21121b","Meat of chickens, fresh or chilled (biological)","1997","1997","7021","Annual value","SLC","26802","A","Official value"
"PP","Producer Prices","203","Czechia","5531","Producer Price (SLC/tonne)","21121b","Meat of chickens, fresh or chilled (biological)","1998","1998","7021","Annual value","SLC","27629","A","Official value"
"PP","Producer Prices","203","Czechia","5531","Producer Price (SLC/tonne)","21121b","Meat of chickens, fresh or chilled (biological)","1999","1999","7021","Annual value","SLC","22764","A","Official value"
"PP","Producer Prices","203","Czechia","5531","Producer Price (SLC/tonne)","21121b","Meat of chickens, fresh or chilled (biological)","2000","2000","7021","Annual value","SLC","21816","A","Official value"
"PP","Producer Prices","203","Czechia","5531","Producer Price (SLC/tonne)","21121b","Meat of chickens, fresh or chilled (biological)","2001","2001","7021","Annual value","SLC","25822","A","Official value"
"PP","Producer Prices","203","Czechia","5531","Producer Price (SLC/tonne)","21121b","Meat of chickens, fresh or chilled (biological)","2002","2002","7021","Annual value","SLC","22380","A","Official value"
"PP","Producer Prices","203","Czechia","5531","Producer Price (SLC/tonne)","21121b","Meat of chickens, fresh or chilled (biological)","2003","2003","7021","Annual value","SLC","20953","A","Official value"
"PP","Producer Prices","203","Czechia","5531","Producer Price (SLC/tonne)","21121b","Meat of chickens, fresh or chilled (biological)","2004","2004","7021","Annual value","SLC","22064","A","Official value"
"PP","Producer Prices","203","Czechia","5531","Producer Price (SLC/tonne)","21121b","Meat of chickens, fresh or chilled (biological)","2005","2005","7021","Annual value","SLC","21184","A","Official value"
"PP","Producer Prices","203","Czechia","5531","Producer Price (SLC/tonne)","21121b","Meat of chickens, fresh or chilled (biological)","2006","2006","7021","Annual value","SLC","19215","A","Official value"
"PP","Producer Prices","203","Czechia","5531","Producer Price (SLC/tonne)","21121b","Meat of chickens, fresh or chilled (biological)","2007","2007","7021","Annual value","SLC","20975","A","Official value"
"PP","Producer Prices","203","Czechia","5531","Producer Price (SLC/tonne)","21121b","Meat of chickens, fresh or chilled (biological)","2008","2008","7021","Annual value","SLC","22819","A","Official value"
"PP","Producer Prices","203","Czechia","5531","Producer Price (SLC/tonne)","21121b","Meat of chickens, fresh or chilled (biological)","2009","2009","7021","Annual value","SLC","20659","A","Official value"
"PP","Producer Prices","203","Czechia","5531","Producer Price (SLC/tonne)","21121b","Meat of chickens, fresh or chilled (biological)","2010","2010","7021","Annual value","SLC","20375","A","Official value"
"PP","Producer Prices","203","Czechia","5531","Producer Price (SLC/tonne)","21121b","Meat of chickens, fresh or chilled (biological)","2011","2011","7021","Annual value","SLC","22111","A","Official value"
"PP","Producer Prices","203","Czechia","5531","Producer Price (SLC/tonne)","21121b","Meat of chickens, fresh or chilled (biological)","2012","2012","7021","Annual value","SLC","23084","A","Official value"
"PP","Producer Prices","203","Czechia","5531","Producer Price (SLC/tonne)","21121b","Meat of chickens, fresh or chilled (biological)","2013","2013","7021","Annual value","SLC","24742","A","Official value"
"PP","Producer Prices","203","Czechia","5531","Producer Price (SLC/tonne)","21121b","Meat of chickens, fresh or chilled (biological)","2014","2014","7021","Annual value","SLC","23859","A","Official value"
"PP","Producer Prices","203","Czechia","5531","Producer Price (SLC/tonne)","21121b","Meat of chickens, fresh or chilled (biological)","2015","2015","7021","Annual value","SLC","23733","A","Official value"
"PP","Producer Prices","203","Czechia","5531","Producer Price (SLC/tonne)","21121b","Meat of chickens, fresh or chilled (biological)","2016","2016","7021","Annual value","SLC","23469","A","Official value"
"PP","Producer Prices","203","Czechia","5531","Producer Price (SLC/tonne)","21121b","Meat of chickens, fresh or chilled (biological)","2017","2017","7021","Annual value","SLC","23229","A","Official value"
"PP","Producer Prices","203","Czechia","5531","Producer Price (SLC/tonne)","21121b","Meat of chickens, fresh or chilled (biological)","2018","2018","7021","Annual value","SLC","23030","A","Official value"
"PP","Producer Prices","203","Czechia","5531","Producer Price (SLC/tonne)","21121b","Meat of chickens, fresh or chilled (biological)","2019","2019","7021","Annual value","SLC","23180","A","Official value"
"PP","Producer Prices","203","Czechia","5531","Producer Price (SLC/tonne)","21121b","Meat of chickens, fresh or chilled (biological)","2020","2020","7021","Annual value","SLC","22717","A","Official value"
"PP","Producer Prices","203","Czechia","5531","Producer Price (SLC/tonne)","21121b","Meat of chickens, fresh or chilled (biological)","2021","2021","7021","Annual value","SLC","23110","A","Official value"
"PP","Producer Prices","203","Czechia","5531","Producer Price (SLC/tonne)","21121b","Meat of chickens, fresh or chilled (biological)","2022","2022","7021","Annual value","SLC","27290","A","Official value"
"PP","Producer Prices","203","Czechia","5531","Producer Price (SLC/tonne)","21121b","Meat of chickens, fresh or chilled (biological)","2023","2023","7021","Annual value","SLC","29878","A","Official value"
"PP","Producer Prices","203","Czechia","5531","Producer Price (SLC/tonne)","21121b","Meat of chickens, fresh or chilled (biological)","2024","2024","7021","Annual value","SLC","28108","A","Official value"
"PP","Producer Prices","203","Czechia","5531","Producer Price (SLC/tonne)","21122","Meat of ducks, fresh or chilled","1993","1993","7021","Annual value","SLC","39901","A","Official value"
"PP","Producer Prices","203","Czechia","5531","Producer Price (SLC/tonne)","21122","Meat of ducks, fresh or chilled","1994","1994","7021","Annual value","SLC","31018","A","Official value"
"PP","Producer Prices","203","Czechia","5531","Producer Price (SLC/tonne)","21122","Meat of ducks, fresh or chilled","1995","1995","7021","Annual value","SLC","42301","A","Official value"
"PP","Producer Prices","203","Czechia","5531","Producer Price (SLC/tonne)","21122","Meat of ducks, fresh or chilled","1996","1996","7021","Annual value","SLC","40460","A","Official value"
"PP","Producer Prices","203","Czechia","5531","Producer Price (SLC/tonne)","21122","Meat of ducks, fresh or chilled","1997","1997","7021","Annual value","SLC","46443","A","Official value"
"PP","Producer Prices","203","Czechia","5531","Producer Price (SLC/tonne)","21122","Meat of ducks, fresh or chilled","1998","1998","7021","Annual value","SLC","48360","A","Official value"
"PP","Producer Prices","203","Czechia","5531","Producer Price (SLC/tonne)","21122","Meat of ducks, fresh or chilled","1999","1999","7021","Annual value","SLC","44367","A","Official value"
"PP","Producer Prices","203","Czechia","5531","Producer Price (SLC/tonne)","21122","Meat of ducks, fresh or chilled","2000","2000","7021","Annual value","SLC","41201","A","Official value"
"PP","Producer Prices","203","Czechia","5531","Producer Price (SLC/tonne)","21122","Meat of ducks, fresh or chilled","2001","2001","7021","Annual value","SLC","42764","A","Official value"
"PP","Producer Prices","203","Czechia","5531","Producer Price (SLC/tonne)","21122","Meat of ducks, fresh or chilled","2002","2002","7021","Annual value","SLC","44271","A","Official value"
"PP","Producer Prices","203","Czechia","5531","Producer Price (SLC/tonne)","21122b","Meat of ducks, fresh or chilled (biological)","1993","1993","7021","Annual value","SLC","28729","A","Official value"
"PP","Producer Prices","203","Czechia","5531","Producer Price (SLC/tonne)","21122b","Meat of ducks, fresh or chilled (biological)","1994","1994","7021","Annual value","SLC","22333","A","Official value"
"PP","Producer Prices","203","Czechia","5531","Producer Price (SLC/tonne)","21122b","Meat of ducks, fresh or chilled (biological)","1995","1995","7021","Annual value","SLC","30457","A","Official value"
"PP","Producer Prices","203","Czechia","5531","Producer Price (SLC/tonne)","21122b","Meat of ducks, fresh or chilled (biological)","1996","1996","7021","Annual value","SLC","29131","A","Official value"
"PP","Producer Prices","203","Czechia","5531","Producer Price (SLC/tonne)","21122b","Meat of ducks, fresh or chilled (biological)","1997","1997","7021","Annual value","SLC","33439","A","Official value"
"PP","Producer Prices","203","Czechia","5531","Producer Price (SLC/tonne)","21122b","Meat of ducks, fresh or chilled (biological)","1998","1998","7021","Annual value","SLC","34819","A","Official value"
"PP","Producer Prices","203","Czechia","5531","Producer Price (SLC/tonne)","21122b","Meat of ducks, fresh or chilled (biological)","1999","1999","7021","Annual value","SLC","31944","A","Official value"
"PP","Producer Prices","203","Czechia","5531","Producer Price (SLC/tonne)","21122b","Meat of ducks, fresh or chilled (biological)","2000","2000","7021","Annual value","SLC","29665","A","Official value"
"PP","Producer Prices","203","Czechia","5531","Producer Price (SLC/tonne)","21122b","Meat of ducks, fresh or chilled (biological)","2001","2001","7021","Annual value","SLC","30790","A","Official value"
"PP","Producer Prices","203","Czechia","5531","Producer Price (SLC/tonne)","21122b","Meat of ducks, fresh or chilled (biological)","2002","2002","7021","Annual value","SLC","31875","A","Official value"
"PP","Producer Prices","203","Czechia","5531","Producer Price (SLC/tonne)","21122b","Meat of ducks, fresh or chilled (biological)","2003","2003","7021","Annual value","SLC","28434","A","Official value"
"PP","Producer Prices","203","Czechia","5531","Producer Price (SLC/tonne)","21122b","Meat of ducks, fresh or chilled (biological)","2004","2004","7021","Annual value","SLC","28046","A","Official value"
"PP","Producer Prices","203","Czechia","5531","Producer Price (SLC/tonne)","21122b","Meat of ducks, fresh or chilled (biological)","2005","2005","7021","Annual value","SLC","28333","A","Official value"
"PP","Producer Prices","203","Czechia","5531","Producer Price (SLC/tonne)","21122b","Meat of ducks, fresh or chilled (biological)","2006","2006","7021","Annual value","SLC","27966","A","Official value"
"PP","Producer Prices","203","Czechia","5531","Producer Price (SLC/tonne)","21122b","Meat of ducks, fresh or chilled (biological)","2007","2007","7021","Annual value","SLC","28457","A","Official value"
"PP","Producer Prices","203","Czechia","5531","Producer Price (SLC/tonne)","21122b","Meat of ducks, fresh or chilled (biological)","2008","2008","7021","Annual value","SLC","30595","A","Official value"
"PP","Producer Prices","203","Czechia","5531","Producer Price (SLC/tonne)","21122b","Meat of ducks, fresh or chilled (biological)","2009","2009","7021","Annual value","SLC","28386","A","Official value"
"PP","Producer Prices","203","Czechia","5531","Producer Price (SLC/tonne)","21122b","Meat of ducks, fresh or chilled (biological)","2010","2010","7021","Annual value","SLC","26533","A","Official value"
"PP","Producer Prices","203","Czechia","5531","Producer Price (SLC/tonne)","21122b","Meat of ducks, fresh or chilled (biological)","2011","2011","7021","Annual value","SLC","27208","A","Official value"
"PP","Producer Prices","203","Czechia","5531","Producer Price (SLC/tonne)","21122b","Meat of ducks, fresh or chilled (biological)","2012","2012","7021","Annual value","SLC","28045","A","Official value"
"PP","Producer Prices","203","Czechia","5531","Producer Price (SLC/tonne)","21122b","Meat of ducks, fresh or chilled (biological)","2013","2013","7021","Annual value","SLC","29431","A","Official value"
"PP","Producer Prices","203","Czechia","5531","Producer Price (SLC/tonne)","21122b","Meat of ducks, fresh or chilled (biological)","2014","2014","7021","Annual value","SLC","29485","A","Official value"
"PP","Producer Prices","203","Czechia","5531","Producer Price (SLC/tonne)","21122b","Meat of ducks, fresh or chilled (biological)","2015","2015","7021","Annual value","SLC","29316","A","Official value"
"PP","Producer Prices","203","Czechia","5531","Producer Price (SLC/tonne)","21122b","Meat of ducks, fresh or chilled (biological)","2016","2016","7021","Annual value","SLC","29633","A","Official value"
"PP","Producer Prices","203","Czechia","5531","Producer Price (SLC/tonne)","21122b","Meat of ducks, fresh or chilled (biological)","2017","2017","7021","Annual value","SLC","29219","A","Official value"
"PP","Producer Prices","203","Czechia","5531","Producer Price (SLC/tonne)","21122b","Meat of ducks, fresh or chilled (biological)","2018","2018","7021","Annual value","SLC","29058","A","Official value"
"PP","Producer Prices","203","Czechia","5531","Producer Price (SLC/tonne)","21122b","Meat of ducks, fresh or chilled (biological)","2019","2019","7021","Annual value","SLC","29265","A","Official value"
"PP","Producer Prices","203","Czechia","5531","Producer Price (SLC/tonne)","21122b","Meat of ducks, fresh or chilled (biological)","2020","2020","7021","Annual value","SLC","29028","A","Official value"
"PP","Producer Prices","203","Czechia","5531","Producer Price (SLC/tonne)","21122b","Meat of ducks, fresh or chilled (biological)","2021","2021","7021","Annual value","SLC","29250","A","Official value"
"PP","Producer Prices","203","Czechia","5531","Producer Price (SLC/tonne)","21122b","Meat of ducks, fresh or chilled (biological)","2022","2022","7021","Annual value","SLC","33614","A","Official value"
"PP","Producer Prices","203","Czechia","5531","Producer Price (SLC/tonne)","21122b","Meat of ducks, fresh or chilled (biological)","2023","2023","7021","Annual value","SLC","37313","A","Official value"
"PP","Producer Prices","203","Czechia","5531","Producer Price (SLC/tonne)","21122b","Meat of ducks, fresh or chilled (biological)","2024","2024","7021","Annual value","SLC","35429","A","Official value"
"PP","Producer Prices","203","Czechia","5531","Producer Price (SLC/tonne)","21123","Meat of geese, fresh or chilled","1993","1993","7021","Annual value","SLC","47193","A","Official value"
"PP","Producer Prices","203","Czechia","5531","Producer Price (SLC/tonne)","21123","Meat of geese, fresh or chilled","1994","1994","7021","Annual value","SLC","46093","A","Official value"
"PP","Producer Prices","203","Czechia","5531","Producer Price (SLC/tonne)","21123","Meat of geese, fresh or chilled","1995","1995","7021","Annual value","SLC","49580","A","Official value"
"PP","Producer Prices","203","Czechia","5531","Producer Price (SLC/tonne)","21123","Meat of geese, fresh or chilled","1996","1996","7021","Annual value","SLC","51270","A","Official value"
"PP","Producer Prices","203","Czechia","5531","Producer Price (SLC/tonne)","21123b","Meat of geese, fresh or chilled (biological)","1993","1993","7021","Annual value","SLC","39170","A","Official value"
"PP","Producer Prices","203","Czechia","5531","Producer Price (SLC/tonne)","21123b","Meat of geese, fresh or chilled (biological)","1994","1994","7021","Annual value","SLC","38257","A","Official value"
"PP","Producer Prices","203","Czechia","5531","Producer Price (SLC/tonne)","21123b","Meat of geese, fresh or chilled (biological)","1995","1995","7021","Annual value","SLC","41151","A","Official value"
"PP","Producer Prices","203","Czechia","5531","Producer Price (SLC/tonne)","21123b","Meat of geese, fresh or chilled (biological)","1996","1996","7021","Annual value","SLC","42554","A","Official value"
"PP","Producer Prices","203","Czechia","5531","Producer Price (SLC/tonne)","21116","Meat of goat, fresh or chilled","1993","1993","7021","Annual value","SLC","14000","A","Official value"
"PP","Producer Prices","203","Czechia","5531","Producer Price (SLC/tonne)","21116b","Meat of goat, fresh or chilled (biological)","1993","1993","7021","Annual value","SLC","7000","A","Official value"
"PP","Producer Prices","203","Czechia","5531","Producer Price (SLC/tonne)","21113.01","Meat of pig with the bone, fresh or chilled","1993","1993","7021","Annual value","SLC","32538","A","Official value"
"PP","Producer Prices","203","Czechia","5531","Producer Price (SLC/tonne)","21113.01","Meat of pig with the bone, fresh or chilled","1994","1994","7021","Annual value","SLC","39049","A","Official value"
"PP","Producer Prices","203","Czechia","5531","Producer Price (SLC/tonne)","21113.01","Meat of pig with the bone, fresh or chilled","1995","1995","7021","Annual value","SLC","42323","A","Official value"
"PP","Producer Prices","203","Czechia","5531","Producer Price (SLC/tonne)","21113.01","Meat of pig with the bone, fresh or chilled","1996","1996","7021","Annual value","SLC","43665","A","Official value"
"PP","Producer Prices","203","Czechia","5531","Producer Price (SLC/tonne)","21113.01","Meat of pig with the bone, fresh or chilled","1997","1997","7021","Annual value","SLC","43705","A","Official value"
"PP","Producer Prices","203","Czechia","5531","Producer Price (SLC/tonne)","21113.01","Meat of pig with the bone, fresh or chilled","1998","1998","7021","Annual value","SLC","41893","A","Official value"
"PP","Producer Prices","203","Czechia","5531","Producer Price (SLC/tonne)","21113.01","Meat of pig with the bone, fresh or chilled","1999","1999","7021","Annual value","SLC","37487","A","Official value"
"PP","Producer Prices","203","Czechia","5531","Producer Price (SLC/tonne)","21113.01","Meat of pig with the bone, fresh or chilled","2000","2000","7021","Annual value","SLC","43572","A","Official value"
"PP","Producer Prices","203","Czechia","5531","Producer Price (SLC/tonne)","21113.01","Meat of pig with the bone, fresh or chilled","2001","2001","7021","Annual value","SLC","53738","A","Official value"
"PP","Producer Prices","203","Czechia","5531","Producer Price (SLC/tonne)","21113.01","Meat of pig with the bone, fresh or chilled","2002","2002","7021","Annual value","SLC","41227","A","Official value"
"PP","Producer Prices","203","Czechia","5531","Producer Price (SLC/tonne)","21113.01","Meat of pig with the bone, fresh or chilled","2003","2003","7021","Annual value","SLC","36811","A","Official value"
"PP","Producer Prices","203","Czechia","5531","Producer Price (SLC/tonne)","21113.01","Meat of pig with the bone, fresh or chilled","2004","2004","7021","Annual value","SLC","40429","A","Official value"
"PP","Producer Prices","203","Czechia","5531","Producer Price (SLC/tonne)","21113.01","Meat of pig with the bone, fresh or chilled","2005","2005","7021","Annual value","SLC","41477","A","Official value"
"PP","Producer Prices","203","Czechia","5531","Producer Price (SLC/tonne)","21113.01","Meat of pig with the bone, fresh or chilled","2006","2006","7021","Annual value","SLC","40761","A","Official value"
"PP","Producer Prices","203","Czechia","5531","Producer Price (SLC/tonne)","21113.01","Meat of pig with the bone, fresh or chilled","2007","2007","7021","Annual value","SLC","36680","A","Official value"
"PP","Producer Prices","203","Czechia","5531","Producer Price (SLC/tonne)","21113.01","Meat of pig with the bone, fresh or chilled","2008","2008","7021","Annual value","SLC","38274","A","Official value"
"PP","Producer Prices","203","Czechia","5531","Producer Price (SLC/tonne)","21113.01","Meat of pig with the bone, fresh or chilled","2009","2009","7021","Annual value","SLC","37602","A","Official value"
"PP","Producer Prices","203","Czechia","5531","Producer Price (SLC/tonne)","21113.01","Meat of pig with the bone, fresh or chilled","2010","2010","7021","Annual value","SLC","34246","A","Official value"
"PP","Producer Prices","203","Czechia","5531","Producer Price (SLC/tonne)","21113.01","Meat of pig with the bone, fresh or chilled","2011","2011","7021","Annual value","SLC","35598.3","A","Official value"
"PP","Producer Prices","203","Czechia","5531","Producer Price (SLC/tonne)","21113.01","Meat of pig with the bone, fresh or chilled","2012","2012","7021","Annual value","SLC","41728.2","A","Official value"
"PP","Producer Prices","203","Czechia","5531","Producer Price (SLC/tonne)","21113.01","Meat of pig with the bone, fresh or chilled","2013","2013","7021","Annual value","SLC","42852","A","Official value"
"PP","Producer Prices","203","Czechia","5531","Producer Price (SLC/tonne)","21113.01","Meat of pig with the bone, fresh or chilled","2014","2014","7021","Annual value","SLC","42877","A","Official value"
"PP","Producer Prices","203","Czechia","5531","Producer Price (SLC/tonne)","21113.01","Meat of pig with the bone, fresh or chilled","2015","2015","7021","Annual value","SLC","37444","A","Official value"
"PP","Producer Prices","203","Czechia","5531","Producer Price (SLC/tonne)","21113.01","Meat of pig with the bone, fresh or chilled","2016","2016","7021","Annual value","SLC","37170","A","Official value"
"PP","Producer Prices","203","Czechia","5531","Producer Price (SLC/tonne)","21113.01b","Meat of pig with the bone, fresh or chilled (biological)","1993","1993","7021","Annual value","SLC","26453","A","Official value"
"PP","Producer Prices","203","Czechia","5531","Producer Price (SLC/tonne)","21113.01b","Meat of pig with the bone, fresh or chilled (biological)","1994","1994","7021","Annual value","SLC","31747","A","Official value"
"PP","Producer Prices","203","Czechia","5531","Producer Price (SLC/tonne)","21113.01b","Meat of pig with the bone, fresh or chilled (biological)","1995","1995","7021","Annual value","SLC","34409","A","Official value"
"PP","Producer Prices","203","Czechia","5531","Producer Price (SLC/tonne)","21113.01b","Meat of pig with the bone, fresh or chilled (biological)","1996","1996","7021","Annual value","SLC","35500","A","Official value"
"PP","Producer Prices","203","Czechia","5531","Producer Price (SLC/tonne)","21113.01b","Meat of pig with the bone, fresh or chilled (biological)","1997","1997","7021","Annual value","SLC","35532","A","Official value"
"PP","Producer Prices","203","Czechia","5531","Producer Price (SLC/tonne)","21113.01b","Meat of pig with the bone, fresh or chilled (biological)","1998","1998","7021","Annual value","SLC","34059","A","Official value"
"PP","Producer Prices","203","Czechia","5531","Producer Price (SLC/tonne)","21113.01b","Meat of pig with the bone, fresh or chilled (biological)","1999","1999","7021","Annual value","SLC","30477","A","Official value"
"PP","Producer Prices","203","Czechia","5531","Producer Price (SLC/tonne)","21113.01b","Meat of pig with the bone, fresh or chilled (biological)","2000","2000","7021","Annual value","SLC","35261","A","Official value"
"PP","Producer Prices","203","Czechia","5531","Producer Price (SLC/tonne)","21113.01b","Meat of pig with the bone, fresh or chilled (biological)","2001","2001","7021","Annual value","SLC","43393","A","Official value"
"PP","Producer Prices","203","Czechia","5531","Producer Price (SLC/tonne)","21113.01b","Meat of pig with the bone, fresh or chilled (biological)","2002","2002","7021","Annual value","SLC","33001","A","Official value"
"PP","Producer Prices","203","Czechia","5531","Producer Price (SLC/tonne)","21113.01b","Meat of pig with the bone, fresh or chilled (biological)","2003","2003","7021","Annual value","SLC","29840","A","Official value"
"PP","Producer Prices","203","Czechia","5531","Producer Price (SLC/tonne)","21113.01b","Meat of pig with the bone, fresh or chilled (biological)","2004","2004","7021","Annual value","SLC","31922","A","Official value"
"PP","Producer Prices","203","Czechia","5531","Producer Price (SLC/tonne)","21113.01b","Meat of pig with the bone, fresh or chilled (biological)","2005","2005","7021","Annual value","SLC","32277","A","Official value"
"PP","Producer Prices","203","Czechia","5531","Producer Price (SLC/tonne)","21113.01b","Meat of pig with the bone, fresh or chilled (biological)","2006","2006","7021","Annual value","SLC","31446","A","Official value"
"PP","Producer Prices","203","Czechia","5531","Producer Price (SLC/tonne)","21113.01b","Meat of pig with the bone, fresh or chilled (biological)","2007","2007","7021","Annual value","SLC","27504","A","Official value"
"PP","Producer Prices","203","Czechia","5531","Producer Price (SLC/tonne)","21113.01b","Meat of pig with the bone, fresh or chilled (biological)","2008","2008","7021","Annual value","SLC","28888","A","Official value"
"PP","Producer Prices","203","Czechia","5531","Producer Price (SLC/tonne)","21113.01b","Meat of pig with the bone, fresh or chilled (biological)","2009","2009","7021","Annual value","SLC","28739","A","Official value"
"PP","Producer Prices","203","Czechia","5531","Producer Price (SLC/tonne)","21113.01b","Meat of pig with the bone, fresh or chilled (biological)","2010","2010","7021","Annual value","SLC","26210","A","Official value"
"PP","Producer Prices","203","Czechia","5531","Producer Price (SLC/tonne)","21113.01b","Meat of pig with the bone, fresh or chilled (biological)","2011","2011","7021","Annual value","SLC","27239.1","A","Official value"
"PP","Producer Prices","203","Czechia","5531","Producer Price (SLC/tonne)","21113.01b","Meat of pig with the bone, fresh or chilled (biological)","2012","2012","7021","Annual value","SLC","31792.5","A","Official value"
"PP","Producer Prices","203","Czechia","5531","Producer Price (SLC/tonne)","21113.01b","Meat of pig with the bone, fresh or chilled (biological)","2013","2013","7021","Annual value","SLC","33430","A","Official value"
"PP","Producer Prices","203","Czechia","5531","Producer Price (SLC/tonne)","21113.01b","Meat of pig with the bone, fresh or chilled (biological)","2014","2014","7021","Annual value","SLC","32999","A","Official value"
"PP","Producer Prices","203","Czechia","5531","Producer Price (SLC/tonne)","21113.01b","Meat of pig with the bone, fresh or chilled (biological)","2015","2015","7021","Annual value","SLC","29024","A","Official value"
"PP","Producer Prices","203","Czechia","5531","Producer Price (SLC/tonne)","21113.01b","Meat of pig with the bone, fresh or chilled (biological)","2016","2016","7021","Annual value","SLC","29263","A","Official value"
"PP","Producer Prices","203","Czechia","5531","Producer Price (SLC/tonne)","21113.01b","Meat of pig with the bone, fresh or chilled (biological)","2017","2017","7021","Annual value","SLC","32516","A","Official value"
"PP","Producer Prices","203","Czechia","5531","Producer Price (SLC/tonne)","21113.01b","Meat of pig with the bone, fresh or chilled (biological)","2018","2018","7021","Annual value","SLC","27270","A","Official value"
"PP","Producer Prices","203","Czechia","5531","Producer Price (SLC/tonne)","21113.01b","Meat of pig with the bone, fresh or chilled (biological)","2019","2019","7021","Annual value","SLC","31817","A","Official value"
"PP","Producer Prices","203","Czechia","5531","Producer Price (SLC/tonne)","21113.01b","Meat of pig with the bone, fresh or chilled (biological)","2020","2020","7021","Annual value","SLC","31635","A","Official value"
"PP","Producer Prices","203","Czechia","5531","Producer Price (SLC/tonne)","21113.01b","Meat of pig with the bone, fresh or chilled (biological)","2021","2021","7021","Annual value","SLC","26466","A","Official value"
"PP","Producer Prices","203","Czechia","5531","Producer Price (SLC/tonne)","21113.01b","Meat of pig with the bone, fresh or chilled (biological)","2022","2022","7021","Annual value","SLC","32983","A","Official value"
"PP","Producer Prices","203","Czechia","5531","Producer Price (SLC/tonne)","21113.01b","Meat of pig with the bone, fresh or chilled (biological)","2023","2023","7021","Annual value","SLC","41205","A","Official value"
"PP","Producer Prices","203","Czechia","5531","Producer Price (SLC/tonne)","21113.01b","Meat of pig with the bone, fresh or chilled (biological)","2024","2024","7021","Annual value","SLC","39674","A","Official value"
"PP","Producer Prices","203","Czechia","5531","Producer Price (SLC/tonne)","21114","Meat of rabbits and hares, fresh or chilled","1993","1993","7021","Annual value","SLC","64137","A","Official value"
"PP","Producer Prices","203","Czechia","5531","Producer Price (SLC/tonne)","21114","Meat of rabbits and hares, fresh or chilled","1994","1994","7021","Annual value","SLC","66597","A","Official value"
"PP","Producer Prices","203","Czechia","5531","Producer Price (SLC/tonne)","21114","Meat of rabbits and hares, fresh or chilled","1995","1995","7021","Annual value","SLC","64137","A","Official value"
"PP","Producer Prices","203","Czechia","5531","Producer Price (SLC/tonne)","21114","Meat of rabbits and hares, fresh or chilled","1996","1996","7021","Annual value","SLC","66597","A","Official value"
"PP","Producer Prices","203","Czechia","5531","Producer Price (SLC/tonne)","21114","Meat of rabbits and hares, fresh or chilled","1997","1997","7021","Annual value","SLC","70952","A","Official value"
"PP","Producer Prices","203","Czechia","5531","Producer Price (SLC/tonne)","21114","Meat of rabbits and hares, fresh or chilled","1998","1998","7021","Annual value","SLC","77245","A","Official value"
"PP","Producer Prices","203","Czechia","5531","Producer Price (SLC/tonne)","21114","Meat of rabbits and hares, fresh or chilled","1999","1999","7021","Annual value","SLC","76177","A","Official value"
"PP","Producer Prices","203","Czechia","5531","Producer Price (SLC/tonne)","21114","Meat of rabbits and hares, fresh or chilled","2000","2000","7021","Annual value","SLC","76628","A","Official value"
"PP","Producer Prices","203","Czechia","5531","Producer Price (SLC/tonne)","21114","Meat of rabbits and hares, fresh or chilled","2001","2001","7021","Annual value","SLC","80978","A","Official value"
"PP","Producer Prices","203","Czechia","5531","Producer Price (SLC/tonne)","21114","Meat of rabbits and hares, fresh or chilled","2002","2002","7021","Annual value","SLC","77597","A","Official value"
"PP","Producer Prices","203","Czechia","5531","Producer Price (SLC/tonne)","21114b","Meat of rabbits and hares, fresh or chilled (biological)","1993","1993","7021","Annual value","SLC","38482","A","Official value"
"PP","Producer Prices","203","Czechia","5531","Producer Price (SLC/tonne)","21114b","Meat of rabbits and hares, fresh or chilled (biological)","1994","1994","7021","Annual value","SLC","39958","A","Official value"
"PP","Producer Prices","203","Czechia","5531","Producer Price (SLC/tonne)","21114b","Meat of rabbits and hares, fresh or chilled (biological)","1995","1995","7021","Annual value","SLC","38482","A","Official value"
"PP","Producer Prices","203","Czechia","5531","Producer Price (SLC/tonne)","21114b","Meat of rabbits and hares, fresh or chilled (biological)","1996","1996","7021","Annual value","SLC","39958","A","Official value"
"PP","Producer Prices","203","Czechia","5531","Producer Price (SLC/tonne)","21114b","Meat of rabbits and hares, fresh or chilled (biological)","1997","1997","7021","Annual value","SLC","42571","A","Official value"
"PP","Producer Prices","203","Czechia","5531","Producer Price (SLC/tonne)","21114b","Meat of rabbits and hares, fresh or chilled (biological)","1998","1998","7021","Annual value","SLC","46347","A","Official value"
"PP","Producer Prices","203","Czechia","5531","Producer Price (SLC/tonne)","21114b","Meat of rabbits and hares, fresh or chilled (biological)","1999","1999","7021","Annual value","SLC","45706","A","Official value"
"PP","Producer Prices","203","Czechia","5531","Producer Price (SLC/tonne)","21114b","Meat of rabbits and hares, fresh or chilled (biological)","2000","2000","7021","Annual value","SLC","47545","A","Official value"
"PP","Producer Prices","203","Czechia","5531","Producer Price (SLC/tonne)","21114b","Meat of rabbits and hares, fresh or chilled (biological)","2001","2001","7021","Annual value","SLC","48673","A","Official value"
"PP","Producer Prices","203","Czechia","5531","Producer Price (SLC/tonne)","21114b","Meat of rabbits and hares, fresh or chilled (biological)","2002","2002","7021","Annual value","SLC","46757","A","Official value"
"PP","Producer Prices","203","Czechia","5531","Producer Price (SLC/tonne)","21114b","Meat of rabbits and hares, fresh or chilled (biological)","2003","2003","7021","Annual value","SLC","46999","A","Official value"
"PP","Producer Prices","203","Czechia","5531","Producer Price (SLC/tonne)","21114b","Meat of rabbits and hares, fresh or chilled (biological)","2004","2004","7021","Annual value","SLC","47750","A","Official value"
"PP","Producer Prices","203","Czechia","5531","Producer Price (SLC/tonne)","21114b","Meat of rabbits and hares, fresh or chilled (biological)","2005","2005","7021","Annual value","SLC","45573","A","Official value"
"PP","Producer Prices","203","Czechia","5531","Producer Price (SLC/tonne)","21114b","Meat of rabbits and hares, fresh or chilled (biological)","2006","2006","7021","Annual value","SLC","43583","A","Official value"
"PP","Producer Prices","203","Czechia","5531","Producer Price (SLC/tonne)","21114b","Meat of rabbits and hares, fresh or chilled (biological)","2007","2007","7021","Annual value","SLC","46318","A","Official value"
"PP","Producer Prices","203","Czechia","5531","Producer Price (SLC/tonne)","21115","Meat of sheep, fresh or chilled","1993","1993","7021","Annual value","SLC","37048","A","Official value"
"PP","Producer Prices","203","Czechia","5531","Producer Price (SLC/tonne)","21115","Meat of sheep, fresh or chilled","1994","1994","7021","Annual value","SLC","46292","A","Official value"
"PP","Producer Prices","203","Czechia","5531","Producer Price (SLC/tonne)","21115","Meat of sheep, fresh or chilled","1995","1995","7021","Annual value","SLC","69956","A","Official value"
"PP","Producer Prices","203","Czechia","5531","Producer Price (SLC/tonne)","21115","Meat of sheep, fresh or chilled","1996","1996","7021","Annual value","SLC","65986","A","Official value"
"PP","Producer Prices","203","Czechia","5531","Producer Price (SLC/tonne)","21115","Meat of sheep, fresh or chilled","1997","1997","7021","Annual value","SLC","75076","A","Official value"
"PP","Producer Prices","203","Czechia","5531","Producer Price (SLC/tonne)","21115","Meat of sheep, fresh or chilled","1998","1998","7021","Annual value","SLC","78200","A","Official value"
"PP","Producer Prices","203","Czechia","5531","Producer Price (SLC/tonne)","21115","Meat of sheep, fresh or chilled","1999","1999","7021","Annual value","SLC","78242","A","Official value"
"PP","Producer Prices","203","Czechia","5531","Producer Price (SLC/tonne)","21115b","Meat of sheep, fresh or chilled (biological)","1993","1993","7021","Annual value","SLC","18524","A","Official value"
"PP","Producer Prices","203","Czechia","5531","Producer Price (SLC/tonne)","21115b","Meat of sheep, fresh or chilled (biological)","1994","1994","7021","Annual value","SLC","23146","A","Official value"
"PP","Producer Prices","203","Czechia","5531","Producer Price (SLC/tonne)","21115b","Meat of sheep, fresh or chilled (biological)","1995","1995","7021","Annual value","SLC","34978","A","Official value"
"PP","Producer Prices","203","Czechia","5531","Producer Price (SLC/tonne)","21115b","Meat of sheep, fresh or chilled (biological)","1996","1996","7021","Annual value","SLC","32993","A","Official value"
"PP","Producer Prices","203","Czechia","5531","Producer Price (SLC/tonne)","21115b","Meat of sheep, fresh or chilled (biological)","1997","1997","7021","Annual value","SLC","37538","A","Official value"
"PP","Producer Prices","203","Czechia","5531","Producer Price (SLC/tonne)","21115b","Meat of sheep, fresh or chilled (biological)","1998","1998","7021","Annual value","SLC","39100","A","Official value"
"PP","Producer Prices","203","Czechia","5531","Producer Price (SLC/tonne)","21115b","Meat of sheep, fresh or chilled (biological)","1999","1999","7021","Annual value","SLC","39121","A","Official value"
"PP","Producer Prices","203","Czechia","5531","Producer Price (SLC/tonne)","21115b","Meat of sheep, fresh or chilled (biological)","2000","2000","7021","Annual value","SLC","40458","A","Official value"
"PP","Producer Prices","203","Czechia","5531","Producer Price (SLC/tonne)","21115b","Meat of sheep, fresh or chilled (biological)","2001","2001","7021","Annual value","SLC","41412","A","Official value"
"PP","Producer Prices","203","Czechia","5531","Producer Price (SLC/tonne)","21115b","Meat of sheep, fresh or chilled (biological)","2002","2002","7021","Annual value","SLC","47809","A","Official value"
"PP","Producer Prices","203","Czechia","5531","Producer Price (SLC/tonne)","21115b","Meat of sheep, fresh or chilled (biological)","2003","2003","7021","Annual value","SLC","47780","A","Official value"
"PP","Producer Prices","203","Czechia","5531","Producer Price (SLC/tonne)","21115b","Meat of sheep, fresh or chilled (biological)","2004","2004","7021","Annual value","SLC","45567","A","Official value"
"PP","Producer Prices","203","Czechia","5531","Producer Price (SLC/tonne)","21115b","Meat of sheep, fresh or chilled (biological)","2005","2005","7021","Annual value","SLC","43559","A","Official value"
"PP","Producer Prices","203","Czechia","5531","Producer Price (SLC/tonne)","21115b","Meat of sheep, fresh or chilled (biological)","2006","2006","7021","Annual value","SLC","48383","A","Official value"
"PP","Producer Prices","203","Czechia","5531","Producer Price (SLC/tonne)","21115b","Meat of sheep, fresh or chilled (biological)","2007","2007","7021","Annual value","SLC","47572","A","Official value"
"PP","Producer Prices","203","Czechia","5531","Producer Price (SLC/tonne)","21115b","Meat of sheep, fresh or chilled (biological)","2008","2008","7021","Annual value","SLC","41492","A","Official value"
"PP","Producer Prices","203","Czechia","5531","Producer Price (SLC/tonne)","21115b","Meat of sheep, fresh or chilled (biological)","2009","2009","7021","Annual value","SLC","58403","A","Official value"
"PP","Producer Prices","203","Czechia","5531","Producer Price (SLC/tonne)","21115b","Meat of sheep, fresh or chilled (biological)","2010","2010","7021","Annual value","SLC","61140","A","Official value"
"PP","Producer Prices","203","Czechia","5531","Producer Price (SLC/tonne)","21115b","Meat of sheep, fresh or chilled (biological)","2011","2011","7021","Annual value","SLC","50715","A","Official value"
"PP","Producer Prices","203","Czechia","5531","Producer Price (SLC/tonne)","21115b","Meat of sheep, fresh or chilled (biological)","2012","2012","7021","Annual value","SLC","51747","A","Official value"
"PP","Producer Prices","203","Czechia","5531","Producer Price (SLC/tonne)","21115b","Meat of sheep, fresh or chilled (biological)","2013","2013","7021","Annual value","SLC","51070","A","Official value"
"PP","Producer Prices","203","Czechia","5531","Producer Price (SLC/tonne)","21115b","Meat of sheep, fresh or chilled (biological)","2014","2014","7021","Annual value","SLC","46350","A","Official value"
"PP","Producer Prices","203","Czechia","5531","Producer Price (SLC/tonne)","21115b","Meat of sheep, fresh or chilled (biological)","2015","2015","7021","Annual value","SLC","51210","A","Official value"
"PP","Producer Prices","203","Czechia","5531","Producer Price (SLC/tonne)","21115b","Meat of sheep, fresh or chilled (biological)","2016","2016","7021","Annual value","SLC","50370","A","Official value"
"PP","Producer Prices","203","Czechia","5531","Producer Price (SLC/tonne)","21115b","Meat of sheep, fresh or chilled (biological)","2017","2017","7021","Annual value","SLC","50000","A","Official value"
"PP","Producer Prices","203","Czechia","5531","Producer Price (SLC/tonne)","21124","Meat of turkeys, fresh or chilled","1993","1993","7021","Annual value","SLC","39454","A","Official value"
"PP","Producer Prices","203","Czechia","5531","Producer Price (SLC/tonne)","21124","Meat of turkeys, fresh or chilled","1994","1994","7021","Annual value","SLC","44662","A","Official value"
"PP","Producer Prices","203","Czechia","5531","Producer Price (SLC/tonne)","21124","Meat of turkeys, fresh or chilled","1995","1995","7021","Annual value","SLC","43286","A","Official value"
"PP","Producer Prices","203","Czechia","5531","Producer Price (SLC/tonne)","21124","Meat of turkeys, fresh or chilled","1996","1996","7021","Annual value","SLC","42063","A","Official value"
"PP","Producer Prices","203","Czechia","5531","Producer Price (SLC/tonne)","21124","Meat of turkeys, fresh or chilled","1997","1997","7021","Annual value","SLC","46649","A","Official value"
"PP","Producer Prices","203","Czechia","5531","Producer Price (SLC/tonne)","21124","Meat of turkeys, fresh or chilled","1998","1998","7021","Annual value","SLC","48047","A","Official value"
"PP","Producer Prices","203","Czechia","5531","Producer Price (SLC/tonne)","21124","Meat of turkeys, fresh or chilled","1999","1999","7021","Annual value","SLC","42953","A","Official value"
"PP","Producer Prices","203","Czechia","5531","Producer Price (SLC/tonne)","21124","Meat of turkeys, fresh or chilled","2000","2000","7021","Annual value","SLC","41742","A","Official value"
"PP","Producer Prices","203","Czechia","5531","Producer Price (SLC/tonne)","21124","Meat of turkeys, fresh or chilled","2001","2001","7021","Annual value","SLC","44415","A","Official value"
"PP","Producer Prices","203","Czechia","5531","Producer Price (SLC/tonne)","21124","Meat of turkeys, fresh or chilled","2002","2002","7021","Annual value","SLC","38467","A","Official value"
"PP","Producer Prices","203","Czechia","5531","Producer Price (SLC/tonne)","21124b","Meat of turkeys, fresh or chilled (biological)","1993","1993","7021","Annual value","SLC","31958","A","Official value"
"PP","Producer Prices","203","Czechia","5531","Producer Price (SLC/tonne)","21124b","Meat of turkeys, fresh or chilled (biological)","1994","1994","7021","Annual value","SLC","36176","A","Official value"
"PP","Producer Prices","203","Czechia","5531","Producer Price (SLC/tonne)","21124b","Meat of turkeys, fresh or chilled (biological)","1995","1995","7021","Annual value","SLC","35062","A","Official value"
"PP","Producer Prices","203","Czechia","5531","Producer Price (SLC/tonne)","21124b","Meat of turkeys, fresh or chilled (biological)","1996","1996","7021","Annual value","SLC","34071","A","Official value"
"PP","Producer Prices","203","Czechia","5531","Producer Price (SLC/tonne)","21124b","Meat of turkeys, fresh or chilled (biological)","1997","1997","7021","Annual value","SLC","37786","A","Official value"
"PP","Producer Prices","203","Czechia","5531","Producer Price (SLC/tonne)","21124b","Meat of turkeys, fresh or chilled (biological)","1998","1998","7021","Annual value","SLC","38918","A","Official value"
"PP","Producer Prices","203","Czechia","5531","Producer Price (SLC/tonne)","21124b","Meat of turkeys, fresh or chilled (biological)","1999","1999","7021","Annual value","SLC","34792","A","Official value"
"PP","Producer Prices","203","Czechia","5531","Producer Price (SLC/tonne)","21124b","Meat of turkeys, fresh or chilled (biological)","2000","2000","7021","Annual value","SLC","33811","A","Official value"
"PP","Producer Prices","203","Czechia","5531","Producer Price (SLC/tonne)","21124b","Meat of turkeys, fresh or chilled (biological)","2001","2001","7021","Annual value","SLC","35976","A","Official value"
"PP","Producer Prices","203","Czechia","5531","Producer Price (SLC/tonne)","21124b","Meat of turkeys, fresh or chilled (biological)","2002","2002","7021","Annual value","SLC","31156","A","Official value"
"PP","Producer Prices","203","Czechia","5531","Producer Price (SLC/tonne)","21124b","Meat of turkeys, fresh or chilled (biological)","2003","2003","7021","Annual value","SLC","31624","A","Official value"
"PP","Producer Prices","203","Czechia","5531","Producer Price (SLC/tonne)","21124b","Meat of turkeys, fresh or chilled (biological)","2004","2004","7021","Annual value","SLC","31855","A","Official value"
"PP","Producer Prices","203","Czechia","5531","Producer Price (SLC/tonne)","21124b","Meat of turkeys, fresh or chilled (biological)","2005","2005","7021","Annual value","SLC","30000","A","Official value"
"PP","Producer Prices","203","Czechia","5531","Producer Price (SLC/tonne)","21124b","Meat of turkeys, fresh or chilled (biological)","2006","2006","7021","Annual value","SLC","26692","A","Official value"
"PP","Producer Prices","203","Czechia","5531","Producer Price (SLC/tonne)","21124b","Meat of turkeys, fresh or chilled (biological)","2007","2007","7021","Annual value","SLC","32140","A","Official value"
"PP","Producer Prices","203","Czechia","5531","Producer Price (SLC/tonne)","21124b","Meat of turkeys, fresh or chilled (biological)","2008","2008","7021","Annual value","SLC","32207","A","Official value"
"PP","Producer Prices","203","Czechia","5531","Producer Price (SLC/tonne)","21124b","Meat of turkeys, fresh or chilled (biological)","2009","2009","7021","Annual value","SLC","30768","A","Official value"
"PP","Producer Prices","203","Czechia","5531","Producer Price (SLC/tonne)","21124b","Meat of turkeys, fresh or chilled (biological)","2010","2010","7021","Annual value","SLC","28522","A","Official value"
"PP","Producer Prices","203","Czechia","5531","Producer Price (SLC/tonne)","21124b","Meat of turkeys, fresh or chilled (biological)","2011","2011","7021","Annual value","SLC","32818","A","Official value"
"PP","Producer Prices","203","Czechia","5531","Producer Price (SLC/tonne)","21124b","Meat of turkeys, fresh or chilled (biological)","2012","2012","7021","Annual value","SLC","34704","A","Official value"
"PP","Producer Prices","203","Czechia","5531","Producer Price (SLC/tonne)","21124b","Meat of turkeys, fresh or chilled (biological)","2013","2013","7021","Annual value","SLC","37017","A","Official value"
"PP","Producer Prices","203","Czechia","5531","Producer Price (SLC/tonne)","21124b","Meat of turkeys, fresh or chilled (biological)","2014","2014","7021","Annual value","SLC","38803","A","Official value"
"PP","Producer Prices","203","Czechia","5531","Producer Price (SLC/tonne)","21124b","Meat of turkeys, fresh or chilled (biological)","2015","2015","7021","Annual value","SLC","39380","A","Official value"
"PP","Producer Prices","203","Czechia","5531","Producer Price (SLC/tonne)","21124b","Meat of turkeys, fresh or chilled (biological)","2016","2016","7021","Annual value","SLC","35374","A","Official value"
"PP","Producer Prices","203","Czechia","5531","Producer Price (SLC/tonne)","21124b","Meat of turkeys, fresh or chilled (biological)","2017","2017","7021","Annual value","SLC","32608","A","Official value"
"PP","Producer Prices","203","Czechia","5531","Producer Price (SLC/tonne)","21124b","Meat of turkeys, fresh or chilled (biological)","2018","2018","7021","Annual value","SLC","31325","A","Official value"
"PP","Producer Prices","203","Czechia","5531","Producer Price (SLC/tonne)","21124b","Meat of turkeys, fresh or chilled (biological)","2019","2019","7021","Annual value","SLC","34700","A","Official value"
"PP","Producer Prices","203","Czechia","5531","Producer Price (SLC/tonne)","21124b","Meat of turkeys, fresh or chilled (biological)","2020","2020","7021","Annual value","SLC","32921","A","Official value"
"PP","Producer Prices","203","Czechia","5531","Producer Price (SLC/tonne)","21124b","Meat of turkeys, fresh or chilled (biological)","2021","2021","7021","Annual value","SLC","32586","A","Official value"
"PP","Producer Prices","203","Czechia","5531","Producer Price (SLC/tonne)","21124b","Meat of turkeys, fresh or chilled (biological)","2022","2022","7021","Annual value","SLC","41748","A","Official value"
"PP","Producer Prices","203","Czechia","5531","Producer Price (SLC/tonne)","21124b","Meat of turkeys, fresh or chilled (biological)","2023","2023","7021","Annual value","SLC","42865","A","Official value"
"PP","Producer Prices","203","Czechia","5531","Producer Price (SLC/tonne)","21124b","Meat of turkeys, fresh or chilled (biological)","2024","2024","7021","Annual value","SLC","39023","A","Official value"
"PP","Producer Prices","203","Czechia","5531","Producer Price (SLC/tonne)","01270","Mushrooms and truffles","2000","2000","7021","Annual value","SLC","45376","A","Official value"
"PP","Producer Prices","203","Czechia","5531","Producer Price (SLC/tonne)","01270","Mushrooms and truffles","2001","2001","7021","Annual value","SLC","47132","A","Official value"
"PP","Producer Prices","203","Czechia","5531","Producer Price (SLC/tonne)","01270","Mushrooms and truffles","2002","2002","7021","Annual value","SLC","48474","A","Official value"
"PP","Producer Prices","203","Czechia","5531","Producer Price (SLC/tonne)","01270","Mushrooms and truffles","2003","2003","7021","Annual value","SLC","44559","A","Official value"
"PP","Producer Prices","203","Czechia","5531","Producer Price (SLC/tonne)","01270","Mushrooms and truffles","2004","2004","7021","Annual value","SLC","42759","A","Official value"
"PP","Producer Prices","203","Czechia","5531","Producer Price (SLC/tonne)","01270","Mushrooms and truffles","2005","2005","7021","Annual value","SLC","43228","A","Official value"
"PP","Producer Prices","203","Czechia","5531","Producer Price (SLC/tonne)","01270","Mushrooms and truffles","2006","2006","7021","Annual value","SLC","43073","A","Official value"
"PP","Producer Prices","203","Czechia","5531","Producer Price (SLC/tonne)","01270","Mushrooms and truffles","2007","2007","7021","Annual value","SLC","41963","A","Official value"
"PP","Producer Prices","203","Czechia","5531","Producer Price (SLC/tonne)","01270","Mushrooms and truffles","2008","2008","7021","Annual value","SLC","42432","A","Official value"
"PP","Producer Prices","203","Czechia","5531","Producer Price (SLC/tonne)","01270","Mushrooms and truffles","2009","2009","7021","Annual value","SLC","42873","A","Official value"
"PP","Producer Prices","203","Czechia","5531","Producer Price (SLC/tonne)","01270","Mushrooms and truffles","2010","2010","7021","Annual value","SLC","42347","A","Official value"
"PP","Producer Prices","203","Czechia","5531","Producer Price (SLC/tonne)","01270","Mushrooms and truffles","2011","2011","7021","Annual value","SLC","42690","A","Official value"
"PP","Producer Prices","203","Czechia","5531","Producer Price (SLC/tonne)","01270","Mushrooms and truffles","2012","2012","7021","Annual value","SLC","41827","A","Official value"
"PP","Producer Prices","203","Czechia","5531","Producer Price (SLC/tonne)","01270","Mushrooms and truffles","2013","2013","7021","Annual value","SLC","40625","A","Official value"
"PP","Producer Prices","203","Czechia","5531","Producer Price (SLC/tonne)","01270","Mushrooms and truffles","2014","2014","7021","Annual value","SLC","41818","A","Official value"
"PP","Producer Prices","203","Czechia","5531","Producer Price (SLC/tonne)","01270","Mushrooms and truffles","2015","2015","7021","Annual value","SLC","41579","A","Official value"
"PP","Producer Prices","203","Czechia","5531","Producer Price (SLC/tonne)","01270","Mushrooms and truffles","2016","2016","7021","Annual value","SLC","41783","A","Official value"
"PP","Producer Prices","203","Czechia","5531","Producer Price (SLC/tonne)","01270","Mushrooms and truffles","2017","2017","7021","Annual value","SLC","41225","A","Official value"
"PP","Producer Prices","203","Czechia","5531","Producer Price (SLC/tonne)","01270","Mushrooms and truffles","2018","2018","7021","Annual value","SLC","40009","A","Official value"
"PP","Producer Prices","203","Czechia","5531","Producer Price (SLC/tonne)","01270","Mushrooms and truffles","2019","2019","7021","Annual value","SLC","40379","A","Official value"
"PP","Producer Prices","203","Czechia","5531","Producer Price (SLC/tonne)","01270","Mushrooms and truffles","2020","2020","7021","Annual value","SLC","41771","A","Official value"
"PP","Producer Prices","203","Czechia","5531","Producer Price (SLC/tonne)","01270","Mushrooms and truffles","2021","2021","7021","Annual value","SLC","41696","A","Official value"
"PP","Producer Prices","203","Czechia","5531","Producer Price (SLC/tonne)","01270","Mushrooms and truffles","2022","2022","7021","Annual value","SLC","45154","A","Official value"
"PP","Producer Prices","203","Czechia","5531","Producer Price (SLC/tonne)","01270","Mushrooms and truffles","2023","2023","7021","Annual value","SLC","52329","A","Official value"
"PP","Producer Prices","203","Czechia","5531","Producer Price (SLC/tonne)","01270","Mushrooms and truffles","2024","2024","7021","Annual value","SLC","53213","A","Official value"
"PP","Producer Prices","203","Czechia","5531","Producer Price (SLC/tonne)","01442","Mustard seed","1993","1993","7021","Annual value","SLC","6837","A","Official value"
"PP","Producer Prices","203","Czechia","5531","Producer Price (SLC/tonne)","01442","Mustard seed","2000","2000","7021","Annual value","SLC","6598","A","Official value"
"PP","Producer Prices","203","Czechia","5531","Producer Price (SLC/tonne)","01442","Mustard seed","2001","2001","7021","Annual value","SLC","9202","A","Official value"
"PP","Producer Prices","203","Czechia","5531","Producer Price (SLC/tonne)","01442","Mustard seed","2002","2002","7021","Annual value","SLC","11347","A","Official value"
"PP","Producer Prices","203","Czechia","5531","Producer Price (SLC/tonne)","01442","Mustard seed","2003","2003","7021","Annual value","SLC","10615","A","Official value"
"PP","Producer Prices","203","Czechia","5531","Producer Price (SLC/tonne)","01442","Mustard seed","2004","2004","7021","Annual value","SLC","8888","A","Official value"
"PP","Producer Prices","203","Czechia","5531","Producer Price (SLC/tonne)","01442","Mustard seed","2005","2005","7021","Annual value","SLC","7759","A","Official value"
"PP","Producer Prices","203","Czechia","5531","Producer Price (SLC/tonne)","01442","Mustard seed","2006","2006","7021","Annual value","SLC","7384","A","Official value"
"PP","Producer Prices","203","Czechia","5531","Producer Price (SLC/tonne)","01442","Mustard seed","2007","2007","7021","Annual value","SLC","11135","A","Official value"
"PP","Producer Prices","203","Czechia","5531","Producer Price (SLC/tonne)","01442","Mustard seed","2008","2008","7021","Annual value","SLC","20281","A","Official value"
"PP","Producer Prices","203","Czechia","5531","Producer Price (SLC/tonne)","01442","Mustard seed","2009","2009","7021","Annual value","SLC","16363","A","Official value"
"PP","Producer Prices","203","Czechia","5531","Producer Price (SLC/tonne)","01442","Mustard seed","2010","2010","7021","Annual value","SLC","11375","A","Official value"
"PP","Producer Prices","203","Czechia","5531","Producer Price (SLC/tonne)","01442","Mustard seed","2011","2011","7021","Annual value","SLC","9695","A","Official value"
"PP","Producer Prices","203","Czechia","5531","Producer Price (SLC/tonne)","01442","Mustard seed","2012","2012","7021","Annual value","SLC","15132","A","Official value"
"PP","Producer Prices","203","Czechia","5531","Producer Price (SLC/tonne)","01442","Mustard seed","2013","2013","7021","Annual value","SLC","18221","A","Official value"
"PP","Producer Prices","203","Czechia","5531","Producer Price (SLC/tonne)","01442","Mustard seed","2014","2014","7021","Annual value","SLC","18694","A","Official value"
"PP","Producer Prices","203","Czechia","5531","Producer Price (SLC/tonne)","01442","Mustard seed","2015","2015","7021","Annual value","SLC","16327","A","Official value"
"PP","Producer Prices","203","Czechia","5531","Producer Price (SLC/tonne)","01442","Mustard seed","2016","2016","7021","Annual value","SLC","15339","A","Official value"
"PP","Producer Prices","203","Czechia","5531","Producer Price (SLC/tonne)","01442","Mustard seed","2017","2017","7021","Annual value","SLC","15058","A","Official value"
"PP","Producer Prices","203","Czechia","5531","Producer Price (SLC/tonne)","01442","Mustard seed","2018","2018","7021","Annual value","SLC","15555","A","Official value"
"PP","Producer Prices","203","Czechia","5531","Producer Price (SLC/tonne)","01442","Mustard seed","2019","2019","7021","Annual value","SLC","16698","A","Official value"
"PP","Producer Prices","203","Czechia","5531","Producer Price (SLC/tonne)","01442","Mustard seed","2020","2020","7021","Annual value","SLC","16481","A","Official value"
"PP","Producer Prices","203","Czechia","5531","Producer Price (SLC/tonne)","01442","Mustard seed","2021","2021","7021","Annual value","SLC","16098","A","Official value"
"PP","Producer Prices","203","Czechia","5531","Producer Price (SLC/tonne)","01442","Mustard seed","2022","2022","7021","Annual value","SLC","25038","A","Official value"
"PP","Producer Prices","203","Czechia","5531","Producer Price (SLC/tonne)","01442","Mustard seed","2023","2023","7021","Annual value","SLC","24469","A","Official value"
"PP","Producer Prices","203","Czechia","5531","Producer Price (SLC/tonne)","01442","Mustard seed","2024","2024","7021","Annual value","SLC","20413","A","Official value"
"PP","Producer Prices","203","Czechia","5531","Producer Price (SLC/tonne)","02910","Natural honey","1993","1993","7021","Annual value","SLC","34092","A","Official value"
"PP","Producer Prices","203","Czechia","5531","Producer Price (SLC/tonne)","02910","Natural honey","1994","1994","7021","Annual value","SLC","37457","A","Official value"
"PP","Producer Prices","203","Czechia","5531","Producer Price (SLC/tonne)","02910","Natural honey","1995","1995","7021","Annual value","SLC","34092","A","Official value"
"PP","Producer Prices","203","Czechia","5531","Producer Price (SLC/tonne)","02910","Natural honey","1996","1996","7021","Annual value","SLC","37457","A","Official value"
"PP","Producer Prices","203","Czechia","5531","Producer Price (SLC/tonne)","02910","Natural honey","1997","1997","7021","Annual value","SLC","63136","A","Official value"
"PP","Producer Prices","203","Czechia","5531","Producer Price (SLC/tonne)","02910","Natural honey","1998","1998","7021","Annual value","SLC","81794","A","Official value"
"PP","Producer Prices","203","Czechia","5531","Producer Price (SLC/tonne)","02910","Natural honey","1999","1999","7021","Annual value","SLC","73809","A","Official value"
"PP","Producer Prices","203","Czechia","5531","Producer Price (SLC/tonne)","02910","Natural honey","2000","2000","7021","Annual value","SLC","61427","A","Official value"
"PP","Producer Prices","203","Czechia","5531","Producer Price (SLC/tonne)","02910","Natural honey","2001","2001","7021","Annual value","SLC","63663","A","Official value"
"PP","Producer Prices","203","Czechia","5531","Producer Price (SLC/tonne)","02910","Natural honey","2002","2002","7021","Annual value","SLC","64426","A","Official value"
"PP","Producer Prices","203","Czechia","5531","Producer Price (SLC/tonne)","02910","Natural honey","2003","2003","7021","Annual value","SLC","67058","A","Official value"
"PP","Producer Prices","203","Czechia","5531","Producer Price (SLC/tonne)","02910","Natural honey","2004","2004","7021","Annual value","SLC","66958","A","Official value"
"PP","Producer Prices","203","Czechia","5531","Producer Price (SLC/tonne)","02910","Natural honey","2005","2005","7021","Annual value","SLC","42338","A","Official value"
"PP","Producer Prices","203","Czechia","5531","Producer Price (SLC/tonne)","02910","Natural honey","2006","2006","7021","Annual value","SLC","41514","A","Official value"
"PP","Producer Prices","203","Czechia","5531","Producer Price (SLC/tonne)","0117","Oats","1993","1993","7021","Annual value","SLC","2558","A","Official value"
"PP","Producer Prices","203","Czechia","5531","Producer Price (SLC/tonne)","0117","Oats","1994","1994","7021","Annual value","SLC","2410","A","Official value"
"PP","Producer Prices","203","Czechia","5531","Producer Price (SLC/tonne)","0117","Oats","1995","1995","7021","Annual value","SLC","2251","A","Official value"
"PP","Producer Prices","203","Czechia","5531","Producer Price (SLC/tonne)","0117","Oats","1996","1996","7021","Annual value","SLC","3070","A","Official value"
"PP","Producer Prices","203","Czechia","5531","Producer Price (SLC/tonne)","0117","Oats","1997","1997","7021","Annual value","SLC","3401","A","Official value"
"PP","Producer Prices","203","Czechia","5531","Producer Price (SLC/tonne)","0117","Oats","1998","1998","7021","Annual value","SLC","3011","A","Official value"
"PP","Producer Prices","203","Czechia","5531","Producer Price (SLC/tonne)","0117","Oats","1999","1999","7021","Annual value","SLC","2380","A","Official value"
"PP","Producer Prices","203","Czechia","5531","Producer Price (SLC/tonne)","0117","Oats","2000","2000","7021","Annual value","SLC","3785","A","Official value"
"PP","Producer Prices","203","Czechia","5531","Producer Price (SLC/tonne)","0117","Oats","2001","2001","7021","Annual value","SLC","4622","A","Official value"
"PP","Producer Prices","203","Czechia","5531","Producer Price (SLC/tonne)","0117","Oats","2002","2002","7021","Annual value","SLC","4590","A","Official value"
"PP","Producer Prices","203","Czechia","5531","Producer Price (SLC/tonne)","0117","Oats","2003","2003","7021","Annual value","SLC","4790","A","Official value"
"PP","Producer Prices","203","Czechia","5531","Producer Price (SLC/tonne)","0117","Oats","2004","2004","7021","Annual value","SLC","3990","A","Official value"
"PP","Producer Prices","203","Czechia","5531","Producer Price (SLC/tonne)","0117","Oats","2005","2005","7021","Annual value","SLC","3301","A","Official value"
"PP","Producer Prices","203","Czechia","5531","Producer Price (SLC/tonne)","0117","Oats","2006","2006","7021","Annual value","SLC","3287","A","Official value"
"PP","Producer Prices","203","Czechia","5531","Producer Price (SLC/tonne)","0117","Oats","2007","2007","7021","Annual value","SLC","3587","A","Official value"
"PP","Producer Prices","203","Czechia","5531","Producer Price (SLC/tonne)","0117","Oats","2008","2008","7021","Annual value","SLC","4275","A","Official value"
"PP","Producer Prices","203","Czechia","5531","Producer Price (SLC/tonne)","0117","Oats","2009","2009","7021","Annual value","SLC","2785","A","Official value"
"PP","Producer Prices","203","Czechia","5531","Producer Price (SLC/tonne)","0117","Oats","2010","2010","7021","Annual value","SLC","2625","A","Official value"
"PP","Producer Prices","203","Czechia","5531","Producer Price (SLC/tonne)","0117","Oats","2011","2011","7021","Annual value","SLC","3686.2","A","Official value"
"PP","Producer Prices","203","Czechia","5531","Producer Price (SLC/tonne)","0117","Oats","2012","2012","7021","Annual value","SLC","4117.2","A","Official value"
"PP","Producer Prices","203","Czechia","5531","Producer Price (SLC/tonne)","0117","Oats","2013","2013","7021","Annual value","SLC","4923","A","Official value"
"PP","Producer Prices","203","Czechia","5531","Producer Price (SLC/tonne)","0117","Oats","2014","2014","7021","Annual value","SLC","4887.3","A","Official value"
"PP","Producer Prices","203","Czechia","5531","Producer Price (SLC/tonne)","0117","Oats","2015","2015","7021","Annual value","SLC","4437","A","Official value"
"PP","Producer Prices","203","Czechia","5531","Producer Price (SLC/tonne)","0117","Oats","2016","2016","7021","Annual value","SLC","4019","A","Official value"
"PP","Producer Prices","203","Czechia","5531","Producer Price (SLC/tonne)","0117","Oats","2017","2017","7021","Annual value","SLC","5656","A","Official value"
"PP","Producer Prices","203","Czechia","5531","Producer Price (SLC/tonne)","0117","Oats","2018","2018","7021","Annual value","SLC","5702","A","Official value"
"PP","Producer Prices","203","Czechia","5531","Producer Price (SLC/tonne)","0117","Oats","2019","2019","7021","Annual value","SLC","7088","A","Official value"
"PP","Producer Prices","203","Czechia","5531","Producer Price (SLC/tonne)","0117","Oats","2020","2020","7021","Annual value","SLC","6940","A","Official value"
"PP","Producer Prices","203","Czechia","5531","Producer Price (SLC/tonne)","0117","Oats","2021","2021","7021","Annual value","SLC","7054","A","Official value"
"PP","Producer Prices","203","Czechia","5531","Producer Price (SLC/tonne)","0117","Oats","2022","2022","7021","Annual value","SLC","7120","A","Official value"
"PP","Producer Prices","203","Czechia","5531","Producer Price (SLC/tonne)","0117","Oats","2023","2023","7021","Annual value","SLC","7374","A","Official value"
"PP","Producer Prices","203","Czechia","5531","Producer Price (SLC/tonne)","0117","Oats","2024","2024","7021","Annual value","SLC","7929","A","Official value"
"PP","Producer Prices","203","Czechia","5531","Producer Price (SLC/tonne)","01253.02","Onions and shallots, dry (excluding dehydrated)","1993","1993","7021","Annual value","SLC","5132","A","Official value"
"PP","Producer Prices","203","Czechia","5531","Producer Price (SLC/tonne)","01253.02","Onions and shallots, dry (excluding dehydrated)","1994","1994","7021","Annual value","SLC","7898","A","Official value"
"PP","Producer Prices","203","Czechia","5531","Producer Price (SLC/tonne)","01253.02","Onions and shallots, dry (excluding dehydrated)","1995","1995","7021","Annual value","SLC","6990","A","Official value"
"PP","Producer Prices","203","Czechia","5531","Producer Price (SLC/tonne)","01253.02","Onions and shallots, dry (excluding dehydrated)","1996","1996","7021","Annual value","SLC","4826","A","Official value"
"PP","Producer Prices","203","Czechia","5531","Producer Price (SLC/tonne)","01253.02","Onions and shallots, dry (excluding dehydrated)","1997","1997","7021","Annual value","SLC","6842","A","Official value"
"PP","Producer Prices","203","Czechia","5531","Producer Price (SLC/tonne)","01253.02","Onions and shallots, dry (excluding dehydrated)","1998","1998","7021","Annual value","SLC","8528","A","Official value"
"PP","Producer Prices","203","Czechia","5531","Producer Price (SLC/tonne)","01253.02","Onions and shallots, dry (excluding dehydrated)","1999","1999","7021","Annual value","SLC","5180","A","Official value"
"PP","Producer Prices","203","Czechia","5531","Producer Price (SLC/tonne)","01253.02","Onions and shallots, dry (excluding dehydrated)","2000","2000","7021","Annual value","SLC","5096","A","Official value"
"PP","Producer Prices","203","Czechia","5531","Producer Price (SLC/tonne)","01253.02","Onions and shallots, dry (excluding dehydrated)","2001","2001","7021","Annual value","SLC","6092","A","Official value"
"PP","Producer Prices","203","Czechia","5531","Producer Price (SLC/tonne)","01253.02","Onions and shallots, dry (excluding dehydrated)","2002","2002","7021","Annual value","SLC","5927","A","Official value"
"PP","Producer Prices","203","Czechia","5531","Producer Price (SLC/tonne)","01253.02","Onions and shallots, dry (excluding dehydrated)","2003","2003","7021","Annual value","SLC","6141","A","Official value"
"PP","Producer Prices","203","Czechia","5531","Producer Price (SLC/tonne)","01253.02","Onions and shallots, dry (excluding dehydrated)","2004","2004","7021","Annual value","SLC","5674","A","Official value"
"PP","Producer Prices","203","Czechia","5531","Producer Price (SLC/tonne)","01253.02","Onions and shallots, dry (excluding dehydrated)","2005","2005","7021","Annual value","SLC","4376","A","Official value"
"PP","Producer Prices","203","Czechia","5531","Producer Price (SLC/tonne)","01253.02","Onions and shallots, dry (excluding dehydrated)","2006","2006","7021","Annual value","SLC","6810","A","Official value"
"PP","Producer Prices","203","Czechia","5531","Producer Price (SLC/tonne)","01253.02","Onions and shallots, dry (excluding dehydrated)","2007","2007","7021","Annual value","SLC","7688","A","Official value"
"PP","Producer Prices","203","Czechia","5531","Producer Price (SLC/tonne)","01253.02","Onions and shallots, dry (excluding dehydrated)","2008","2008","7021","Annual value","SLC","5307","A","Official value"
"PP","Producer Prices","203","Czechia","5531","Producer Price (SLC/tonne)","01253.02","Onions and shallots, dry (excluding dehydrated)","2009","2009","7021","Annual value","SLC","4325","A","Official value"
"PP","Producer Prices","203","Czechia","5531","Producer Price (SLC/tonne)","01253.02","Onions and shallots, dry (excluding dehydrated)","2010","2010","7021","Annual value","SLC","6320","A","Official value"
"PP","Producer Prices","203","Czechia","5531","Producer Price (SLC/tonne)","01253.02","Onions and shallots, dry (excluding dehydrated)","2011","2011","7021","Annual value","SLC","5212","A","Official value"
"PP","Producer Prices","203","Czechia","5531","Producer Price (SLC/tonne)","01253.02","Onions and shallots, dry (excluding dehydrated)","2012","2012","7021","Annual value","SLC","4819","A","Official value"
"PP","Producer Prices","203","Czechia","5531","Producer Price (SLC/tonne)","01253.02","Onions and shallots, dry (excluding dehydrated)","2013","2013","7021","Annual value","SLC","6488","A","Official value"
"PP","Producer Prices","203","Czechia","5531","Producer Price (SLC/tonne)","01253.02","Onions and shallots, dry (excluding dehydrated)","2014","2014","7021","Annual value","SLC","5894","A","Official value"
"PP","Producer Prices","203","Czechia","5531","Producer Price (SLC/tonne)","01253.02","Onions and shallots, dry (excluding dehydrated)","2015","2015","7021","Annual value","SLC","6588","A","Official value"
"PP","Producer Prices","203","Czechia","5531","Producer Price (SLC/tonne)","01253.02","Onions and shallots, dry (excluding dehydrated)","2016","2016","7021","Annual value","SLC","7800","A","Official value"
"PP","Producer Prices","203","Czechia","5531","Producer Price (SLC/tonne)","01253.02","Onions and shallots, dry (excluding dehydrated)","2017","2017","7021","Annual value","SLC","5691","A","Official value"
"PP","Producer Prices","203","Czechia","5531","Producer Price (SLC/tonne)","01253.02","Onions and shallots, dry (excluding dehydrated)","2018","2018","7021","Annual value","SLC","7672","A","Official value"
"PP","Producer Prices","203","Czechia","5531","Producer Price (SLC/tonne)","01253.02","Onions and shallots, dry (excluding dehydrated)","2019","2019","7021","Annual value","SLC","11224","A","Official value"
"PP","Producer Prices","203","Czechia","5531","Producer Price (SLC/tonne)","01253.02","Onions and shallots, dry (excluding dehydrated)","2020","2020","7021","Annual value","SLC","7486","A","Official value"
"PP","Producer Prices","203","Czechia","5531","Producer Price (SLC/tonne)","01253.02","Onions and shallots, dry (excluding dehydrated)","2021","2021","7021","Annual value","SLC","7100","A","Official value"
"PP","Producer Prices","203","Czechia","5531","Producer Price (SLC/tonne)","01253.02","Onions and shallots, dry (excluding dehydrated)","2022","2022","7021","Annual value","SLC","8661","A","Official value"
"PP","Producer Prices","203","Czechia","5531","Producer Price (SLC/tonne)","01253.02","Onions and shallots, dry (excluding dehydrated)","2023","2023","7021","Annual value","SLC","13466","A","Official value"
"PP","Producer Prices","203","Czechia","5531","Producer Price (SLC/tonne)","01253.02","Onions and shallots, dry (excluding dehydrated)","2024","2024","7021","Annual value","SLC","11363","A","Official value"
"PP","Producer Prices","203","Czechia","5531","Producer Price (SLC/tonne)","01241.90","Other beans, green","1993","1993","7021","Annual value","SLC","8731","A","Official value"
"PP","Producer Prices","203","Czechia","5531","Producer Price (SLC/tonne)","01241.90","Other beans, green","1994","1994","7021","Annual value","SLC","15000","A","Official value"
"PP","Producer Prices","203","Czechia","5531","Producer Price (SLC/tonne)","01241.90","Other beans, green","1995","1995","7021","Annual value","SLC","12981","A","Official value"
"PP","Producer Prices","203","Czechia","5531","Producer Price (SLC/tonne)","01241.90","Other beans, green","1996","1996","7021","Annual value","SLC","12009","A","Official value"
"PP","Producer Prices","203","Czechia","5531","Producer Price (SLC/tonne)","01241.90","Other beans, green","1997","1997","7021","Annual value","SLC","14661","A","Official value"
"PP","Producer Prices","203","Czechia","5531","Producer Price (SLC/tonne)","01241.90","Other beans, green","1998","1998","7021","Annual value","SLC","10115","A","Official value"
"PP","Producer Prices","203","Czechia","5531","Producer Price (SLC/tonne)","01359.90","Other fruits, n.e.c.","1993","1993","7021","Annual value","SLC","7730","A","Official value"
"PP","Producer Prices","203","Czechia","5531","Producer Price (SLC/tonne)","01449.90","Other oil seeds, n.e.c.","1993","1993","7021","Annual value","SLC","6550","A","Official value"
"PP","Producer Prices","203","Czechia","5531","Producer Price (SLC/tonne)","01709.90","Other pulses n.e.c.","1993","1993","7021","Annual value","SLC","4380","A","Official value"
"PP","Producer Prices","203","Czechia","5531","Producer Price (SLC/tonne)","01709.90","Other pulses n.e.c.","1994","1994","7021","Annual value","SLC","4376","A","Official value"
"PP","Producer Prices","203","Czechia","5531","Producer Price (SLC/tonne)","01290.90","Other vegetables, fresh n.e.c.","1993","1993","7021","Annual value","SLC","6960","A","Official value"
"PP","Producer Prices","203","Czechia","5531","Producer Price (SLC/tonne)","01345","Peaches and nectarines","1993","1993","7021","Annual value","SLC","13060","A","Official value"
"PP","Producer Prices","203","Czechia","5531","Producer Price (SLC/tonne)","01345","Peaches and nectarines","1994","1994","7021","Annual value","SLC","14564","A","Official value"
"PP","Producer Prices","203","Czechia","5531","Producer Price (SLC/tonne)","01345","Peaches and nectarines","1995","1995","7021","Annual value","SLC","13628","A","Official value"
"PP","Producer Prices","203","Czechia","5531","Producer Price (SLC/tonne)","01345","Peaches and nectarines","1996","1996","7021","Annual value","SLC","14397","A","Official value"
"PP","Producer Prices","203","Czechia","5531","Producer Price (SLC/tonne)","01345","Peaches and nectarines","1997","1997","7021","Annual value","SLC","14243","A","Official value"
"PP","Producer Prices","203","Czechia","5531","Producer Price (SLC/tonne)","01345","Peaches and nectarines","1998","1998","7021","Annual value","SLC","13750","A","Official value"
"PP","Producer Prices","203","Czechia","5531","Producer Price (SLC/tonne)","01345","Peaches and nectarines","1999","1999","7021","Annual value","SLC","13407","A","Official value"
"PP","Producer Prices","203","Czechia","5531","Producer Price (SLC/tonne)","01345","Peaches and nectarines","2000","2000","7021","Annual value","SLC","11503","A","Official value"
"PP","Producer Prices","203","Czechia","5531","Producer Price (SLC/tonne)","01345","Peaches and nectarines","2001","2001","7021","Annual value","SLC","14584","A","Official value"
"PP","Producer Prices","203","Czechia","5531","Producer Price (SLC/tonne)","01345","Peaches and nectarines","2002","2002","7021","Annual value","SLC","13948","A","Official value"
"PP","Producer Prices","203","Czechia","5531","Producer Price (SLC/tonne)","01345","Peaches and nectarines","2003","2003","7021","Annual value","SLC","13678","A","Official value"
"PP","Producer Prices","203","Czechia","5531","Producer Price (SLC/tonne)","01345","Peaches and nectarines","2004","2004","7021","Annual value","SLC","11481","A","Official value"
"PP","Producer Prices","203","Czechia","5531","Producer Price (SLC/tonne)","01345","Peaches and nectarines","2005","2005","7021","Annual value","SLC","11731","A","Official value"
"PP","Producer Prices","203","Czechia","5531","Producer Price (SLC/tonne)","01345","Peaches and nectarines","2006","2006","7021","Annual value","SLC","12593","A","Official value"
"PP","Producer Prices","203","Czechia","5531","Producer Price (SLC/tonne)","01345","Peaches and nectarines","2007","2007","7021","Annual value","SLC","12806","A","Official value"
"PP","Producer Prices","203","Czechia","5531","Producer Price (SLC/tonne)","01345","Peaches and nectarines","2008","2008","7021","Annual value","SLC","12010","A","Official value"
"PP","Producer Prices","203","Czechia","5531","Producer Price (SLC/tonne)","01345","Peaches and nectarines","2009","2009","7021","Annual value","SLC","9891","A","Official value"
"PP","Producer Prices","203","Czechia","5531","Producer Price (SLC/tonne)","01345","Peaches and nectarines","2010","2010","7021","Annual value","SLC","12855","A","Official value"
"PP","Producer Prices","203","Czechia","5531","Producer Price (SLC/tonne)","01345","Peaches and nectarines","2011","2011","7021","Annual value","SLC","13004","A","Official value"
"PP","Producer Prices","203","Czechia","5531","Producer Price (SLC/tonne)","01345","Peaches and nectarines","2012","2012","7021","Annual value","SLC","15179","A","Official value"
"PP","Producer Prices","203","Czechia","5531","Producer Price (SLC/tonne)","01345","Peaches and nectarines","2013","2013","7021","Annual value","SLC","13339","A","Official value"
"PP","Producer Prices","203","Czechia","5531","Producer Price (SLC/tonne)","01345","Peaches and nectarines","2014","2014","7021","Annual value","SLC","13505","A","Official value"
"PP","Producer Prices","203","Czechia","5531","Producer Price (SLC/tonne)","01345","Peaches and nectarines","2015","2015","7021","Annual value","SLC","13765","A","Official value"
"PP","Producer Prices","203","Czechia","5531","Producer Price (SLC/tonne)","01345","Peaches and nectarines","2016","2016","7021","Annual value","SLC","19005","A","Official value"
"PP","Producer Prices","203","Czechia","5531","Producer Price (SLC/tonne)","01345","Peaches and nectarines","2017","2017","7021","Annual value","SLC","22778","A","Official value"
"PP","Producer Prices","203","Czechia","5531","Producer Price (SLC/tonne)","01345","Peaches and nectarines","2018","2018","7021","Annual value","SLC","16433","A","Official value"
"PP","Producer Prices","203","Czechia","5531","Producer Price (SLC/tonne)","01345","Peaches and nectarines","2019","2019","7021","Annual value","SLC","20139","A","Official value"
"PP","Producer Prices","203","Czechia","5531","Producer Price (SLC/tonne)","01345","Peaches and nectarines","2020","2020","7021","Annual value","SLC","23307","A","Official value"
"PP","Producer Prices","203","Czechia","5531","Producer Price (SLC/tonne)","01345","Peaches and nectarines","2021","2021","7021","Annual value","SLC","20556","A","Official value"
"PP","Producer Prices","203","Czechia","5531","Producer Price (SLC/tonne)","01345","Peaches and nectarines","2022","2022","7021","Annual value","SLC","23413","A","Official value"
"PP","Producer Prices","203","Czechia","5531","Producer Price (SLC/tonne)","01345","Peaches and nectarines","2023","2023","7021","Annual value","SLC","24079","A","Official value"
"PP","Producer Prices","203","Czechia","5531","Producer Price (SLC/tonne)","01345","Peaches and nectarines","2024","2024","7021","Annual value","SLC","25984","A","Official value"
"PP","Producer Prices","203","Czechia","5531","Producer Price (SLC/tonne)","01342.01","Pears","1993","1993","7021","Annual value","SLC","4821","A","Official value"
"PP","Producer Prices","203","Czechia","5531","Producer Price (SLC/tonne)","01342.01","Pears","1994","1994","7021","Annual value","SLC","5278","A","Official value"
"PP","Producer Prices","203","Czechia","5531","Producer Price (SLC/tonne)","01342.01","Pears","1995","1995","7021","Annual value","SLC","7659","A","Official value"
"PP","Producer Prices","203","Czechia","5531","Producer Price (SLC/tonne)","01342.01","Pears","1996","1996","7021","Annual value","SLC","9852","A","Official value"
"PP","Producer Prices","203","Czechia","5531","Producer Price (SLC/tonne)","01342.01","Pears","1997","1997","7021","Annual value","SLC","9995","A","Official value"
"PP","Producer Prices","203","Czechia","5531","Producer Price (SLC/tonne)","01342.01","Pears","1998","1998","7021","Annual value","SLC","10743","A","Official value"
"PP","Producer Prices","203","Czechia","5531","Producer Price (SLC/tonne)","01342.01","Pears","1999","1999","7021","Annual value","SLC","10066","A","Official value"
"PP","Producer Prices","203","Czechia","5531","Producer Price (SLC/tonne)","01342.01","Pears","2000","2000","7021","Annual value","SLC","6605","A","Official value"
"PP","Producer Prices","203","Czechia","5531","Producer Price (SLC/tonne)","01342.01","Pears","2001","2001","7021","Annual value","SLC","10644","A","Official value"
"PP","Producer Prices","203","Czechia","5531","Producer Price (SLC/tonne)","01342.01","Pears","2002","2002","7021","Annual value","SLC","8703","A","Official value"
"PP","Producer Prices","203","Czechia","5531","Producer Price (SLC/tonne)","01342.01","Pears","2003","2003","7021","Annual value","SLC","10467","A","Official value"
"PP","Producer Prices","203","Czechia","5531","Producer Price (SLC/tonne)","01342.01","Pears","2004","2004","7021","Annual value","SLC","10373","A","Official value"
"PP","Producer Prices","203","Czechia","5531","Producer Price (SLC/tonne)","01342.01","Pears","2005","2005","7021","Annual value","SLC","10002","A","Official value"
"PP","Producer Prices","203","Czechia","5531","Producer Price (SLC/tonne)","01342.01","Pears","2006","2006","7021","Annual value","SLC","10391","A","Official value"
"PP","Producer Prices","203","Czechia","5531","Producer Price (SLC/tonne)","01342.01","Pears","2007","2007","7021","Annual value","SLC","11133","A","Official value"
"PP","Producer Prices","203","Czechia","5531","Producer Price (SLC/tonne)","01342.01","Pears","2008","2008","7021","Annual value","SLC","11319","A","Official value"
"PP","Producer Prices","203","Czechia","5531","Producer Price (SLC/tonne)","01342.01","Pears","2009","2009","7021","Annual value","SLC","8400","A","Official value"
"PP","Producer Prices","203","Czechia","5531","Producer Price (SLC/tonne)","01342.01","Pears","2010","2010","7021","Annual value","SLC","11755","A","Official value"
"PP","Producer Prices","203","Czechia","5531","Producer Price (SLC/tonne)","01342.01","Pears","2011","2011","7021","Annual value","SLC","10049","A","Official value"
"PP","Producer Prices","203","Czechia","5531","Producer Price (SLC/tonne)","01342.01","Pears","2012","2012","7021","Annual value","SLC","11153","A","Official value"
"PP","Producer Prices","203","Czechia","5531","Producer Price (SLC/tonne)","01342.01","Pears","2013","2013","7021","Annual value","SLC","11253","A","Official value"
"PP","Producer Prices","203","Czechia","5531","Producer Price (SLC/tonne)","01342.01","Pears","2014","2014","7021","Annual value","SLC","10200","A","Official value"
"PP","Producer Prices","203","Czechia","5531","Producer Price (SLC/tonne)","01342.01","Pears","2015","2015","7021","Annual value","SLC","11382","A","Official value"
"PP","Producer Prices","203","Czechia","5531","Producer Price (SLC/tonne)","01342.01","Pears","2016","2016","7021","Annual value","SLC","14379","A","Official value"
"PP","Producer Prices","203","Czechia","5531","Producer Price (SLC/tonne)","01342.01","Pears","2017","2017","7021","Annual value","SLC","15427","A","Official value"
"PP","Producer Prices","203","Czechia","5531","Producer Price (SLC/tonne)","01342.01","Pears","2018","2018","7021","Annual value","SLC","11190","A","Official value"
"PP","Producer Prices","203","Czechia","5531","Producer Price (SLC/tonne)","01342.01","Pears","2019","2019","7021","Annual value","SLC","14035","A","Official value"
"PP","Producer Prices","203","Czechia","5531","Producer Price (SLC/tonne)","01342.01","Pears","2020","2020","7021","Annual value","SLC","17206","A","Official value"
"PP","Producer Prices","203","Czechia","5531","Producer Price (SLC/tonne)","01342.01","Pears","2021","2021","7021","Annual value","SLC","16774","A","Official value"
"PP","Producer Prices","203","Czechia","5531","Producer Price (SLC/tonne)","01342.01","Pears","2022","2022","7021","Annual value","SLC","16225","A","Official value"
"PP","Producer Prices","203","Czechia","5531","Producer Price (SLC/tonne)","01342.01","Pears","2023","2023","7021","Annual value","SLC","17869","A","Official value"
"PP","Producer Prices","203","Czechia","5531","Producer Price (SLC/tonne)","01342.01","Pears","2024","2024","7021","Annual value","SLC","19346","A","Official value"
"PP","Producer Prices","203","Czechia","5531","Producer Price (SLC/tonne)","01705","Peas, dry","1993","1993","7021","Annual value","SLC","4892","A","Official value"
"PP","Producer Prices","203","Czechia","5531","Producer Price (SLC/tonne)","01705","Peas, dry","1994","1994","7021","Annual value","SLC","4336","A","Official value"
"PP","Producer Prices","203","Czechia","5531","Producer Price (SLC/tonne)","01705","Peas, dry","1995","1995","7021","Annual value","SLC","4664","A","Official value"
"PP","Producer Prices","203","Czechia","5531","Producer Price (SLC/tonne)","01705","Peas, dry","1996","1996","7021","Annual value","SLC","4885","A","Official value"
"PP","Producer Prices","203","Czechia","5531","Producer Price (SLC/tonne)","01705","Peas, dry","1997","1997","7021","Annual value","SLC","5112","A","Official value"
"PP","Producer Prices","203","Czechia","5531","Producer Price (SLC/tonne)","01705","Peas, dry","1998","1998","7021","Annual value","SLC","5239","A","Official value"
"PP","Producer Prices","203","Czechia","5531","Producer Price (SLC/tonne)","01705","Peas, dry","1999","1999","7021","Annual value","SLC","3994","A","Official value"
"PP","Producer Prices","203","Czechia","5531","Producer Price (SLC/tonne)","01705","Peas, dry","2000","2000","7021","Annual value","SLC","4819","A","Official value"
"PP","Producer Prices","203","Czechia","5531","Producer Price (SLC/tonne)","01705","Peas, dry","2001","2001","7021","Annual value","SLC","5502","A","Official value"
"PP","Producer Prices","203","Czechia","5531","Producer Price (SLC/tonne)","01705","Peas, dry","2002","2002","7021","Annual value","SLC","5258","A","Official value"
"PP","Producer Prices","203","Czechia","5531","Producer Price (SLC/tonne)","01705","Peas, dry","2003","2003","7021","Annual value","SLC","4945","A","Official value"
"PP","Producer Prices","203","Czechia","5531","Producer Price (SLC/tonne)","01705","Peas, dry","2004","2004","7021","Annual value","SLC","4917","A","Official value"
"PP","Producer Prices","203","Czechia","5531","Producer Price (SLC/tonne)","01705","Peas, dry","2005","2005","7021","Annual value","SLC","4219","A","Official value"
"PP","Producer Prices","203","Czechia","5531","Producer Price (SLC/tonne)","01705","Peas, dry","2006","2006","7021","Annual value","SLC","3540","A","Official value"
"PP","Producer Prices","203","Czechia","5531","Producer Price (SLC/tonne)","01705","Peas, dry","2007","2007","7021","Annual value","SLC","5025","A","Official value"
"PP","Producer Prices","203","Czechia","5531","Producer Price (SLC/tonne)","01705","Peas, dry","2008","2008","7021","Annual value","SLC","6607","A","Official value"
"PP","Producer Prices","203","Czechia","5531","Producer Price (SLC/tonne)","01705","Peas, dry","2009","2009","7021","Annual value","SLC","5775","A","Official value"
"PP","Producer Prices","203","Czechia","5531","Producer Price (SLC/tonne)","01705","Peas, dry","2010","2010","7021","Annual value","SLC","5210","A","Official value"
"PP","Producer Prices","203","Czechia","5531","Producer Price (SLC/tonne)","01705","Peas, dry","2011","2011","7021","Annual value","SLC","5376.3","A","Official value"
"PP","Producer Prices","203","Czechia","5531","Producer Price (SLC/tonne)","01705","Peas, dry","2012","2012","7021","Annual value","SLC","5675.3","A","Official value"
"PP","Producer Prices","203","Czechia","5531","Producer Price (SLC/tonne)","01705","Peas, dry","2013","2013","7021","Annual value","SLC","6452","A","Official value"
"PP","Producer Prices","203","Czechia","5531","Producer Price (SLC/tonne)","01705","Peas, dry","2014","2014","7021","Annual value","SLC","6357.8","A","Official value"
"PP","Producer Prices","203","Czechia","5531","Producer Price (SLC/tonne)","01705","Peas, dry","2015","2015","7021","Annual value","SLC","6695","A","Official value"
"PP","Producer Prices","203","Czechia","5531","Producer Price (SLC/tonne)","01705","Peas, dry","2016","2016","7021","Annual value","SLC","5836","A","Official value"
"PP","Producer Prices","203","Czechia","5531","Producer Price (SLC/tonne)","01705","Peas, dry","2017","2017","7021","Annual value","SLC","5008","A","Official value"
"PP","Producer Prices","203","Czechia","5531","Producer Price (SLC/tonne)","01705","Peas, dry","2018","2018","7021","Annual value","SLC","6375","A","Official value"
"PP","Producer Prices","203","Czechia","5531","Producer Price (SLC/tonne)","01705","Peas, dry","2019","2019","7021","Annual value","SLC","6242","A","Official value"
"PP","Producer Prices","203","Czechia","5531","Producer Price (SLC/tonne)","01705","Peas, dry","2020","2020","7021","Annual value","SLC","4800","A","Official value"
"PP","Producer Prices","203","Czechia","5531","Producer Price (SLC/tonne)","01705","Peas, dry","2021","2021","7021","Annual value","SLC","5470","A","Official value"
"PP","Producer Prices","203","Czechia","5531","Producer Price (SLC/tonne)","01705","Peas, dry","2022","2022","7021","Annual value","SLC","7533","A","Official value"
"PP","Producer Prices","203","Czechia","5531","Producer Price (SLC/tonne)","01705","Peas, dry","2023","2023","7021","Annual value","SLC","6646","A","Official value"
"PP","Producer Prices","203","Czechia","5531","Producer Price (SLC/tonne)","01705","Peas, dry","2024","2024","7021","Annual value","SLC","6221","A","Official value"
"PP","Producer Prices","203","Czechia","5531","Producer Price (SLC/tonne)","01242","Peas, green","1993","1993","7021","Annual value","SLC","6375","A","Official value"
"PP","Producer Prices","203","Czechia","5531","Producer Price (SLC/tonne)","01242","Peas, green","1994","1994","7021","Annual value","SLC","13143","A","Official value"
"PP","Producer Prices","203","Czechia","5531","Producer Price (SLC/tonne)","01242","Peas, green","1995","1995","7021","Annual value","SLC","7526","A","Official value"
"PP","Producer Prices","203","Czechia","5531","Producer Price (SLC/tonne)","01242","Peas, green","1996","1996","7021","Annual value","SLC","7469","A","Official value"
"PP","Producer Prices","203","Czechia","5531","Producer Price (SLC/tonne)","01242","Peas, green","1998","1998","7021","Annual value","SLC","7380","A","Official value"
"PP","Producer Prices","203","Czechia","5531","Producer Price (SLC/tonne)","01242","Peas, green","1999","1999","7021","Annual value","SLC","7330","A","Official value"
"PP","Producer Prices","203","Czechia","5531","Producer Price (SLC/tonne)","01242","Peas, green","2000","2000","7021","Annual value","SLC","6875","A","Official value"
"PP","Producer Prices","203","Czechia","5531","Producer Price (SLC/tonne)","01346","Plums and sloes","1993","1993","7021","Annual value","SLC","7709","A","Official value"
"PP","Producer Prices","203","Czechia","5531","Producer Price (SLC/tonne)","01346","Plums and sloes","1994","1994","7021","Annual value","SLC","9722","A","Official value"
"PP","Producer Prices","203","Czechia","5531","Producer Price (SLC/tonne)","01346","Plums and sloes","1995","1995","7021","Annual value","SLC","11447","A","Official value"
"PP","Producer Prices","203","Czechia","5531","Producer Price (SLC/tonne)","01346","Plums and sloes","1996","1996","7021","Annual value","SLC","11811","A","Official value"
"PP","Producer Prices","203","Czechia","5531","Producer Price (SLC/tonne)","01346","Plums and sloes","1997","1997","7021","Annual value","SLC","11534","A","Official value"
"PP","Producer Prices","203","Czechia","5531","Producer Price (SLC/tonne)","01346","Plums and sloes","1998","1998","7021","Annual value","SLC","11395","A","Official value"
"PP","Producer Prices","203","Czechia","5531","Producer Price (SLC/tonne)","01346","Plums and sloes","1999","1999","7021","Annual value","SLC","10162","A","Official value"
"PP","Producer Prices","203","Czechia","5531","Producer Price (SLC/tonne)","01346","Plums and sloes","2000","2000","7021","Annual value","SLC","10875","A","Official value"
"PP","Producer Prices","203","Czechia","5531","Producer Price (SLC/tonne)","01346","Plums and sloes","2001","2001","7021","Annual value","SLC","10278","A","Official value"
"PP","Producer Prices","203","Czechia","5531","Producer Price (SLC/tonne)","01346","Plums and sloes","2002","2002","7021","Annual value","SLC","10129","A","Official value"
"PP","Producer Prices","203","Czechia","5531","Producer Price (SLC/tonne)","01346","Plums and sloes","2003","2003","7021","Annual value","SLC","12065","A","Official value"
"PP","Producer Prices","203","Czechia","5531","Producer Price (SLC/tonne)","01346","Plums and sloes","2004","2004","7021","Annual value","SLC","9443","A","Official value"
"PP","Producer Prices","203","Czechia","5531","Producer Price (SLC/tonne)","01346","Plums and sloes","2005","2005","7021","Annual value","SLC","11251","A","Official value"
"PP","Producer Prices","203","Czechia","5531","Producer Price (SLC/tonne)","01346","Plums and sloes","2006","2006","7021","Annual value","SLC","8182","A","Official value"
"PP","Producer Prices","203","Czechia","5531","Producer Price (SLC/tonne)","01346","Plums and sloes","2007","2007","7021","Annual value","SLC","10500","A","Official value"
"PP","Producer Prices","203","Czechia","5531","Producer Price (SLC/tonne)","01346","Plums and sloes","2008","2008","7021","Annual value","SLC","9180","A","Official value"
"PP","Producer Prices","203","Czechia","5531","Producer Price (SLC/tonne)","01346","Plums and sloes","2009","2009","7021","Annual value","SLC","7964","A","Official value"
"PP","Producer Prices","203","Czechia","5531","Producer Price (SLC/tonne)","01346","Plums and sloes","2010","2010","7021","Annual value","SLC","10364","A","Official value"
"PP","Producer Prices","203","Czechia","5531","Producer Price (SLC/tonne)","01346","Plums and sloes","2011","2011","7021","Annual value","SLC","8333","A","Official value"
"PP","Producer Prices","203","Czechia","5531","Producer Price (SLC/tonne)","01346","Plums and sloes","2012","2012","7021","Annual value","SLC","9820","A","Official value"
"PP","Producer Prices","203","Czechia","5531","Producer Price (SLC/tonne)","01346","Plums and sloes","2013","2013","7021","Annual value","SLC","10258","A","Official value"
"PP","Producer Prices","203","Czechia","5531","Producer Price (SLC/tonne)","01346","Plums and sloes","2014","2014","7021","Annual value","SLC","9264","A","Official value"
"PP","Producer Prices","203","Czechia","5531","Producer Price (SLC/tonne)","01346","Plums and sloes","2015","2015","7021","Annual value","SLC","12028","A","Official value"
"PP","Producer Prices","203","Czechia","5531","Producer Price (SLC/tonne)","01346","Plums and sloes","2016","2016","7021","Annual value","SLC","11468","A","Official value"
"PP","Producer Prices","203","Czechia","5531","Producer Price (SLC/tonne)","01346","Plums and sloes","2017","2017","7021","Annual value","SLC","15342","A","Official value"
"PP","Producer Prices","203","Czechia","5531","Producer Price (SLC/tonne)","01346","Plums and sloes","2018","2018","7021","Annual value","SLC","9381","A","Official value"
"PP","Producer Prices","203","Czechia","5531","Producer Price (SLC/tonne)","01346","Plums and sloes","2019","2019","7021","Annual value","SLC","10777","A","Official value"
"PP","Producer Prices","203","Czechia","5531","Producer Price (SLC/tonne)","01346","Plums and sloes","2020","2020","7021","Annual value","SLC","11789","A","Official value"
"PP","Producer Prices","203","Czechia","5531","Producer Price (SLC/tonne)","01346","Plums and sloes","2021","2021","7021","Annual value","SLC","13826","A","Official value"
"PP","Producer Prices","203","Czechia","5531","Producer Price (SLC/tonne)","01346","Plums and sloes","2022","2022","7021","Annual value","SLC","14177","A","Official value"
"PP","Producer Prices","203","Czechia","5531","Producer Price (SLC/tonne)","01346","Plums and sloes","2023","2023","7021","Annual value","SLC","15620","A","Official value"
"PP","Producer Prices","203","Czechia","5531","Producer Price (SLC/tonne)","01346","Plums and sloes","2024","2024","7021","Annual value","SLC","18228","A","Official value"
"PP","Producer Prices","203","Czechia","5531","Producer Price (SLC/tonne)","01448","Poppy seed","1993","1993","7021","Annual value","SLC","45444","A","Official value"
"PP","Producer Prices","203","Czechia","5531","Producer Price (SLC/tonne)","01448","Poppy seed","1994","1994","7021","Annual value","SLC","44335","A","Official value"
"PP","Producer Prices","203","Czechia","5531","Producer Price (SLC/tonne)","01448","Poppy seed","1995","1995","7021","Annual value","SLC","26656","A","Official value"
"PP","Producer Prices","203","Czechia","5531","Producer Price (SLC/tonne)","01448","Poppy seed","1996","1996","7021","Annual value","SLC","34404","A","Official value"
"PP","Producer Prices","203","Czechia","5531","Producer Price (SLC/tonne)","01448","Poppy seed","1997","1997","7021","Annual value","SLC","41791","A","Official value"
"PP","Producer Prices","203","Czechia","5531","Producer Price (SLC/tonne)","01448","Poppy seed","1998","1998","7021","Annual value","SLC","29781","A","Official value"
"PP","Producer Prices","203","Czechia","5531","Producer Price (SLC/tonne)","01448","Poppy seed","1999","1999","7021","Annual value","SLC","22502","A","Official value"
"PP","Producer Prices","203","Czechia","5531","Producer Price (SLC/tonne)","01448","Poppy seed","2000","2000","7021","Annual value","SLC","29788","A","Official value"
"PP","Producer Prices","203","Czechia","5531","Producer Price (SLC/tonne)","01448","Poppy seed","2001","2001","7021","Annual value","SLC","35771","A","Official value"
"PP","Producer Prices","203","Czechia","5531","Producer Price (SLC/tonne)","01448","Poppy seed","2002","2002","7021","Annual value","SLC","25895","A","Official value"
"PP","Producer Prices","203","Czechia","5531","Producer Price (SLC/tonne)","01448","Poppy seed","2003","2003","7021","Annual value","SLC","27453","A","Official value"
"PP","Producer Prices","203","Czechia","5531","Producer Price (SLC/tonne)","01448","Poppy seed","2004","2004","7021","Annual value","SLC","28069","A","Official value"
"PP","Producer Prices","203","Czechia","5531","Producer Price (SLC/tonne)","01448","Poppy seed","2005","2005","7021","Annual value","SLC","26782","A","Official value"
"PP","Producer Prices","203","Czechia","5531","Producer Price (SLC/tonne)","01448","Poppy seed","2006","2006","7021","Annual value","SLC","30995","A","Official value"
"PP","Producer Prices","203","Czechia","5531","Producer Price (SLC/tonne)","01448","Poppy seed","2007","2007","7021","Annual value","SLC","50294","A","Official value"
"PP","Producer Prices","203","Czechia","5531","Producer Price (SLC/tonne)","01448","Poppy seed","2008","2008","7021","Annual value","SLC","67031","A","Official value"
"PP","Producer Prices","203","Czechia","5531","Producer Price (SLC/tonne)","01448","Poppy seed","2009","2009","7021","Annual value","SLC","21699","A","Official value"
"PP","Producer Prices","203","Czechia","5531","Producer Price (SLC/tonne)","01448","Poppy seed","2010","2010","7021","Annual value","SLC","24725","A","Official value"
"PP","Producer Prices","203","Czechia","5531","Producer Price (SLC/tonne)","01448","Poppy seed","2011","2011","7021","Annual value","SLC","27640","A","Official value"
"PP","Producer Prices","203","Czechia","5531","Producer Price (SLC/tonne)","01448","Poppy seed","2012","2012","7021","Annual value","SLC","31709","A","Official value"
"PP","Producer Prices","203","Czechia","5531","Producer Price (SLC/tonne)","01448","Poppy seed","2013","2013","7021","Annual value","SLC","51962","A","Official value"
"PP","Producer Prices","203","Czechia","5531","Producer Price (SLC/tonne)","01448","Poppy seed","2014","2014","7021","Annual value","SLC","58588","A","Official value"
"PP","Producer Prices","203","Czechia","5531","Producer Price (SLC/tonne)","01448","Poppy seed","2015","2015","7021","Annual value","SLC","43890","A","Official value"
"PP","Producer Prices","203","Czechia","5531","Producer Price (SLC/tonne)","01448","Poppy seed","2016","2016","7021","Annual value","SLC","33369","A","Official value"
"PP","Producer Prices","203","Czechia","5531","Producer Price (SLC/tonne)","01448","Poppy seed","2017","2017","7021","Annual value","SLC","34760","A","Official value"
"PP","Producer Prices","203","Czechia","5531","Producer Price (SLC/tonne)","01448","Poppy seed","2018","2018","7021","Annual value","SLC","61882","A","Official value"
"PP","Producer Prices","203","Czechia","5531","Producer Price (SLC/tonne)","01448","Poppy seed","2019","2019","7021","Annual value","SLC","70262","A","Official value"
"PP","Producer Prices","203","Czechia","5531","Producer Price (SLC/tonne)","01448","Poppy seed","2020","2020","7021","Annual value","SLC","60362","A","Official value"
"PP","Producer Prices","203","Czechia","5531","Producer Price (SLC/tonne)","01448","Poppy seed","2021","2021","7021","Annual value","SLC","41427","A","Official value"
"PP","Producer Prices","203","Czechia","5531","Producer Price (SLC/tonne)","01448","Poppy seed","2022","2022","7021","Annual value","SLC","49479","A","Official value"
"PP","Producer Prices","203","Czechia","5531","Producer Price (SLC/tonne)","01448","Poppy seed","2023","2023","7021","Annual value","SLC","49159","A","Official value"
"PP","Producer Prices","203","Czechia","5531","Producer Price (SLC/tonne)","01448","Poppy seed","2024","2024","7021","Annual value","SLC","56714","A","Official value"
"PP","Producer Prices","203","Czechia","5531","Producer Price (SLC/tonne)","01510","Potatoes","1993","1993","7021","Annual value","SLC","2609","A","Official value"
"PP","Producer Prices","203","Czechia","5531","Producer Price (SLC/tonne)","01510","Potatoes","1994","1994","7021","Annual value","SLC","4241","A","Official value"
"PP","Producer Prices","203","Czechia","5531","Producer Price (SLC/tonne)","01510","Potatoes","1995","1995","7021","Annual value","SLC","7982","A","Official value"
"PP","Producer Prices","203","Czechia","5531","Producer Price (SLC/tonne)","01510","Potatoes","1996","1996","7021","Annual value","SLC","5243","A","Official value"
"PP","Producer Prices","203","Czechia","5531","Producer Price (SLC/tonne)","01510","Potatoes","1997","1997","7021","Annual value","SLC","2816","A","Official value"
"PP","Producer Prices","203","Czechia","5531","Producer Price (SLC/tonne)","01510","Potatoes","1998","1998","7021","Annual value","SLC","4941","A","Official value"
"PP","Producer Prices","203","Czechia","5531","Producer Price (SLC/tonne)","01510","Potatoes","1999","1999","7021","Annual value","SLC","3748","A","Official value"
"PP","Producer Prices","203","Czechia","5531","Producer Price (SLC/tonne)","01510","Potatoes","2000","2000","7021","Annual value","SLC","4483","A","Official value"
"PP","Producer Prices","203","Czechia","5531","Producer Price (SLC/tonne)","01510","Potatoes","2001","2001","7021","Annual value","SLC","3738","A","Official value"
"PP","Producer Prices","203","Czechia","5531","Producer Price (SLC/tonne)","01510","Potatoes","2002","2002","7021","Annual value","SLC","4957","A","Official value"
"PP","Producer Prices","203","Czechia","5531","Producer Price (SLC/tonne)","01510","Potatoes","2003","2003","7021","Annual value","SLC","4811","A","Official value"
"PP","Producer Prices","203","Czechia","5531","Producer Price (SLC/tonne)","01510","Potatoes","2004","2004","7021","Annual value","SLC","5571","A","Official value"
"PP","Producer Prices","203","Czechia","5531","Producer Price (SLC/tonne)","01510","Potatoes","2005","2005","7021","Annual value","SLC","2824","A","Official value"
"PP","Producer Prices","203","Czechia","5531","Producer Price (SLC/tonne)","01510","Potatoes","2006","2006","7021","Annual value","SLC","5624","A","Official value"
"PP","Producer Prices","203","Czechia","5531","Producer Price (SLC/tonne)","01510","Potatoes","2007","2007","7021","Annual value","SLC","5061","A","Official value"
"PP","Producer Prices","203","Czechia","5531","Producer Price (SLC/tonne)","01510","Potatoes","2008","2008","7021","Annual value","SLC","3080","A","Official value"
"PP","Producer Prices","203","Czechia","5531","Producer Price (SLC/tonne)","01510","Potatoes","2009","2009","7021","Annual value","SLC","2872","A","Official value"
"PP","Producer Prices","203","Czechia","5531","Producer Price (SLC/tonne)","01510","Potatoes","2010","2010","7021","Annual value","SLC","3380","A","Official value"
"PP","Producer Prices","203","Czechia","5531","Producer Price (SLC/tonne)","01510","Potatoes","2011","2011","7021","Annual value","SLC","4123.5","A","Official value"
"PP","Producer Prices","203","Czechia","5531","Producer Price (SLC/tonne)","01510","Potatoes","2012","2012","7021","Annual value","SLC","2460.1","A","Official value"
"PP","Producer Prices","203","Czechia","5531","Producer Price (SLC/tonne)","01510","Potatoes","2013","2013","7021","Annual value","SLC","5840","A","Official value"
"PP","Producer Prices","203","Czechia","5531","Producer Price (SLC/tonne)","01510","Potatoes","2014","2014","7021","Annual value","SLC","6063.9","A","Official value"
"PP","Producer Prices","203","Czechia","5531","Producer Price (SLC/tonne)","01510","Potatoes","2015","2015","7021","Annual value","SLC","4914","A","Official value"
"PP","Producer Prices","203","Czechia","5531","Producer Price (SLC/tonne)","01510","Potatoes","2016","2016","7021","Annual value","SLC","5697","A","Official value"
"PP","Producer Prices","203","Czechia","5531","Producer Price (SLC/tonne)","01510","Potatoes","2017","2017","7021","Annual value","SLC","4854.2","A","Official value"
"PP","Producer Prices","203","Czechia","5531","Producer Price (SLC/tonne)","01510","Potatoes","2018","2018","7021","Annual value","SLC","5036","A","Official value"
"PP","Producer Prices","203","Czechia","5531","Producer Price (SLC/tonne)","01510","Potatoes","2019","2019","7021","Annual value","SLC","7228","A","Official value"
"PP","Producer Prices","203","Czechia","5531","Producer Price (SLC/tonne)","01510","Potatoes","2020","2020","7021","Annual value","SLC","5684","A","Official value"
"PP","Producer Prices","203","Czechia","5531","Producer Price (SLC/tonne)","01510","Potatoes","2021","2021","7021","Annual value","SLC","4961.9","A","Official value"
"PP","Producer Prices","203","Czechia","5531","Producer Price (SLC/tonne)","01510","Potatoes","2022","2022","7021","Annual value","SLC","6567.9","A","Official value"
"PP","Producer Prices","203","Czechia","5531","Producer Price (SLC/tonne)","01510","Potatoes","2023","2023","7021","Annual value","SLC","9068.7","A","Official value"
"PP","Producer Prices","203","Czechia","5531","Producer Price (SLC/tonne)","01510","Potatoes","2024","2024","7021","Annual value","SLC","8557.7","A","Official value"
"PP","Producer Prices","203","Czechia","5531","Producer Price (SLC/tonne)","01443","Rape or colza seed","1993","1993","7021","Annual value","SLC","5265","A","Official value"
"PP","Producer Prices","203","Czechia","5531","Producer Price (SLC/tonne)","01443","Rape or colza seed","1994","1994","7021","Annual value","SLC","5438","A","Official value"
"PP","Producer Prices","203","Czechia","5531","Producer Price (SLC/tonne)","01443","Rape or colza seed","1995","1995","7021","Annual value","SLC","5482","A","Official value"
"PP","Producer Prices","203","Czechia","5531","Producer Price (SLC/tonne)","01443","Rape or colza seed","1996","1996","7021","Annual value","SLC","5943","A","Official value"
"PP","Producer Prices","203","Czechia","5531","Producer Price (SLC/tonne)","01443","Rape or colza seed","1997","1997","7021","Annual value","SLC","6535","A","Official value"
"PP","Producer Prices","203","Czechia","5531","Producer Price (SLC/tonne)","01443","Rape or colza seed","1998","1998","7021","Annual value","SLC","6949","A","Official value"
"PP","Producer Prices","203","Czechia","5531","Producer Price (SLC/tonne)","01443","Rape or colza seed","1999","1999","7021","Annual value","SLC","5349","A","Official value"
"PP","Producer Prices","203","Czechia","5531","Producer Price (SLC/tonne)","01443","Rape or colza seed","2000","2000","7021","Annual value","SLC","6176","A","Official value"
"PP","Producer Prices","203","Czechia","5531","Producer Price (SLC/tonne)","01443","Rape or colza seed","2001","2001","7021","Annual value","SLC","7190","A","Official value"
"PP","Producer Prices","203","Czechia","5531","Producer Price (SLC/tonne)","01443","Rape or colza seed","2002","2002","7021","Annual value","SLC","7084","A","Official value"
"PP","Producer Prices","203","Czechia","5531","Producer Price (SLC/tonne)","01443","Rape or colza seed","2003","2003","7021","Annual value","SLC","7562","A","Official value"
"PP","Producer Prices","203","Czechia","5531","Producer Price (SLC/tonne)","01443","Rape or colza seed","2004","2004","7021","Annual value","SLC","7580","A","Official value"
"PP","Producer Prices","203","Czechia","5531","Producer Price (SLC/tonne)","01443","Rape or colza seed","2005","2005","7021","Annual value","SLC","5739","A","Official value"
"PP","Producer Prices","203","Czechia","5531","Producer Price (SLC/tonne)","01443","Rape or colza seed","2006","2006","7021","Annual value","SLC","6637","A","Official value"
"PP","Producer Prices","203","Czechia","5531","Producer Price (SLC/tonne)","01443","Rape or colza seed","2007","2007","7021","Annual value","SLC","7418","A","Official value"
"PP","Producer Prices","203","Czechia","5531","Producer Price (SLC/tonne)","01443","Rape or colza seed","2008","2008","7021","Annual value","SLC","9785","A","Official value"
"PP","Producer Prices","203","Czechia","5531","Producer Price (SLC/tonne)","01443","Rape or colza seed","2009","2009","7021","Annual value","SLC","7104","A","Official value"
"PP","Producer Prices","203","Czechia","5531","Producer Price (SLC/tonne)","01443","Rape or colza seed","2010","2010","7021","Annual value","SLC","7737","A","Official value"
"PP","Producer Prices","203","Czechia","5531","Producer Price (SLC/tonne)","01443","Rape or colza seed","2011","2011","7021","Annual value","SLC","11207","A","Official value"
"PP","Producer Prices","203","Czechia","5531","Producer Price (SLC/tonne)","01443","Rape or colza seed","2012","2012","7021","Annual value","SLC","11843","A","Official value"
"PP","Producer Prices","203","Czechia","5531","Producer Price (SLC/tonne)","01443","Rape or colza seed","2013","2013","7021","Annual value","SLC","10949","A","Official value"
"PP","Producer Prices","203","Czechia","5531","Producer Price (SLC/tonne)","01443","Rape or colza seed","2014","2014","7021","Annual value","SLC","9724","A","Official value"
"PP","Producer Prices","203","Czechia","5531","Producer Price (SLC/tonne)","01443","Rape or colza seed","2015","2015","7021","Annual value","SLC","9860","A","Official value"
"PP","Producer Prices","203","Czechia","5531","Producer Price (SLC/tonne)","01443","Rape or colza seed","2016","2016","7021","Annual value","SLC","10128","A","Official value"
"PP","Producer Prices","203","Czechia","5531","Producer Price (SLC/tonne)","01443","Rape or colza seed","2017","2017","7021","Annual value","SLC","10573","A","Official value"
"PP","Producer Prices","203","Czechia","5531","Producer Price (SLC/tonne)","01443","Rape or colza seed","2018","2018","7021","Annual value","SLC","9284","A","Official value"
"PP","Producer Prices","203","Czechia","5531","Producer Price (SLC/tonne)","01443","Rape or colza seed","2019","2019","7021","Annual value","SLC","9431","A","Official value"
"PP","Producer Prices","203","Czechia","5531","Producer Price (SLC/tonne)","01443","Rape or colza seed","2020","2020","7021","Annual value","SLC","9884","A","Official value"
"PP","Producer Prices","203","Czechia","5531","Producer Price (SLC/tonne)","01443","Rape or colza seed","2021","2021","7021","Annual value","SLC","12031","A","Official value"
"PP","Producer Prices","203","Czechia","5531","Producer Price (SLC/tonne)","01443","Rape or colza seed","2022","2022","7021","Annual value","SLC","17132","A","Official value"
"PP","Producer Prices","203","Czechia","5531","Producer Price (SLC/tonne)","01443","Rape or colza seed","2023","2023","7021","Annual value","SLC","11904","A","Official value"
"PP","Producer Prices","203","Czechia","5531","Producer Price (SLC/tonne)","01443","Rape or colza seed","2024","2024","7021","Annual value","SLC","11217","A","Official value"
"PP","Producer Prices","203","Czechia","5531","Producer Price (SLC/tonne)","02211","Raw milk of cattle","1993","1993","7021","Annual value","SLC","5809","A","Official value"
"PP","Producer Prices","203","Czechia","5531","Producer Price (SLC/tonne)","02211","Raw milk of cattle","1994","1994","7021","Annual value","SLC","5712","A","Official value"
"PP","Producer Prices","203","Czechia","5531","Producer Price (SLC/tonne)","02211","Raw milk of cattle","1995","1995","7021","Annual value","SLC","6303","A","Official value"
"PP","Producer Prices","203","Czechia","5531","Producer Price (SLC/tonne)","02211","Raw milk of cattle","1996","1996","7021","Annual value","SLC","6713","A","Official value"
"PP","Producer Prices","203","Czechia","5531","Producer Price (SLC/tonne)","02211","Raw milk of cattle","1997","1997","7021","Annual value","SLC","6950","A","Official value"
"PP","Producer Prices","203","Czechia","5531","Producer Price (SLC/tonne)","02211","Raw milk of cattle","1998","1998","7021","Annual value","SLC","7671","A","Official value"
"PP","Producer Prices","203","Czechia","5531","Producer Price (SLC/tonne)","02211","Raw milk of cattle","1999","1999","7021","Annual value","SLC","7050","A","Official value"
"PP","Producer Prices","203","Czechia","5531","Producer Price (SLC/tonne)","02211","Raw milk of cattle","2000","2000","7021","Annual value","SLC","7477","A","Official value"
"PP","Producer Prices","203","Czechia","5531","Producer Price (SLC/tonne)","02211","Raw milk of cattle","2001","2001","7021","Annual value","SLC","7740","A","Official value"
"PP","Producer Prices","203","Czechia","5531","Producer Price (SLC/tonne)","02211","Raw milk of cattle","2002","2002","7021","Annual value","SLC","8065","A","Official value"
"PP","Producer Prices","203","Czechia","5531","Producer Price (SLC/tonne)","02211","Raw milk of cattle","2003","2003","7021","Annual value","SLC","7781","A","Official value"
"PP","Producer Prices","203","Czechia","5531","Producer Price (SLC/tonne)","02211","Raw milk of cattle","2004","2004","7021","Annual value","SLC","7964","A","Official value"
"PP","Producer Prices","203","Czechia","5531","Producer Price (SLC/tonne)","02211","Raw milk of cattle","2005","2005","7021","Annual value","SLC","8237","A","Official value"
"PP","Producer Prices","203","Czechia","5531","Producer Price (SLC/tonne)","02211","Raw milk of cattle","2006","2006","7021","Annual value","SLC","7864","A","Official value"
"PP","Producer Prices","203","Czechia","5531","Producer Price (SLC/tonne)","02211","Raw milk of cattle","2007","2007","7021","Annual value","SLC","8466","A","Official value"
"PP","Producer Prices","203","Czechia","5531","Producer Price (SLC/tonne)","02211","Raw milk of cattle","2008","2008","7021","Annual value","SLC","8756","A","Official value"
"PP","Producer Prices","203","Czechia","5531","Producer Price (SLC/tonne)","02211","Raw milk of cattle","2009","2009","7021","Annual value","SLC","6198","A","Official value"
"PP","Producer Prices","203","Czechia","5531","Producer Price (SLC/tonne)","02211","Raw milk of cattle","2010","2010","7021","Annual value","SLC","7349","A","Official value"
"PP","Producer Prices","203","Czechia","5531","Producer Price (SLC/tonne)","02211","Raw milk of cattle","2011","2011","7021","Annual value","SLC","8274","A","Official value"
"PP","Producer Prices","203","Czechia","5531","Producer Price (SLC/tonne)","02211","Raw milk of cattle","2012","2012","7021","Annual value","SLC","7789","A","Official value"
"PP","Producer Prices","203","Czechia","5531","Producer Price (SLC/tonne)","02211","Raw milk of cattle","2013","2013","7021","Annual value","SLC","8400","A","Official value"
"PP","Producer Prices","203","Czechia","5531","Producer Price (SLC/tonne)","02211","Raw milk of cattle","2014","2014","7021","Annual value","SLC","9500","A","Official value"
"PP","Producer Prices","203","Czechia","5531","Producer Price (SLC/tonne)","02211","Raw milk of cattle","2015","2015","7021","Annual value","SLC","7862","A","Official value"
"PP","Producer Prices","203","Czechia","5531","Producer Price (SLC/tonne)","02211","Raw milk of cattle","2016","2016","7021","Annual value","SLC","6709","A","Official value"
"PP","Producer Prices","203","Czechia","5531","Producer Price (SLC/tonne)","02211","Raw milk of cattle","2017","2017","7021","Annual value","SLC","8437","A","Official value"
"PP","Producer Prices","203","Czechia","5531","Producer Price (SLC/tonne)","02211","Raw milk of cattle","2018","2018","7021","Annual value","SLC","8618","A","Official value"
"PP","Producer Prices","203","Czechia","5531","Producer Price (SLC/tonne)","02211","Raw milk of cattle","2019","2019","7021","Annual value","SLC","8852","A","Official value"
"PP","Producer Prices","203","Czechia","5531","Producer Price (SLC/tonne)","02211","Raw milk of cattle","2020","2020","7021","Annual value","SLC","8557","A","Official value"
"PP","Producer Prices","203","Czechia","5531","Producer Price (SLC/tonne)","02211","Raw milk of cattle","2021","2021","7021","Annual value","SLC","8957","A","Official value"
"PP","Producer Prices","203","Czechia","5531","Producer Price (SLC/tonne)","02211","Raw milk of cattle","2022","2022","7021","Annual value","SLC","11237","A","Official value"
"PP","Producer Prices","203","Czechia","5531","Producer Price (SLC/tonne)","02211","Raw milk of cattle","2023","2023","7021","Annual value","SLC","11290","A","Official value"
"PP","Producer Prices","203","Czechia","5531","Producer Price (SLC/tonne)","02211","Raw milk of cattle","2024","2024","7021","Annual value","SLC","11311","A","Official value"
"PP","Producer Prices","203","Czechia","5531","Producer Price (SLC/tonne)","02292","Raw milk of goats","1993","1993","7021","Annual value","SLC","5350","A","Official value"
"PP","Producer Prices","203","Czechia","5531","Producer Price (SLC/tonne)","0116","Rye","1993","1993","7021","Annual value","SLC","2699","A","Official value"
"PP","Producer Prices","203","Czechia","5531","Producer Price (SLC/tonne)","0116","Rye","1994","1994","7021","Annual value","SLC","2427","A","Official value"
"PP","Producer Prices","203","Czechia","5531","Producer Price (SLC/tonne)","0116","Rye","1995","1995","7021","Annual value","SLC","2401","A","Official value"
"PP","Producer Prices","203","Czechia","5531","Producer Price (SLC/tonne)","0116","Rye","1996","1996","7021","Annual value","SLC","3512","A","Official value"
"PP","Producer Prices","203","Czechia","5531","Producer Price (SLC/tonne)","0116","Rye","1997","1997","7021","Annual value","SLC","3762","A","Official value"
"PP","Producer Prices","203","Czechia","5531","Producer Price (SLC/tonne)","0116","Rye","1998","1998","7021","Annual value","SLC","3533","A","Official value"
"PP","Producer Prices","203","Czechia","5531","Producer Price (SLC/tonne)","0116","Rye","1999","1999","7021","Annual value","SLC","2693","A","Official value"
"PP","Producer Prices","203","Czechia","5531","Producer Price (SLC/tonne)","0116","Rye","2000","2000","7021","Annual value","SLC","2710","A","Official value"
"PP","Producer Prices","203","Czechia","5531","Producer Price (SLC/tonne)","0116","Rye","2001","2001","7021","Annual value","SLC","3805","A","Official value"
"PP","Producer Prices","203","Czechia","5531","Producer Price (SLC/tonne)","0116","Rye","2002","2002","7021","Annual value","SLC","3700","A","Official value"
"PP","Producer Prices","203","Czechia","5531","Producer Price (SLC/tonne)","0116","Rye","2003","2003","7021","Annual value","SLC","3521","A","Official value"
"PP","Producer Prices","203","Czechia","5531","Producer Price (SLC/tonne)","0116","Rye","2004","2004","7021","Annual value","SLC","3517","A","Official value"
"PP","Producer Prices","203","Czechia","5531","Producer Price (SLC/tonne)","0116","Rye","2005","2005","7021","Annual value","SLC","2358","A","Official value"
"PP","Producer Prices","203","Czechia","5531","Producer Price (SLC/tonne)","0116","Rye","2006","2006","7021","Annual value","SLC","2852","A","Official value"
"PP","Producer Prices","203","Czechia","5531","Producer Price (SLC/tonne)","0116","Rye","2007","2007","7021","Annual value","SLC","4386","A","Official value"
"PP","Producer Prices","203","Czechia","5531","Producer Price (SLC/tonne)","0116","Rye","2008","2008","7021","Annual value","SLC","4789","A","Official value"
"PP","Producer Prices","203","Czechia","5531","Producer Price (SLC/tonne)","0116","Rye","2009","2009","7021","Annual value","SLC","2645","A","Official value"
"PP","Producer Prices","203","Czechia","5531","Producer Price (SLC/tonne)","0116","Rye","2010","2010","7021","Annual value","SLC","2852","A","Official value"
"PP","Producer Prices","203","Czechia","5531","Producer Price (SLC/tonne)","0116","Rye","2011","2011","7021","Annual value","SLC","4726","A","Official value"
"PP","Producer Prices","203","Czechia","5531","Producer Price (SLC/tonne)","0116","Rye","2012","2012","7021","Annual value","SLC","5108","A","Official value"
"PP","Producer Prices","203","Czechia","5531","Producer Price (SLC/tonne)","0116","Rye","2013","2013","7021","Annual value","SLC","4621","A","Official value"
"PP","Producer Prices","203","Czechia","5531","Producer Price (SLC/tonne)","0116","Rye","2014","2014","7021","Annual value","SLC","3931","A","Official value"
"PP","Producer Prices","203","Czechia","5531","Producer Price (SLC/tonne)","0116","Rye","2015","2015","7021","Annual value","SLC","3917","A","Official value"
"PP","Producer Prices","203","Czechia","5531","Producer Price (SLC/tonne)","0116","Rye","2016","2016","7021","Annual value","SLC","3751","A","Official value"
"PP","Producer Prices","203","Czechia","5531","Producer Price (SLC/tonne)","0116","Rye","2017","2017","7021","Annual value","SLC","3838","A","Official value"
"PP","Producer Prices","203","Czechia","5531","Producer Price (SLC/tonne)","0116","Rye","2018","2018","7021","Annual value","SLC","4175","A","Official value"
"PP","Producer Prices","203","Czechia","5531","Producer Price (SLC/tonne)","0116","Rye","2019","2019","7021","Annual value","SLC","4254","A","Official value"
"PP","Producer Prices","203","Czechia","5531","Producer Price (SLC/tonne)","0116","Rye","2020","2020","7021","Annual value","SLC","3841","A","Official value"
"PP","Producer Prices","203","Czechia","5531","Producer Price (SLC/tonne)","0116","Rye","2021","2021","7021","Annual value","SLC","4075","A","Official value"
"PP","Producer Prices","203","Czechia","5531","Producer Price (SLC/tonne)","0116","Rye","2022","2022","7021","Annual value","SLC","6838","A","Official value"
"PP","Producer Prices","203","Czechia","5531","Producer Price (SLC/tonne)","0116","Rye","2023","2023","7021","Annual value","SLC","5814","A","Official value"
"PP","Producer Prices","203","Czechia","5531","Producer Price (SLC/tonne)","0116","Rye","2024","2024","7021","Annual value","SLC","4697","A","Official value"
"PP","Producer Prices","203","Czechia","5531","Producer Price (SLC/tonne)","02941","Shorn wool, greasy, including fleece-washed shorn wool","1993","1993","7021","Annual value","SLC","36070","A","Official value"
"PP","Producer Prices","203","Czechia","5531","Producer Price (SLC/tonne)","01344.01","Sour cherries","1993","1993","7021","Annual value","SLC","8105","A","Official value"
"PP","Producer Prices","203","Czechia","5531","Producer Price (SLC/tonne)","01344.01","Sour cherries","2012","2012","7021","Annual value","SLC","18307","A","Official value"
"PP","Producer Prices","203","Czechia","5531","Producer Price (SLC/tonne)","01344.01","Sour cherries","2013","2013","7021","Annual value","SLC","15339","A","Official value"
"PP","Producer Prices","203","Czechia","5531","Producer Price (SLC/tonne)","01344.01","Sour cherries","2014","2014","7021","Annual value","SLC","9908","A","Official value"
"PP","Producer Prices","203","Czechia","5531","Producer Price (SLC/tonne)","01344.01","Sour cherries","2015","2015","7021","Annual value","SLC","11354","A","Official value"
"PP","Producer Prices","203","Czechia","5531","Producer Price (SLC/tonne)","01344.01","Sour cherries","2016","2016","7021","Annual value","SLC","12096","A","Official value"
"PP","Producer Prices","203","Czechia","5531","Producer Price (SLC/tonne)","01344.01","Sour cherries","2017","2017","7021","Annual value","SLC","18978","A","Official value"
"PP","Producer Prices","203","Czechia","5531","Producer Price (SLC/tonne)","01344.01","Sour cherries","2018","2018","7021","Annual value","SLC","8647","A","Official value"
"PP","Producer Prices","203","Czechia","5531","Producer Price (SLC/tonne)","01344.01","Sour cherries","2019","2019","7021","Annual value","SLC","15834","A","Official value"
"PP","Producer Prices","203","Czechia","5531","Producer Price (SLC/tonne)","01344.01","Sour cherries","2020","2020","7021","Annual value","SLC","11207","A","Official value"
"PP","Producer Prices","203","Czechia","5531","Producer Price (SLC/tonne)","01344.01","Sour cherries","2021","2021","7021","Annual value","SLC","8710","A","Official value"
"PP","Producer Prices","203","Czechia","5531","Producer Price (SLC/tonne)","01344.01","Sour cherries","2022","2022","7021","Annual value","SLC","12312","A","Official value"
"PP","Producer Prices","203","Czechia","5531","Producer Price (SLC/tonne)","01344.01","Sour cherries","2023","2023","7021","Annual value","SLC","10509","A","Official value"
"PP","Producer Prices","203","Czechia","5531","Producer Price (SLC/tonne)","01344.01","Sour cherries","2024","2024","7021","Annual value","SLC","19057","A","Official value"
"PP","Producer Prices","203","Czechia","5531","Producer Price (SLC/tonne)","0141","Soya beans","2021","2021","7021","Annual value","SLC","10666","A","Official value"
"PP","Producer Prices","203","Czechia","5531","Producer Price (SLC/tonne)","0141","Soya beans","2022","2022","7021","Annual value","SLC","14880","A","Official value"
"PP","Producer Prices","203","Czechia","5531","Producer Price (SLC/tonne)","0141","Soya beans","2023","2023","7021","Annual value","SLC","12707","A","Official value"
"PP","Producer Prices","203","Czechia","5531","Producer Price (SLC/tonne)","0141","Soya beans","2024","2024","7021","Annual value","SLC","10884","A","Official value"
"PP","Producer Prices","203","Czechia","5531","Producer Price (SLC/tonne)","01215","Spinach","1993","1993","7021","Annual value","SLC","2399","A","Official value"
"PP","Producer Prices","203","Czechia","5531","Producer Price (SLC/tonne)","01215","Spinach","1994","1994","7021","Annual value","SLC","2000","A","Official value"
"PP","Producer Prices","203","Czechia","5531","Producer Price (SLC/tonne)","01215","Spinach","1995","1995","7021","Annual value","SLC","2062","A","Official value"
"PP","Producer Prices","203","Czechia","5531","Producer Price (SLC/tonne)","01215","Spinach","1996","1996","7021","Annual value","SLC","2850","A","Official value"
"PP","Producer Prices","203","Czechia","5531","Producer Price (SLC/tonne)","01215","Spinach","1997","1997","7021","Annual value","SLC","3055","A","Official value"
"PP","Producer Prices","203","Czechia","5531","Producer Price (SLC/tonne)","01215","Spinach","1998","1998","7021","Annual value","SLC","2758","A","Official value"
"PP","Producer Prices","203","Czechia","5531","Producer Price (SLC/tonne)","01215","Spinach","1999","1999","7021","Annual value","SLC","2990","A","Official value"
"PP","Producer Prices","203","Czechia","5531","Producer Price (SLC/tonne)","01215","Spinach","2000","2000","7021","Annual value","SLC","3233","A","Official value"
"PP","Producer Prices","203","Czechia","5531","Producer Price (SLC/tonne)","01215","Spinach","2001","2001","7021","Annual value","SLC","3147","A","Official value"
"PP","Producer Prices","203","Czechia","5531","Producer Price (SLC/tonne)","01215","Spinach","2002","2002","7021","Annual value","SLC","2758","A","Official value"
"PP","Producer Prices","203","Czechia","5531","Producer Price (SLC/tonne)","01215","Spinach","2003","2003","7021","Annual value","SLC","2990","A","Official value"
"PP","Producer Prices","203","Czechia","5531","Producer Price (SLC/tonne)","01215","Spinach","2004","2004","7021","Annual value","SLC","3233","A","Official value"
"PP","Producer Prices","203","Czechia","5531","Producer Price (SLC/tonne)","01215","Spinach","2005","2005","7021","Annual value","SLC","2836","A","Official value"
"PP","Producer Prices","203","Czechia","5531","Producer Price (SLC/tonne)","01215","Spinach","2006","2006","7021","Annual value","SLC","2887","A","Official value"
"PP","Producer Prices","203","Czechia","5531","Producer Price (SLC/tonne)","01215","Spinach","2007","2007","7021","Annual value","SLC","2451","A","Official value"
"PP","Producer Prices","203","Czechia","5531","Producer Price (SLC/tonne)","01215","Spinach","2008","2008","7021","Annual value","SLC","2450","A","Official value"
"PP","Producer Prices","203","Czechia","5531","Producer Price (SLC/tonne)","01215","Spinach","2009","2009","7021","Annual value","SLC","2462","A","Official value"
"PP","Producer Prices","203","Czechia","5531","Producer Price (SLC/tonne)","01215","Spinach","2010","2010","7021","Annual value","SLC","2492","A","Official value"
"PP","Producer Prices","203","Czechia","5531","Producer Price (SLC/tonne)","01215","Spinach","2011","2011","7021","Annual value","SLC","2505","A","Official value"
"PP","Producer Prices","203","Czechia","5531","Producer Price (SLC/tonne)","01215","Spinach","2012","2012","7021","Annual value","SLC","2604","A","Official value"
"PP","Producer Prices","203","Czechia","5531","Producer Price (SLC/tonne)","01354","Strawberries","1993","1993","7021","Annual value","SLC","25230","A","Official value"
"PP","Producer Prices","203","Czechia","5531","Producer Price (SLC/tonne)","01354","Strawberries","1994","1994","7021","Annual value","SLC","23263","A","Official value"
"PP","Producer Prices","203","Czechia","5531","Producer Price (SLC/tonne)","01354","Strawberries","1995","1995","7021","Annual value","SLC","24235","A","Official value"
"PP","Producer Prices","203","Czechia","5531","Producer Price (SLC/tonne)","01354","Strawberries","1996","1996","7021","Annual value","SLC","26527","A","Official value"
"PP","Producer Prices","203","Czechia","5531","Producer Price (SLC/tonne)","01354","Strawberries","1997","1997","7021","Annual value","SLC","25970","A","Official value"
"PP","Producer Prices","203","Czechia","5531","Producer Price (SLC/tonne)","01354","Strawberries","1998","1998","7021","Annual value","SLC","25862","A","Official value"
"PP","Producer Prices","203","Czechia","5531","Producer Price (SLC/tonne)","01354","Strawberries","1999","1999","7021","Annual value","SLC","29256","A","Official value"
"PP","Producer Prices","203","Czechia","5531","Producer Price (SLC/tonne)","01354","Strawberries","2000","2000","7021","Annual value","SLC","34684","A","Official value"
"PP","Producer Prices","203","Czechia","5531","Producer Price (SLC/tonne)","01354","Strawberries","2001","2001","7021","Annual value","SLC","32832","A","Official value"
"PP","Producer Prices","203","Czechia","5531","Producer Price (SLC/tonne)","01354","Strawberries","2002","2002","7021","Annual value","SLC","29502","A","Official value"
"PP","Producer Prices","203","Czechia","5531","Producer Price (SLC/tonne)","01354","Strawberries","2003","2003","7021","Annual value","SLC","41861","A","Official value"
"PP","Producer Prices","203","Czechia","5531","Producer Price (SLC/tonne)","01354","Strawberries","2004","2004","7021","Annual value","SLC","38755","A","Official value"
"PP","Producer Prices","203","Czechia","5531","Producer Price (SLC/tonne)","01354","Strawberries","2005","2005","7021","Annual value","SLC","31804","A","Official value"
"PP","Producer Prices","203","Czechia","5531","Producer Price (SLC/tonne)","01354","Strawberries","2006","2006","7021","Annual value","SLC","34683","A","Official value"
"PP","Producer Prices","203","Czechia","5531","Producer Price (SLC/tonne)","01354","Strawberries","2007","2007","7021","Annual value","SLC","47072","A","Official value"
"PP","Producer Prices","203","Czechia","5531","Producer Price (SLC/tonne)","01354","Strawberries","2008","2008","7021","Annual value","SLC","51717","A","Official value"
"PP","Producer Prices","203","Czechia","5531","Producer Price (SLC/tonne)","01354","Strawberries","2009","2009","7021","Annual value","SLC","37960","A","Official value"
"PP","Producer Prices","203","Czechia","5531","Producer Price (SLC/tonne)","01354","Strawberries","2010","2010","7021","Annual value","SLC","41951","A","Official value"
"PP","Producer Prices","203","Czechia","5531","Producer Price (SLC/tonne)","01354","Strawberries","2011","2011","7021","Annual value","SLC","41872","A","Official value"
"PP","Producer Prices","203","Czechia","5531","Producer Price (SLC/tonne)","01354","Strawberries","2012","2012","7021","Annual value","SLC","51341","A","Official value"
"PP","Producer Prices","203","Czechia","5531","Producer Price (SLC/tonne)","01354","Strawberries","2013","2013","7021","Annual value","SLC","49125","A","Official value"
"PP","Producer Prices","203","Czechia","5531","Producer Price (SLC/tonne)","01354","Strawberries","2014","2014","7021","Annual value","SLC","48500","A","Official value"
"PP","Producer Prices","203","Czechia","5531","Producer Price (SLC/tonne)","01354","Strawberries","2015","2015","7021","Annual value","SLC","63667","A","Official value"
"PP","Producer Prices","203","Czechia","5531","Producer Price (SLC/tonne)","01354","Strawberries","2016","2016","7021","Annual value","SLC","67833","A","Official value"
"PP","Producer Prices","203","Czechia","5531","Producer Price (SLC/tonne)","01354","Strawberries","2017","2017","7021","Annual value","SLC","77325","A","Official value"
"PP","Producer Prices","203","Czechia","5531","Producer Price (SLC/tonne)","01354","Strawberries","2018","2018","7021","Annual value","SLC","89538","A","Official value"
"PP","Producer Prices","203","Czechia","5531","Producer Price (SLC/tonne)","01354","Strawberries","2019","2019","7021","Annual value","SLC","90000","A","Official value"
"PP","Producer Prices","203","Czechia","5531","Producer Price (SLC/tonne)","01354","Strawberries","2020","2020","7021","Annual value","SLC","103705","A","Official value"
"PP","Producer Prices","203","Czechia","5531","Producer Price (SLC/tonne)","01354","Strawberries","2021","2021","7021","Annual value","SLC","104833","A","Official value"
"PP","Producer Prices","203","Czechia","5531","Producer Price (SLC/tonne)","01354","Strawberries","2022","2022","7021","Annual value","SLC","120045","A","Official value"
"PP","Producer Prices","203","Czechia","5531","Producer Price (SLC/tonne)","01354","Strawberries","2023","2023","7021","Annual value","SLC","114652","A","Official value"
"PP","Producer Prices","203","Czechia","5531","Producer Price (SLC/tonne)","01354","Strawberries","2024","2024","7021","Annual value","SLC","114956","A","Official value"
"PP","Producer Prices","203","Czechia","5531","Producer Price (SLC/tonne)","01801","Sugar beet","1993","1993","7021","Annual value","SLC","809","A","Official value"
"PP","Producer Prices","203","Czechia","5531","Producer Price (SLC/tonne)","01801","Sugar beet","1994","1994","7021","Annual value","SLC","683","A","Official value"
"PP","Producer Prices","203","Czechia","5531","Producer Price (SLC/tonne)","01801","Sugar beet","1995","1995","7021","Annual value","SLC","852","A","Official value"
"PP","Producer Prices","203","Czechia","5531","Producer Price (SLC/tonne)","01801","Sugar beet","1996","1996","7021","Annual value","SLC","930","A","Official value"
"PP","Producer Prices","203","Czechia","5531","Producer Price (SLC/tonne)","01801","Sugar beet","1997","1997","7021","Annual value","SLC","848","A","Official value"
"PP","Producer Prices","203","Czechia","5531","Producer Price (SLC/tonne)","01801","Sugar beet","1998","1998","7021","Annual value","SLC","795","A","Official value"
"PP","Producer Prices","203","Czechia","5531","Producer Price (SLC/tonne)","01801","Sugar beet","1999","1999","7021","Annual value","SLC","763","A","Official value"
"PP","Producer Prices","203","Czechia","5531","Producer Price (SLC/tonne)","01801","Sugar beet","2000","2000","7021","Annual value","SLC","829","A","Official value"
"PP","Producer Prices","203","Czechia","5531","Producer Price (SLC/tonne)","01801","Sugar beet","2001","2001","7021","Annual value","SLC","974","A","Official value"
"PP","Producer Prices","203","Czechia","5531","Producer Price (SLC/tonne)","01801","Sugar beet","2002","2002","7021","Annual value","SLC","970","A","Official value"
"PP","Producer Prices","203","Czechia","5531","Producer Price (SLC/tonne)","01801","Sugar beet","2003","2003","7021","Annual value","SLC","938","A","Official value"
"PP","Producer Prices","203","Czechia","5531","Producer Price (SLC/tonne)","01801","Sugar beet","2004","2004","7021","Annual value","SLC","1124","A","Official value"
"PP","Producer Prices","203","Czechia","5531","Producer Price (SLC/tonne)","01801","Sugar beet","2005","2005","7021","Annual value","SLC","1296","A","Official value"
"PP","Producer Prices","203","Czechia","5531","Producer Price (SLC/tonne)","01801","Sugar beet","2006","2006","7021","Annual value","SLC","1029","A","Official value"
"PP","Producer Prices","203","Czechia","5531","Producer Price (SLC/tonne)","01801","Sugar beet","2007","2007","7021","Annual value","SLC","860","A","Official value"
"PP","Producer Prices","203","Czechia","5531","Producer Price (SLC/tonne)","01801","Sugar beet","2008","2008","7021","Annual value","SLC","806","A","Official value"
"PP","Producer Prices","203","Czechia","5531","Producer Price (SLC/tonne)","01801","Sugar beet","2009","2009","7021","Annual value","SLC","772","A","Official value"
"PP","Producer Prices","203","Czechia","5531","Producer Price (SLC/tonne)","01801","Sugar beet","2010","2010","7021","Annual value","SLC","710","A","Official value"
"PP","Producer Prices","203","Czechia","5531","Producer Price (SLC/tonne)","01801","Sugar beet","2011","2011","7021","Annual value","SLC","704","A","Official value"
"PP","Producer Prices","203","Czechia","5531","Producer Price (SLC/tonne)","01801","Sugar beet","2012","2012","7021","Annual value","SLC","812","A","Official value"
"PP","Producer Prices","203","Czechia","5531","Producer Price (SLC/tonne)","01801","Sugar beet","2013","2013","7021","Annual value","SLC","825","A","Official value"
"PP","Producer Prices","203","Czechia","5531","Producer Price (SLC/tonne)","01801","Sugar beet","2014","2014","7021","Annual value","SLC","818","A","Official value"
"PP","Producer Prices","203","Czechia","5531","Producer Price (SLC/tonne)","01801","Sugar beet","2015","2015","7021","Annual value","SLC","852","A","Official value"
"PP","Producer Prices","203","Czechia","5531","Producer Price (SLC/tonne)","01801","Sugar beet","2016","2016","7021","Annual value","SLC","852","A","Official value"
"PP","Producer Prices","203","Czechia","5531","Producer Price (SLC/tonne)","01801","Sugar beet","2017","2017","7021","Annual value","SLC","808","A","Official value"
"PP","Producer Prices","203","Czechia","5531","Producer Price (SLC/tonne)","01801","Sugar beet","2018","2018","7021","Annual value","SLC","820","A","Official value"
"PP","Producer Prices","203","Czechia","5531","Producer Price (SLC/tonne)","01801","Sugar beet","2019","2019","7021","Annual value","SLC","693","A","Official value"
"PP","Producer Prices","203","Czechia","5531","Producer Price (SLC/tonne)","01801","Sugar beet","2020","2020","7021","Annual value","SLC","700","A","Official value"
"PP","Producer Prices","203","Czechia","5531","Producer Price (SLC/tonne)","01801","Sugar beet","2021","2021","7021","Annual value","SLC","768","A","Official value"
"PP","Producer Prices","203","Czechia","5531","Producer Price (SLC/tonne)","01801","Sugar beet","2022","2022","7021","Annual value","SLC","771","A","Official value"
"PP","Producer Prices","203","Czechia","5531","Producer Price (SLC/tonne)","01801","Sugar beet","2023","2023","7021","Annual value","SLC","868","A","Official value"
"PP","Producer Prices","203","Czechia","5531","Producer Price (SLC/tonne)","01801","Sugar beet","2024","2024","7021","Annual value","SLC","914","A","Official value"
"PP","Producer Prices","203","Czechia","5531","Producer Price (SLC/tonne)","01445","Sunflower seed","1993","1993","7021","Annual value","SLC","6459","A","Official value"
"PP","Producer Prices","203","Czechia","5531","Producer Price (SLC/tonne)","01445","Sunflower seed","1994","1994","7021","Annual value","SLC","6605","A","Official value"
"PP","Producer Prices","203","Czechia","5531","Producer Price (SLC/tonne)","01445","Sunflower seed","1995","1995","7021","Annual value","SLC","6594","A","Official value"
"PP","Producer Prices","203","Czechia","5531","Producer Price (SLC/tonne)","01445","Sunflower seed","1996","1996","7021","Annual value","SLC","7577","A","Official value"
"PP","Producer Prices","203","Czechia","5531","Producer Price (SLC/tonne)","01445","Sunflower seed","1997","1997","7021","Annual value","SLC","6933","A","Official value"
"PP","Producer Prices","203","Czechia","5531","Producer Price (SLC/tonne)","01445","Sunflower seed","1998","1998","7021","Annual value","SLC","7615","A","Official value"
"PP","Producer Prices","203","Czechia","5531","Producer Price (SLC/tonne)","01445","Sunflower seed","1999","1999","7021","Annual value","SLC","7012","A","Official value"
"PP","Producer Prices","203","Czechia","5531","Producer Price (SLC/tonne)","01445","Sunflower seed","2000","2000","7021","Annual value","SLC","7662","A","Official value"
"PP","Producer Prices","203","Czechia","5531","Producer Price (SLC/tonne)","01445","Sunflower seed","2001","2001","7021","Annual value","SLC","8784","A","Official value"
"PP","Producer Prices","203","Czechia","5531","Producer Price (SLC/tonne)","01445","Sunflower seed","2002","2002","7021","Annual value","SLC","8110","A","Official value"
"PP","Producer Prices","203","Czechia","5531","Producer Price (SLC/tonne)","01445","Sunflower seed","2003","2003","7021","Annual value","SLC","8053","A","Official value"
"PP","Producer Prices","203","Czechia","5531","Producer Price (SLC/tonne)","01445","Sunflower seed","2004","2004","7021","Annual value","SLC","7360","A","Official value"
"PP","Producer Prices","203","Czechia","5531","Producer Price (SLC/tonne)","01445","Sunflower seed","2005","2005","7021","Annual value","SLC","6443","A","Official value"
"PP","Producer Prices","203","Czechia","5531","Producer Price (SLC/tonne)","01445","Sunflower seed","2006","2006","7021","Annual value","SLC","6192","A","Official value"
"PP","Producer Prices","203","Czechia","5531","Producer Price (SLC/tonne)","01445","Sunflower seed","2007","2007","7021","Annual value","SLC","7455","A","Official value"
"PP","Producer Prices","203","Czechia","5531","Producer Price (SLC/tonne)","01445","Sunflower seed","2008","2008","7021","Annual value","SLC","9287","A","Official value"
"PP","Producer Prices","203","Czechia","5531","Producer Price (SLC/tonne)","01445","Sunflower seed","2009","2009","7021","Annual value","SLC","7084","A","Official value"
"PP","Producer Prices","203","Czechia","5531","Producer Price (SLC/tonne)","01445","Sunflower seed","2010","2010","7021","Annual value","SLC","7161","A","Official value"
"PP","Producer Prices","203","Czechia","5531","Producer Price (SLC/tonne)","01445","Sunflower seed","2011","2011","7021","Annual value","SLC","10240","A","Official value"
"PP","Producer Prices","203","Czechia","5531","Producer Price (SLC/tonne)","01445","Sunflower seed","2012","2012","7021","Annual value","SLC","10477","A","Official value"
"PP","Producer Prices","203","Czechia","5531","Producer Price (SLC/tonne)","01445","Sunflower seed","2013","2013","7021","Annual value","SLC","10610","A","Official value"
"PP","Producer Prices","203","Czechia","5531","Producer Price (SLC/tonne)","01445","Sunflower seed","2014","2014","7021","Annual value","SLC","8447","A","Official value"
"PP","Producer Prices","203","Czechia","5531","Producer Price (SLC/tonne)","01445","Sunflower seed","2015","2015","7021","Annual value","SLC","8892","A","Official value"
"PP","Producer Prices","203","Czechia","5531","Producer Price (SLC/tonne)","01445","Sunflower seed","2016","2016","7021","Annual value","SLC","9566","A","Official value"
"PP","Producer Prices","203","Czechia","5531","Producer Price (SLC/tonne)","01445","Sunflower seed","2017","2017","7021","Annual value","SLC","8932","A","Official value"
"PP","Producer Prices","203","Czechia","5531","Producer Price (SLC/tonne)","01445","Sunflower seed","2018","2018","7021","Annual value","SLC","7876","A","Official value"
"PP","Producer Prices","203","Czechia","5531","Producer Price (SLC/tonne)","01445","Sunflower seed","2019","2019","7021","Annual value","SLC","7477","A","Official value"
"PP","Producer Prices","203","Czechia","5531","Producer Price (SLC/tonne)","01445","Sunflower seed","2020","2020","7021","Annual value","SLC","9185","A","Official value"
"PP","Producer Prices","203","Czechia","5531","Producer Price (SLC/tonne)","01445","Sunflower seed","2021","2021","7021","Annual value","SLC","11145","A","Official value"
"PP","Producer Prices","203","Czechia","5531","Producer Price (SLC/tonne)","01445","Sunflower seed","2022","2022","7021","Annual value","SLC","13857","A","Official value"
"PP","Producer Prices","203","Czechia","5531","Producer Price (SLC/tonne)","01445","Sunflower seed","2023","2023","7021","Annual value","SLC","10584","A","Official value"
"PP","Producer Prices","203","Czechia","5531","Producer Price (SLC/tonne)","01445","Sunflower seed","2024","2024","7021","Annual value","SLC","9624","A","Official value"
"PP","Producer Prices","203","Czechia","5531","Producer Price (SLC/tonne)","01234","Tomatoes","1993","1993","7021","Annual value","SLC","13002","A","Official value"
"PP","Producer Prices","203","Czechia","5531","Producer Price (SLC/tonne)","01234","Tomatoes","1994","1994","7021","Annual value","SLC","17203","A","Official value"
"PP","Producer Prices","203","Czechia","5531","Producer Price (SLC/tonne)","01234","Tomatoes","1995","1995","7021","Annual value","SLC","15353","A","Official value"
"PP","Producer Prices","203","Czechia","5531","Producer Price (SLC/tonne)","01234","Tomatoes","1996","1996","7021","Annual value","SLC","20922","A","Official value"
"PP","Producer Prices","203","Czechia","5531","Producer Price (SLC/tonne)","01234","Tomatoes","1997","1997","7021","Annual value","SLC","19344","A","Official value"
"PP","Producer Prices","203","Czechia","5531","Producer Price (SLC/tonne)","01234","Tomatoes","1998","1998","7021","Annual value","SLC","18830","A","Official value"
"PP","Producer Prices","203","Czechia","5531","Producer Price (SLC/tonne)","01234","Tomatoes","1999","1999","7021","Annual value","SLC","17920","A","Official value"
"PP","Producer Prices","203","Czechia","5531","Producer Price (SLC/tonne)","01234","Tomatoes","2000","2000","7021","Annual value","SLC","21761","A","Official value"
"PP","Producer Prices","203","Czechia","5531","Producer Price (SLC/tonne)","01234","Tomatoes","2001","2001","7021","Annual value","SLC","21031","A","Official value"
"PP","Producer Prices","203","Czechia","5531","Producer Price (SLC/tonne)","01234","Tomatoes","2002","2002","7021","Annual value","SLC","17505","A","Official value"
"PP","Producer Prices","203","Czechia","5531","Producer Price (SLC/tonne)","01234","Tomatoes","2003","2003","7021","Annual value","SLC","18166","A","Official value"
"PP","Producer Prices","203","Czechia","5531","Producer Price (SLC/tonne)","01234","Tomatoes","2004","2004","7021","Annual value","SLC","15079","A","Official value"
"PP","Producer Prices","203","Czechia","5531","Producer Price (SLC/tonne)","01234","Tomatoes","2005","2005","7021","Annual value","SLC","24261","A","Official value"
"PP","Producer Prices","203","Czechia","5531","Producer Price (SLC/tonne)","01234","Tomatoes","2006","2006","7021","Annual value","SLC","24506","A","Official value"
"PP","Producer Prices","203","Czechia","5531","Producer Price (SLC/tonne)","01234","Tomatoes","2007","2007","7021","Annual value","SLC","19986","A","Official value"
"PP","Producer Prices","203","Czechia","5531","Producer Price (SLC/tonne)","01234","Tomatoes","2008","2008","7021","Annual value","SLC","18597","A","Official value"
"PP","Producer Prices","203","Czechia","5531","Producer Price (SLC/tonne)","01234","Tomatoes","2009","2009","7021","Annual value","SLC","17502","A","Official value"
"PP","Producer Prices","203","Czechia","5531","Producer Price (SLC/tonne)","01234","Tomatoes","2010","2010","7021","Annual value","SLC","20716","A","Official value"
"PP","Producer Prices","203","Czechia","5531","Producer Price (SLC/tonne)","01234","Tomatoes","2011","2011","7021","Annual value","SLC","14616","A","Official value"
"PP","Producer Prices","203","Czechia","5531","Producer Price (SLC/tonne)","01234","Tomatoes","2012","2012","7021","Annual value","SLC","20845","A","Official value"
"PP","Producer Prices","203","Czechia","5531","Producer Price (SLC/tonne)","01234","Tomatoes","2013","2013","7021","Annual value","SLC","18076","A","Official value"
"PP","Producer Prices","203","Czechia","5531","Producer Price (SLC/tonne)","01234","Tomatoes","2014","2014","7021","Annual value","SLC","20299","A","Official value"
"PP","Producer Prices","203","Czechia","5531","Producer Price (SLC/tonne)","01234","Tomatoes","2015","2015","7021","Annual value","SLC","23824","A","Official value"
"PP","Producer Prices","203","Czechia","5531","Producer Price (SLC/tonne)","01234","Tomatoes","2016","2016","7021","Annual value","SLC","24615","A","Official value"
"PP","Producer Prices","203","Czechia","5531","Producer Price (SLC/tonne)","01234","Tomatoes","2017","2017","7021","Annual value","SLC","19992","A","Official value"
"PP","Producer Prices","203","Czechia","5531","Producer Price (SLC/tonne)","01234","Tomatoes","2018","2018","7021","Annual value","SLC","22729","A","Official value"
"PP","Producer Prices","203","Czechia","5531","Producer Price (SLC/tonne)","01234","Tomatoes","2019","2019","7021","Annual value","SLC","30526","A","Official value"
"PP","Producer Prices","203","Czechia","5531","Producer Price (SLC/tonne)","01234","Tomatoes","2020","2020","7021","Annual value","SLC","43404","A","Official value"
"PP","Producer Prices","203","Czechia","5531","Producer Price (SLC/tonne)","01234","Tomatoes","2021","2021","7021","Annual value","SLC","38840","A","Official value"
"PP","Producer Prices","203","Czechia","5531","Producer Price (SLC/tonne)","01234","Tomatoes","2022","2022","7021","Annual value","SLC","47098","A","Official value"
"PP","Producer Prices","203","Czechia","5531","Producer Price (SLC/tonne)","01234","Tomatoes","2023","2023","7021","Annual value","SLC","35131","A","Official value"
"PP","Producer Prices","203","Czechia","5531","Producer Price (SLC/tonne)","01234","Tomatoes","2024","2024","7021","Annual value","SLC","46297","A","Official value"
"PP","Producer Prices","203","Czechia","5531","Producer Price (SLC/tonne)","01191","Triticale","2012","2012","7021","Annual value","SLC","4414","A","Official value"
"PP","Producer Prices","203","Czechia","5531","Producer Price (SLC/tonne)","01191","Triticale","2013","2013","7021","Annual value","SLC","4599","A","Official value"
"PP","Producer Prices","203","Czechia","5531","Producer Price (SLC/tonne)","01191","Triticale","2014","2014","7021","Annual value","SLC","3874","A","Official value"
"PP","Producer Prices","203","Czechia","5531","Producer Price (SLC/tonne)","01191","Triticale","2015","2015","7021","Annual value","SLC","3520","A","Official value"
"PP","Producer Prices","203","Czechia","5531","Producer Price (SLC/tonne)","01191","Triticale","2016","2016","7021","Annual value","SLC","3375","A","Official value"
"PP","Producer Prices","203","Czechia","5531","Producer Price (SLC/tonne)","01191","Triticale","2017","2017","7021","Annual value","SLC","3312","A","Official value"
"PP","Producer Prices","203","Czechia","5531","Producer Price (SLC/tonne)","01191","Triticale","2018","2018","7021","Annual value","SLC","3617","A","Official value"
"PP","Producer Prices","203","Czechia","5531","Producer Price (SLC/tonne)","01191","Triticale","2019","2019","7021","Annual value","SLC","3998","A","Official value"
"PP","Producer Prices","203","Czechia","5531","Producer Price (SLC/tonne)","01191","Triticale","2020","2020","7021","Annual value","SLC","3768","A","Official value"
"PP","Producer Prices","203","Czechia","5531","Producer Price (SLC/tonne)","01191","Triticale","2021","2021","7021","Annual value","SLC","4082","A","Official value"
"PP","Producer Prices","203","Czechia","5531","Producer Price (SLC/tonne)","01191","Triticale","2022","2022","7021","Annual value","SLC","6107","A","Official value"
"PP","Producer Prices","203","Czechia","5531","Producer Price (SLC/tonne)","01191","Triticale","2023","2023","7021","Annual value","SLC","5034","A","Official value"
"PP","Producer Prices","203","Czechia","5531","Producer Price (SLC/tonne)","01191","Triticale","2024","2024","7021","Annual value","SLC","3913","A","Official value"
"PP","Producer Prices","203","Czechia","5531","Producer Price (SLC/tonne)","01709.01","Vetches","1993","1993","7021","Annual value","SLC","5650","A","Official value"
"PP","Producer Prices","203","Czechia","5531","Producer Price (SLC/tonne)","01376","Walnuts, in shell","1993","1993","7021","Annual value","SLC","22409","A","Official value"
"PP","Producer Prices","203","Czechia","5531","Producer Price (SLC/tonne)","01376","Walnuts, in shell","1994","1994","7021","Annual value","SLC","19578","A","Official value"
"PP","Producer Prices","203","Czechia","5531","Producer Price (SLC/tonne)","01376","Walnuts, in shell","1995","1995","7021","Annual value","SLC","21508","A","Official value"
"PP","Producer Prices","203","Czechia","5531","Producer Price (SLC/tonne)","01376","Walnuts, in shell","1998","1998","7021","Annual value","SLC","27358","A","Official value"
"PP","Producer Prices","203","Czechia","5531","Producer Price (SLC/tonne)","01376","Walnuts, in shell","1999","1999","7021","Annual value","SLC","24060","A","Official value"
"PP","Producer Prices","203","Czechia","5531","Producer Price (SLC/tonne)","01376","Walnuts, in shell","2000","2000","7021","Annual value","SLC","22762","A","Official value"
"PP","Producer Prices","203","Czechia","5531","Producer Price (SLC/tonne)","01376","Walnuts, in shell","2001","2001","7021","Annual value","SLC","22127","A","Official value"
"PP","Producer Prices","203","Czechia","5531","Producer Price (SLC/tonne)","01376","Walnuts, in shell","2002","2002","7021","Annual value","SLC","23000","A","Official value"
"PP","Producer Prices","203","Czechia","5531","Producer Price (SLC/tonne)","01376","Walnuts, in shell","2003","2003","7021","Annual value","SLC","30000","A","Official value"
"PP","Producer Prices","203","Czechia","5531","Producer Price (SLC/tonne)","01376","Walnuts, in shell","2004","2004","7021","Annual value","SLC","29000","A","Official value"
"PP","Producer Prices","203","Czechia","5531","Producer Price (SLC/tonne)","01376","Walnuts, in shell","2005","2005","7021","Annual value","SLC","29946","A","Official value"
"PP","Producer Prices","203","Czechia","5531","Producer Price (SLC/tonne)","01376","Walnuts, in shell","2006","2006","7021","Annual value","SLC","35000","A","Official value"
"PP","Producer Prices","203","Czechia","5531","Producer Price (SLC/tonne)","01376","Walnuts, in shell","2007","2007","7021","Annual value","SLC","33000","A","Official value"
"PP","Producer Prices","203","Czechia","5531","Producer Price (SLC/tonne)","01376","Walnuts, in shell","2008","2008","7021","Annual value","SLC","32000","A","Official value"
"PP","Producer Prices","203","Czechia","5531","Producer Price (SLC/tonne)","01376","Walnuts, in shell","2009","2009","7021","Annual value","SLC","35000","A","Official value"
"PP","Producer Prices","203","Czechia","5531","Producer Price (SLC/tonne)","01376","Walnuts, in shell","2010","2010","7021","Annual value","SLC","38548","A","Official value"
"PP","Producer Prices","203","Czechia","5531","Producer Price (SLC/tonne)","01376","Walnuts, in shell","2011","2011","7021","Annual value","SLC","40000","A","Official value"
"PP","Producer Prices","203","Czechia","5531","Producer Price (SLC/tonne)","01376","Walnuts, in shell","2012","2012","7021","Annual value","SLC","45478","A","Official value"
"PP","Producer Prices","203","Czechia","5531","Producer Price (SLC/tonne)","01376","Walnuts, in shell","2013","2013","7021","Annual value","SLC","66000","A","Official value"
"PP","Producer Prices","203","Czechia","5531","Producer Price (SLC/tonne)","01376","Walnuts, in shell","2014","2014","7021","Annual value","SLC","80000","A","Official value"
"PP","Producer Prices","203","Czechia","5531","Producer Price (SLC/tonne)","01376","Walnuts, in shell","2015","2015","7021","Annual value","SLC","52500","A","Official value"
"PP","Producer Prices","203","Czechia","5531","Producer Price (SLC/tonne)","0111","Wheat","1993","1993","7021","Annual value","SLC","2947","A","Official value"
"PP","Producer Prices","203","Czechia","5531","Producer Price (SLC/tonne)","0111","Wheat","1994","1994","7021","Annual value","SLC","2667","A","Official value"
"PP","Producer Prices","203","Czechia","5531","Producer Price (SLC/tonne)","0111","Wheat","1995","1995","7021","Annual value","SLC","2471","A","Official value"
"PP","Producer Prices","203","Czechia","5531","Producer Price (SLC/tonne)","0111","Wheat","1996","1996","7021","Annual value","SLC","3506","A","Official value"
"PP","Producer Prices","203","Czechia","5531","Producer Price (SLC/tonne)","0111","Wheat","1997","1997","7021","Annual value","SLC","3937","A","Official value"
"PP","Producer Prices","203","Czechia","5531","Producer Price (SLC/tonne)","0111","Wheat","1998","1998","7021","Annual value","SLC","3448","A","Official value"
"PP","Producer Prices","203","Czechia","5531","Producer Price (SLC/tonne)","0111","Wheat","1999","1999","7021","Annual value","SLC","2787","A","Official value"
"PP","Producer Prices","203","Czechia","5531","Producer Price (SLC/tonne)","0111","Wheat","2000","2000","7021","Annual value","SLC","3402","A","Official value"
"PP","Producer Prices","203","Czechia","5531","Producer Price (SLC/tonne)","0111","Wheat","2001","2001","7021","Annual value","SLC","3933","A","Official value"
"PP","Producer Prices","203","Czechia","5531","Producer Price (SLC/tonne)","0111","Wheat","2002","2002","7021","Annual value","SLC","3399","A","Official value"
"PP","Producer Prices","203","Czechia","5531","Producer Price (SLC/tonne)","0111","Wheat","2003","2003","7021","Annual value","SLC","3375","A","Official value"
"PP","Producer Prices","203","Czechia","5531","Producer Price (SLC/tonne)","0111","Wheat","2004","2004","7021","Annual value","SLC","3900","A","Official value"
"PP","Producer Prices","203","Czechia","5531","Producer Price (SLC/tonne)","0111","Wheat","2005","2005","7021","Annual value","SLC","2748","A","Official value"
"PP","Producer Prices","203","Czechia","5531","Producer Price (SLC/tonne)","0111","Wheat","2006","2006","7021","Annual value","SLC","3099","A","Official value"
"PP","Producer Prices","203","Czechia","5531","Producer Price (SLC/tonne)","0111","Wheat","2007","2007","7021","Annual value","SLC","4209","A","Official value"
"PP","Producer Prices","203","Czechia","5531","Producer Price (SLC/tonne)","0111","Wheat","2008","2008","7021","Annual value","SLC","4798","A","Official value"
"PP","Producer Prices","203","Czechia","5531","Producer Price (SLC/tonne)","0111","Wheat","2009","2009","7021","Annual value","SLC","2744","A","Official value"
"PP","Producer Prices","203","Czechia","5531","Producer Price (SLC/tonne)","0111","Wheat","2010","2010","7021","Annual value","SLC","3171","A","Official value"
"PP","Producer Prices","203","Czechia","5531","Producer Price (SLC/tonne)","0111","Wheat","2011","2011","7021","Annual value","SLC","4681.9","A","Official value"
"PP","Producer Prices","203","Czechia","5531","Producer Price (SLC/tonne)","0111","Wheat","2012","2012","7021","Annual value","SLC","4831.9","A","Official value"
"PP","Producer Prices","203","Czechia","5531","Producer Price (SLC/tonne)","0111","Wheat","2013","2013","7021","Annual value","SLC","5110","A","Official value"
"PP","Producer Prices","203","Czechia","5531","Producer Price (SLC/tonne)","0111","Wheat","2014","2014","7021","Annual value","SLC","4993.9","A","Official value"
"PP","Producer Prices","203","Czechia","5531","Producer Price (SLC/tonne)","0111","Wheat","2015","2015","7021","Annual value","SLC","4129","A","Official value"
"PP","Producer Prices","203","Czechia","5531","Producer Price (SLC/tonne)","0111","Wheat","2016","2016","7021","Annual value","SLC","3619","A","Official value"
"PP","Producer Prices","203","Czechia","5531","Producer Price (SLC/tonne)","0111","Wheat","2017","2017","7021","Annual value","SLC","3736.9","A","Official value"
"PP","Producer Prices","203","Czechia","5531","Producer Price (SLC/tonne)","0111","Wheat","2018","2018","7021","Annual value","SLC","4001","A","Official value"
"PP","Producer Prices","203","Czechia","5531","Producer Price (SLC/tonne)","0111","Wheat","2019","2019","7021","Annual value","SLC","4259","A","Official value"
"PP","Producer Prices","203","Czechia","5531","Producer Price (SLC/tonne)","0111","Wheat","2020","2020","7021","Annual value","SLC","4100","A","Official value"
"PP","Producer Prices","203","Czechia","5531","Producer Price (SLC/tonne)","0111","Wheat","2021","2021","7021","Annual value","SLC","4892","A","Official value"
"PP","Producer Prices","203","Czechia","5531","Producer Price (SLC/tonne)","0111","Wheat","2022","2022","7021","Annual value","SLC","7605","A","Official value"
"PP","Producer Prices","203","Czechia","5531","Producer Price (SLC/tonne)","0111","Wheat","2023","2023","7021","Annual value","SLC","5825","A","Official value"
"PP","Producer Prices","203","Czechia","5531","Producer Price (SLC/tonne)","0111","Wheat","2024","2024","7021","Annual value","SLC","4772","A","Official value"
